sample_id,af_id,source_dataset,article_id,fact,llm_covered,llm_supporting_span,module_keep,module_reasoning,lay_summary,human_covered,human_notes
exp2_human_001,exp2_plos_004_af_0004,PLOS,exp2_plos_004,A conditional Caenorhabditis elegans cytoplasmic dynein heavy chain mutant was screened at a semipermissive temperature with a genome-wide RNA interference library to reduce gene functions.,True,We have performed a genome-wide screen to isolate genes that are involved in dynein-dependent processes.,True,"While the technical details could be paraphrased, the fact that researchers used a genetic screen in C. elegans to study gene function is relevant background that could be generalized for lay readers to understand the study's approach.","Microtubules and microtubule-dependent motor proteins segregate chromosomes during mitosis and also promote cellular organization in nondividing cells . An essential motor protein complex called cytoplasmic dynein powers many aspects of microtubule-dependent transport , but it is currently unclear how dynein is regulated such that it can execute different processes . We have performed a genome-wide screen to isolate genes that are involved in dynein-dependent processes . We determined that 20 of the 49 genes we identified specifically influenced the viability of dynein mutant strains but not the viability of other C . elegans mutants . Many of the proteins that specifically influence dynein localized to subcellular sites where the dynein heavy chain has been reported by others to be found . Additionally , we identified four dynein components that appear to negatively regulate the force-generating dynein heavy chain . The identification and initial characterization of this group of genes represents a route to identify genes that are not themselves essential but do participate in essential processes .",,
exp2_human_002,exp2_plos_001_af_0161,PLOS,exp2_plos_001,Forcing frequencies at which swimming is viable are those that do not trigger the higher deformation modes.,True,We show how the lower deformation modes produce the best forward propulsion of the body. This insight reveals that swimming is viable for small enough frequencies of neuromuscular activation relative to the natural frequencies of the body and for sufficiently stiff elastic properties.,True,"This fact relates to a key mechanism or relationship (the link between forcing frequency and swimming viability) that could plausibly be paraphrased for lay readers to explain how certain conditions affect the outcome studied, supporting the main narrative of the research.","The damped harmonic oscillator framework has been applied to interrogate numerous engineering systems like the tuned mass damper used in power transmission , automobiles , and buildings to reduce vibrations . We apply the same framework to undulatory swimming to understand the emergence of movement due to muscular and/or environmental forcing . It helps elucidate why flexible bodies can indeed be propelled forward by not only the internal muscular forcing but also by external fluid forces as reported earlier in which dead trout were found to swim in the wake of cylinder . We show how forcing triggers the first few deformation modes of the swimmer similar to how the appropriate forcing triggers the fundamental deformation modes on a guitar string . We show how the lower deformation modes produce the best forward propulsion of the body . This insight reveals that swimming is viable for small enough frequencies of neuromuscular activation relative to the natural frequencies of the body and for sufficiently stiff elastic properties . Thus , these results identify the key mechanistic parameters that would have been crucial to the evolutionary emergence of swimming animals . The proposed framework can help understand neural control of movement in swimming as well as control of underwater vehicles .",,
exp2_human_003,exp2_elife_001_af_0188,eLife,exp2_elife_001,Zebrafish embryos at the 1–2 cell stage were injected with aldoca:gap43-Venus and Tol2 transposase mRNA.,False,,False,This fact describes a specific technical methodology (injection of constructs into zebrafish embryos at a particular stage) that is too detailed and procedural for a lay summary and does not contribute to lay understanding of the study's main message.,"Ever wonder how you keep your balance ? This is something that we learn to do as toddlers , and it involves the coordinated effort of various muscles in the body . An area at the base of the brain called the cerebellum controls this effort , and synchronizes our muscles by sending messages in the form of electrical signals along cells called Purkinje neurons . These signals consist of steady ‘tonic’ activity or short ‘bursts’ of activity . Previous studies in unconscious mammals suggest that these neurons can spontaneously switch between the two types of electrical signals . However , it is not clear whether this switch occurs in awake animals , or how these nerve activities control muscle movements . It is technically challenging to record the voltage of single Purkinje neurons of conscious rodents , so Sengupta and Thirumalai avoided this problem by using zebrafish larvae instead . These larvae are small , transparent and lack a skull , which makes it possible to record the activity of the cerebellum using tiny glass electrodes . The experiments show that even when the larvae are awake , the Purkinje cells produce either spontaneous bursts or tonic activity and they can readily switch between the two . The switch is controlled in part by the voltage on the neurons' surface . A positive voltage is called the ‘up’ state , while a negative voltage is dubbed the ‘down’ state . Neurons in the ‘up’ state produced tonic pulses , while neurons in the ‘down’ state produced short bursts of activity with the help of an ion channel called AMPAR . Cells called motor neurons in the spinal cord carry the final command from the nervous system to the muscles . Sengupta and Thirumalai recorded the activity of motor neurons and Purkinje neurons at the same time . This revealed that Purkinje neurons receive a copy of the motor command that goes to the muscle and produce short bursts of electrical activity in response . This effect required AMPAR activity , and was blocked by molecules that inhibit AMPAR . Furthermore , Sengupta and Thirumalai report that the timing of these short bursts with respect to the motor command changes from one Purkinje neuron to another . Future work will investigate how the Purkinje neurons receive and process the information in the motor command .",,
exp2_human_004,exp2_elife_003_af_0080,eLife,exp2_elife_003,The velocity color map showed a clear boundary condition where blood cell velocity is only found inside the boundaries of the vessel lumen.,False,,True,"While somewhat technical, this fact could be paraphrased to explain how the researchers visualized and confirmed that blood flow occurs only within vessels, which may help lay readers understand the study's approach or findings.","The magical twinkling of the night sky is actually the result of imperfections in Earth's atmosphere . Turbulence in the air distorts the light as it passes through , causing it to bend , which blurs the image . To get a clear picture of distant objects , astronomers use a technique called 'adaptive optics' . Deformable mirrors , controlled by computers , bend the light back to correct the distortion . Now , biologists are borrowing the same technique to take a closer look at the blood vessels of the brain . At the moment , functional MRI is one of the most popular imaging techniques for measuring blood flow in the brain . But it can only achieve a resolution of around 1 millimetre , and the tiniest capillaries measure less than a hundredth of a millimetre across . These tiny vessels can be examined surgically , or by injecting dyes into the bloodstream , but these techniques carry a risk . As a result , scientists can only use them in experimental animals . One solution is to look at the vessel network in the back of the eye . The retina is part of the brain and , because the eye is transparent , its blood supply is much easier to see . But imperfections in the eye bend light and blur images of the cells , just like the Earth's atmosphere blurs images of the stars . This is where adaptive optics comes in . Using this technique , it becomes possible to see single red blood cells . Combining adaptive optics with high-speed video could allow us to track cells through the whole network of blood vessels in the eye . At the moment , blood flow measurement techniques either focus on the very big vessels , or the very small ones; they cannot get a complete picture of the whole interconnected system . Now , Joseph et al . have combined adaptive optics , ultrafast imaging , and a new algorithm to view the whole blood vessel network in the eye of a mouse . The new method can automatically measure single blood cells , even when they are moving at their highest possible speed . It can capture the full range of retinal vessels , from the smallest capillaries to the largest arteries and veins . And , by tracking millions of cells at a time , it can reveal how the pressure wave of the blood changes with each beat of the heart . The slightest disruption in blood flow to the brain can cause irreversible damage . So , measuring blood flow is crucial to understanding what happens when things go wrong . This new method is not invasive and uses safe levels of near-infrared light which the retina cannot see , making it safe to use in humans . Joseph et al . have already started their first studies in humans , and the baseline data they have obtained for healthy mice also provides a starting point for comparison with mice with genetic mutations or disease .",,
exp2_human_005,exp2_plos_005_af_0012,PLOS,exp2_plos_005,RNA 5′-capping activity was undetectable or very weak when Tomato mosaic virus (ToMV) 130K protein was expressed alone or with either TOM1 or ARL8 in yeast.,True,We further demonstrate that the replication proteins acquire the ability to synthesize negative-strand ToMV RNA and RNA 5′ cap only in the presence of both TOM1 and ARL8.,True,"This fact describes a key experimental observation about the conditions under which a viral protein's activity is weak or absent, which could be paraphrased to help lay readers understand what is required for the virus's function and why the study's findings matter.","Many important pathogens of plants , animals , and humans are positive-strand RNA viruses . They replicate via complementary RNA in replication complexes formed on host intracellular membranes . In the replication process , not only viral replication proteins but also host factors play important roles . Although many host factors whose knockdown affects the multiplication of positive-strand RNA viruses have been identified , the function of each host factor in virus multiplication is only poorly understood in most instances . In this paper , we show that a host small GTP-binding protein ARL8 is required for the multiplication of Tomato mosaic virus ( ToMV ) , and that it forms a complex with ToMV replication proteins and another essential host factor TOM1 that is a seven-pass transmembrane protein . We further demonstrate that the replication proteins acquire the ability to synthesize negative-strand ToMV RNA and RNA 5′ cap only in the presence of both TOM1 and ARL8 . The replication proteins of ToMV are multifunctional proteins that participate in RNA replication on membranes and RNA silencing suppression in the cytosol . Our results suggest that ToMV replication proteins are programmed to express their replication-related activities only on membranes through interactions with these host membrane proteins .",,
exp2_human_006,exp2_plos_002_af_0027,PLOS,exp2_plos_002,"This work also integrated genomic features of SNPs, using them as priors in a regularized linear model, and found SNPs located in certain regions of the gene to be more predictive of gene expression variation.",True,We also present an extension to our method that integrates different genomic annotations such as location of the genetic variant or its context to differentially weigh the genetic variants in our model and improve predictions.,True,"This fact describes a key methodological approach (using genomic features of SNPs to predict gene expression variation) and a main finding (SNPs in certain gene regions are more predictive), both of which could be paraphrased for lay readers to explain how genetic differences can influence gene expression.","Variation in gene expression across different individuals has been found to play a role in susceptibility to different diseases . In addition , many genetic variants that are linked to changes in expression have been found to date . However , their joint ability to accurately predict these changes is not well understood and has rarely been evaluated . Here , we devise a method that uses multiple genetic variants to explain the variation in expression of genes across individuals . One important aspect of our method is its robustness , in that our predictions agree well between training and test sets . Thus , although the number of genes that could be explained is relatively small , the identity and quantitative degree to which genes can be predicted is known in advance . We also present an extension to our method that integrates different genomic annotations such as location of the genetic variant or its context to differentially weigh the genetic variants in our model and improve predictions . Finally , genes that are successfully predicted have , on average , higher expression and more variability across individuals , providing insight into the characteristics of the types of genes that can be predicted by our method .",,
exp2_human_007,exp2_elife_001_af_0004,eLife,exp2_elife_001,Intracellular recordings from Purkinje neurons in unanesthetized larval zebrafish (Danio rerio) demonstrate membrane bistability in these neurons.,True,"The experiments show that even when the larvae are awake , the Purkinje cells produce either spontaneous bursts or tonic activity and they can readily switch between the two . The switch is controlled in part by the voltage on the neurons' surface . A positive voltage is called the ‘up’ state , while a negative voltage is dubbed the ‘down’ state . Neurons in the ‘up’ state produced tonic pulses , while neurons in the ‘down’ state produced short bursts of activity with the help of an ion channel called AMPAR .",True,"This fact describes a key experimental finding about the behavior of Purkinje neurons in a living animal model, which could be paraphrased for lay readers as a core result relevant to understanding brain function or disease mechanisms.","Ever wonder how you keep your balance ? This is something that we learn to do as toddlers , and it involves the coordinated effort of various muscles in the body . An area at the base of the brain called the cerebellum controls this effort , and synchronizes our muscles by sending messages in the form of electrical signals along cells called Purkinje neurons . These signals consist of steady ‘tonic’ activity or short ‘bursts’ of activity . Previous studies in unconscious mammals suggest that these neurons can spontaneously switch between the two types of electrical signals . However , it is not clear whether this switch occurs in awake animals , or how these nerve activities control muscle movements . It is technically challenging to record the voltage of single Purkinje neurons of conscious rodents , so Sengupta and Thirumalai avoided this problem by using zebrafish larvae instead . These larvae are small , transparent and lack a skull , which makes it possible to record the activity of the cerebellum using tiny glass electrodes . The experiments show that even when the larvae are awake , the Purkinje cells produce either spontaneous bursts or tonic activity and they can readily switch between the two . The switch is controlled in part by the voltage on the neurons' surface . A positive voltage is called the ‘up’ state , while a negative voltage is dubbed the ‘down’ state . Neurons in the ‘up’ state produced tonic pulses , while neurons in the ‘down’ state produced short bursts of activity with the help of an ion channel called AMPAR . Cells called motor neurons in the spinal cord carry the final command from the nervous system to the muscles . Sengupta and Thirumalai recorded the activity of motor neurons and Purkinje neurons at the same time . This revealed that Purkinje neurons receive a copy of the motor command that goes to the muscle and produce short bursts of electrical activity in response . This effect required AMPAR activity , and was blocked by molecules that inhibit AMPAR . Furthermore , Sengupta and Thirumalai report that the timing of these short bursts with respect to the motor command changes from one Purkinje neuron to another . Future work will investigate how the Purkinje neurons receive and process the information in the motor command .",,
exp2_human_008,exp2_elife_003_af_0370,eLife,exp2_elife_003,"The range of vessel diameters studied spanned 3.2–45.8 µm, comprising the smallest to largest vessels in the mouse retinal circulation.",True,"It can capture the full range of retinal vessels, from the smallest capillaries to the largest arteries and veins.",True,"This fact provides important context about the scope of the study by indicating that all vessel sizes in the mouse retina were examined, which could be paraphrased for lay readers to convey the comprehensiveness of the research.","The magical twinkling of the night sky is actually the result of imperfections in Earth's atmosphere . Turbulence in the air distorts the light as it passes through , causing it to bend , which blurs the image . To get a clear picture of distant objects , astronomers use a technique called 'adaptive optics' . Deformable mirrors , controlled by computers , bend the light back to correct the distortion . Now , biologists are borrowing the same technique to take a closer look at the blood vessels of the brain . At the moment , functional MRI is one of the most popular imaging techniques for measuring blood flow in the brain . But it can only achieve a resolution of around 1 millimetre , and the tiniest capillaries measure less than a hundredth of a millimetre across . These tiny vessels can be examined surgically , or by injecting dyes into the bloodstream , but these techniques carry a risk . As a result , scientists can only use them in experimental animals . One solution is to look at the vessel network in the back of the eye . The retina is part of the brain and , because the eye is transparent , its blood supply is much easier to see . But imperfections in the eye bend light and blur images of the cells , just like the Earth's atmosphere blurs images of the stars . This is where adaptive optics comes in . Using this technique , it becomes possible to see single red blood cells . Combining adaptive optics with high-speed video could allow us to track cells through the whole network of blood vessels in the eye . At the moment , blood flow measurement techniques either focus on the very big vessels , or the very small ones; they cannot get a complete picture of the whole interconnected system . Now , Joseph et al . have combined adaptive optics , ultrafast imaging , and a new algorithm to view the whole blood vessel network in the eye of a mouse . The new method can automatically measure single blood cells , even when they are moving at their highest possible speed . It can capture the full range of retinal vessels , from the smallest capillaries to the largest arteries and veins . And , by tracking millions of cells at a time , it can reveal how the pressure wave of the blood changes with each beat of the heart . The slightest disruption in blood flow to the brain can cause irreversible damage . So , measuring blood flow is crucial to understanding what happens when things go wrong . This new method is not invasive and uses safe levels of near-infrared light which the retina cannot see , making it safe to use in humans . Joseph et al . have already started their first studies in humans , and the baseline data they have obtained for healthy mice also provides a starting point for comparison with mice with genetic mutations or disease .",,
exp2_human_009,exp2_elife_002_af_0126,eLife,exp2_elife_002,All Scc2-GFP strains are derivatives of Scc2-GFP from the Yeast GFP Clone Collection.,False,,False,This is a technical detail about the genetic source of yeast strains that is peripheral and not necessary for lay understanding of the study's main findings or implications.,"DNA replication copies the genetic information contained in a cell's chromosomes . A ring-like protein complex , cohesin , holds together each pair of newly-replicated chromosomes , known as ‘sister chromatids’ . When the cell divides , cohesin is cleaved; this allows sister chromatids to separate , so that each daughter cell receives one member of each sister chromatid pair and thereby inherits a full complement of genes . Defects in this process result in severe developmental abnormalities . Moreover , the genes that underlie this process are among the most frequently mutated in cancer . Cohesin is enriched at centromeres: the chromosomal points of attachment to the apparatus ( called the ‘mitotic spindle’ ) that segregates the sister chromatids into the daughter cells . The protein complex that loads cohesin onto chromosomes determines this preferential localization . The two components of the loading complex , Scc2 and Scc4 , associate as a 1:1 pair . Hinshaw et al . used a technique called X-ray crystallography to determine the structure of Scc4 bound with a large fragment of Scc2 . The result showed that the elongated Scc4 twists around the fragment of Scc2 , forming an extended groove . Scc2 snakes through the Scc4 groove and emerges at both ends . Hinshaw et al . then performed a series of experiments in yeast cells to probe how Scc4 determines the location at which cohesin loads onto chromosomes . These experiments revealed that a region on the surface of Scc4 targets both Scc4 and Scc2 to centromeres . The amino-acid sequence of this centromere-targeting patch on the surface of Scc4 is conserved across species . Thus , the mechanism by which Scc4 localizes cohesin to centromeres may be similar in all eukaryotic organisms .",,
exp2_human_010,exp2_elife_003_af_0164,eLife,exp2_elife_003,"For the first time, a functional map of the complete arteriolar tree and venular return of the mouse retina was characterized, with absolute flow measurements performed across all vessel generations and sizes.",True,"It can capture the full range of retinal vessels , from the smallest capillaries to the largest arteries and veins . And , by tracking millions of cells at a time , it can reveal how the pressure wave of the blood changes with each beat of the heart .",True,"This fact describes a novel achievement in mapping and measuring blood flow in the mouse retina, which is a core finding and methodological advance likely to be highlighted in an expert lay summary.","The magical twinkling of the night sky is actually the result of imperfections in Earth's atmosphere . Turbulence in the air distorts the light as it passes through , causing it to bend , which blurs the image . To get a clear picture of distant objects , astronomers use a technique called 'adaptive optics' . Deformable mirrors , controlled by computers , bend the light back to correct the distortion . Now , biologists are borrowing the same technique to take a closer look at the blood vessels of the brain . At the moment , functional MRI is one of the most popular imaging techniques for measuring blood flow in the brain . But it can only achieve a resolution of around 1 millimetre , and the tiniest capillaries measure less than a hundredth of a millimetre across . These tiny vessels can be examined surgically , or by injecting dyes into the bloodstream , but these techniques carry a risk . As a result , scientists can only use them in experimental animals . One solution is to look at the vessel network in the back of the eye . The retina is part of the brain and , because the eye is transparent , its blood supply is much easier to see . But imperfections in the eye bend light and blur images of the cells , just like the Earth's atmosphere blurs images of the stars . This is where adaptive optics comes in . Using this technique , it becomes possible to see single red blood cells . Combining adaptive optics with high-speed video could allow us to track cells through the whole network of blood vessels in the eye . At the moment , blood flow measurement techniques either focus on the very big vessels , or the very small ones; they cannot get a complete picture of the whole interconnected system . Now , Joseph et al . have combined adaptive optics , ultrafast imaging , and a new algorithm to view the whole blood vessel network in the eye of a mouse . The new method can automatically measure single blood cells , even when they are moving at their highest possible speed . It can capture the full range of retinal vessels , from the smallest capillaries to the largest arteries and veins . And , by tracking millions of cells at a time , it can reveal how the pressure wave of the blood changes with each beat of the heart . The slightest disruption in blood flow to the brain can cause irreversible damage . So , measuring blood flow is crucial to understanding what happens when things go wrong . This new method is not invasive and uses safe levels of near-infrared light which the retina cannot see , making it safe to use in humans . Joseph et al . have already started their first studies in humans , and the baseline data they have obtained for healthy mice also provides a starting point for comparison with mice with genetic mutations or disease .",,
exp2_human_011,exp2_elife_005_af_0028,eLife,exp2_elife_005,The remaining 23 African groups are from publicly available datasets from a further eight sub-Saharan African countries.,False,,True,"This fact provides important context about the diversity and geographic scope of the study population, which is relevant for lay readers to understand the generalizability and significance of the research findings.","Our genomes contain a record of historical events . This is because when groups of people are separated for generations , the DNA sequence in the two groups’ genomes will change in different ways . Looking at the differences in the genomes of people from the same population can help researchers to understand and reconstruct the historical interactions that brought their ancestors together . The mixing of two populations that were previously separate is known as admixture . Africa as a continent has few written records of its history . This means that it is somewhat unknown which important movements of people in the past generated the populations found in modern-day Africa . Busby et al . have now attempted to use DNA to look into this and reconstruct the last 4000 years of genetic history in African populations . As has been shown in other regions of the world , the new analysis showed that all African populations are the result of historical admixture events . However , Busby et al . could characterize these events to unprecedented level of detail . For example , multiple ethnic groups from The Gambia and Mali all show signs of sharing the same set of ancestors from West Africa , Europe and Asia who mixed around 2000 years ago . Evidence of a migration of people from Central West Africa , known as the Bantu expansion , could also be detected , and was shown to carry genes to the south and east . An important next step will be to now look at the consequences of the observed gene-flow , and ask if it has contributed to spreading beneficial , or detrimental , mutations around Africa .",,
exp2_human_012,exp2_plos_004_af_0029,PLOS,exp2_plos_004,"Large-scale forward genetic screens have identified genes with requirements similar to those for dynein, but many encode core components of the microtubule cytoskeleton and few are known to directly influence dynein itself.",True,We have performed a genome-wide screen to isolate genes that are involved in dynein-dependent processes . We determined that 20 of the 49 genes we identified specifically influenced the viability of dynein mutant strains but not the viability of other C . elegans mutants . Many of the proteins that specifically influence dynein localized to subcellular sites where the dynein heavy chain has been reported by others to be found .,True,"This fact provides important background about how genetic screens have identified related genes and clarifies that few directly affect dynein, which helps lay readers understand the context and significance of the study's focus on dynein.","Microtubules and microtubule-dependent motor proteins segregate chromosomes during mitosis and also promote cellular organization in nondividing cells . An essential motor protein complex called cytoplasmic dynein powers many aspects of microtubule-dependent transport , but it is currently unclear how dynein is regulated such that it can execute different processes . We have performed a genome-wide screen to isolate genes that are involved in dynein-dependent processes . We determined that 20 of the 49 genes we identified specifically influenced the viability of dynein mutant strains but not the viability of other C . elegans mutants . Many of the proteins that specifically influence dynein localized to subcellular sites where the dynein heavy chain has been reported by others to be found . Additionally , we identified four dynein components that appear to negatively regulate the force-generating dynein heavy chain . The identification and initial characterization of this group of genes represents a route to identify genes that are not themselves essential but do participate in essential processes .",,
exp2_human_013,exp2_plos_004_af_0187,PLOS,exp2_plos_004,Phenotypes were recorded on an Excel spreadsheet and organized in a FileMaker Pro database.,False,,False,This fact describes routine data management procedures that are purely technical and have no bearing on the lay understanding of the study's main findings or significance.,"Microtubules and microtubule-dependent motor proteins segregate chromosomes during mitosis and also promote cellular organization in nondividing cells . An essential motor protein complex called cytoplasmic dynein powers many aspects of microtubule-dependent transport , but it is currently unclear how dynein is regulated such that it can execute different processes . We have performed a genome-wide screen to isolate genes that are involved in dynein-dependent processes . We determined that 20 of the 49 genes we identified specifically influenced the viability of dynein mutant strains but not the viability of other C . elegans mutants . Many of the proteins that specifically influence dynein localized to subcellular sites where the dynein heavy chain has been reported by others to be found . Additionally , we identified four dynein components that appear to negatively regulate the force-generating dynein heavy chain . The identification and initial characterization of this group of genes represents a route to identify genes that are not themselves essential but do participate in essential processes .",,
exp2_human_014,exp2_elife_004_af_0242,eLife,exp2_elife_004,"For Illumina sequencing, 2 × 100 bp paired-end sequencing was performed, yielding 25–30x coverage per sample.",False,,False,"This fact describes technical sequencing parameters and coverage details that are too fine-grained and procedural for a lay summary, and do not affect the main message or lay understanding.","Before a cell divides , it must first copy all of its genetic material . Any mistakes that are made during this process are called mutations . Mutations can give rise to new traits but are mostly harmful to the cells , or cause cancer; therefore , cells have evolved tools that can efficiently spot these mistakes and repair them . One of the main tools is called mismatch repair ( MMR ) . Defects in the cell's mismatch repair tools can wreak havoc as this allows many mutations to accumulate . Zhao et al . looked at the genomes of tumors where mismatch repair was not working properly to see what makes these ‘MMR-deficient tumors’ different from other tumors . This revealed that MMR-deficient tumors have similar patterns of mutations to those seen in egg and sperm cells . This was unexpected and suggests that mutations that are not corrected by mismatch repair are an important source of the genetic differences found between different humans , and between humans and their ancestors . Identifying cancerous tumors that are MMR-deficient is vital , as these tumors tend not to respond to commonly used cancer treatments . However , current clinical methods to identify MMR-deficient tumors often fail or produce results that are difficult to interpret . MMR-deficient tumors commonly contain mutations called indels , where short fragments of DNA are inserted or deleted into longer DNA sequences . Zhao et al . have found 59 indels that can be used to detect MMR-deficient tumors , where each indel had been identified in several tumors taken from different tissues . This new approach allowed MMR-deficiency to be identified in several types of tumor , including colon and ovarian cancers , with greater sensitivity and accuracy than the existing methods . Zhao et al . also found that the indels in MMR-deficient tumors reduce the ability of the tumors to repair a type of DNA damage called double-strand breaks . In these , both strands of DNA that make up the double helix are broken and the DNA chain is severed . As this kind of damage is very harmful to a cell , making more double-strand breaks could therefore form part of a more effective treatment against MMR-deficient tumors; further research is needed to investigate this possibility .",,
exp2_human_015,exp2_elife_004_af_0249,eLife,exp2_elife_004,Somatic mutations were detected by means of the intersectBed command of BEDTools (version 2.12.0) for Illumina sequencing.,False,,False,"This fact describes a specific technical methodology (software command and version) used for mutation detection, which is too detailed and technical for a lay summary and does not affect lay understanding of the study's main findings.","Before a cell divides , it must first copy all of its genetic material . Any mistakes that are made during this process are called mutations . Mutations can give rise to new traits but are mostly harmful to the cells , or cause cancer; therefore , cells have evolved tools that can efficiently spot these mistakes and repair them . One of the main tools is called mismatch repair ( MMR ) . Defects in the cell's mismatch repair tools can wreak havoc as this allows many mutations to accumulate . Zhao et al . looked at the genomes of tumors where mismatch repair was not working properly to see what makes these ‘MMR-deficient tumors’ different from other tumors . This revealed that MMR-deficient tumors have similar patterns of mutations to those seen in egg and sperm cells . This was unexpected and suggests that mutations that are not corrected by mismatch repair are an important source of the genetic differences found between different humans , and between humans and their ancestors . Identifying cancerous tumors that are MMR-deficient is vital , as these tumors tend not to respond to commonly used cancer treatments . However , current clinical methods to identify MMR-deficient tumors often fail or produce results that are difficult to interpret . MMR-deficient tumors commonly contain mutations called indels , where short fragments of DNA are inserted or deleted into longer DNA sequences . Zhao et al . have found 59 indels that can be used to detect MMR-deficient tumors , where each indel had been identified in several tumors taken from different tissues . This new approach allowed MMR-deficiency to be identified in several types of tumor , including colon and ovarian cancers , with greater sensitivity and accuracy than the existing methods . Zhao et al . also found that the indels in MMR-deficient tumors reduce the ability of the tumors to repair a type of DNA damage called double-strand breaks . In these , both strands of DNA that make up the double helix are broken and the DNA chain is severed . As this kind of damage is very harmful to a cell , making more double-strand breaks could therefore form part of a more effective treatment against MMR-deficient tumors; further research is needed to investigate this possibility .",,
exp2_human_016,exp2_elife_003_af_0194,eLife,exp2_elife_003,"Blood cells aggregate in the central portion of the vessel lumen, with a thin cell-free plasma layer next to the vessel walls.",False,,True,"This fact provides important background about blood flow and vessel structure that could help lay readers understand mechanisms or findings related to blood circulation or vascular health, and can be paraphrased in lay-friendly terms.","The magical twinkling of the night sky is actually the result of imperfections in Earth's atmosphere . Turbulence in the air distorts the light as it passes through , causing it to bend , which blurs the image . To get a clear picture of distant objects , astronomers use a technique called 'adaptive optics' . Deformable mirrors , controlled by computers , bend the light back to correct the distortion . Now , biologists are borrowing the same technique to take a closer look at the blood vessels of the brain . At the moment , functional MRI is one of the most popular imaging techniques for measuring blood flow in the brain . But it can only achieve a resolution of around 1 millimetre , and the tiniest capillaries measure less than a hundredth of a millimetre across . These tiny vessels can be examined surgically , or by injecting dyes into the bloodstream , but these techniques carry a risk . As a result , scientists can only use them in experimental animals . One solution is to look at the vessel network in the back of the eye . The retina is part of the brain and , because the eye is transparent , its blood supply is much easier to see . But imperfections in the eye bend light and blur images of the cells , just like the Earth's atmosphere blurs images of the stars . This is where adaptive optics comes in . Using this technique , it becomes possible to see single red blood cells . Combining adaptive optics with high-speed video could allow us to track cells through the whole network of blood vessels in the eye . At the moment , blood flow measurement techniques either focus on the very big vessels , or the very small ones; they cannot get a complete picture of the whole interconnected system . Now , Joseph et al . have combined adaptive optics , ultrafast imaging , and a new algorithm to view the whole blood vessel network in the eye of a mouse . The new method can automatically measure single blood cells , even when they are moving at their highest possible speed . It can capture the full range of retinal vessels , from the smallest capillaries to the largest arteries and veins . And , by tracking millions of cells at a time , it can reveal how the pressure wave of the blood changes with each beat of the heart . The slightest disruption in blood flow to the brain can cause irreversible damage . So , measuring blood flow is crucial to understanding what happens when things go wrong . This new method is not invasive and uses safe levels of near-infrared light which the retina cannot see , making it safe to use in humans . Joseph et al . have already started their first studies in humans , and the baseline data they have obtained for healthy mice also provides a starting point for comparison with mice with genetic mutations or disease .",,
exp2_human_017,exp2_elife_001_af_0015,eLife,exp2_elife_001,The existence of membrane bistability in Purkinje neurons of awake animals has been the subject of debate due to the difficulty of obtaining intracellular recordings from Purkinje neurons of awake animals.,True,"It is technically challenging to record the voltage of single Purkinje neurons of conscious rodents , so Sengupta and Thirumalai avoided this problem by using zebrafish larvae instead .",True,"This fact provides important background context about a debated phenomenon and the technical challenge addressed by the study, which helps lay readers understand the significance and motivation of the research.","Ever wonder how you keep your balance ? This is something that we learn to do as toddlers , and it involves the coordinated effort of various muscles in the body . An area at the base of the brain called the cerebellum controls this effort , and synchronizes our muscles by sending messages in the form of electrical signals along cells called Purkinje neurons . These signals consist of steady ‘tonic’ activity or short ‘bursts’ of activity . Previous studies in unconscious mammals suggest that these neurons can spontaneously switch between the two types of electrical signals . However , it is not clear whether this switch occurs in awake animals , or how these nerve activities control muscle movements . It is technically challenging to record the voltage of single Purkinje neurons of conscious rodents , so Sengupta and Thirumalai avoided this problem by using zebrafish larvae instead . These larvae are small , transparent and lack a skull , which makes it possible to record the activity of the cerebellum using tiny glass electrodes . The experiments show that even when the larvae are awake , the Purkinje cells produce either spontaneous bursts or tonic activity and they can readily switch between the two . The switch is controlled in part by the voltage on the neurons' surface . A positive voltage is called the ‘up’ state , while a negative voltage is dubbed the ‘down’ state . Neurons in the ‘up’ state produced tonic pulses , while neurons in the ‘down’ state produced short bursts of activity with the help of an ion channel called AMPAR . Cells called motor neurons in the spinal cord carry the final command from the nervous system to the muscles . Sengupta and Thirumalai recorded the activity of motor neurons and Purkinje neurons at the same time . This revealed that Purkinje neurons receive a copy of the motor command that goes to the muscle and produce short bursts of electrical activity in response . This effect required AMPAR activity , and was blocked by molecules that inhibit AMPAR . Furthermore , Sengupta and Thirumalai report that the timing of these short bursts with respect to the motor command changes from one Purkinje neuron to another . Future work will investigate how the Purkinje neurons receive and process the information in the motor command .",,
exp2_human_018,exp2_plos_002_af_0092,PLOS,exp2_plos_002,"Integrating genomic features improves the training predictions for only a subset of genes (15–35%, depending on the cross-validation scheme), but the extended KNN algorithm maintains the robustness property of the simple KNN algorithm.",True,"Thus, although the number of genes that could be explained is relatively small, the identity and quantitative degree to which genes can be predicted is known in advance. We also present an extension to our method that integrates different genomic annotations such as location of the genetic variant or its context to differentially weigh the genetic variants in our model and improve predictions. One important aspect of our method is its robustness, in that our predictions agree well between training and test sets.",True,"This fact summarizes a key result about the impact of integrating genomic features and the robustness of the algorithm, which could be paraphrased for lay readers to explain the study's main findings and implications for predictive methods.","Variation in gene expression across different individuals has been found to play a role in susceptibility to different diseases . In addition , many genetic variants that are linked to changes in expression have been found to date . However , their joint ability to accurately predict these changes is not well understood and has rarely been evaluated . Here , we devise a method that uses multiple genetic variants to explain the variation in expression of genes across individuals . One important aspect of our method is its robustness , in that our predictions agree well between training and test sets . Thus , although the number of genes that could be explained is relatively small , the identity and quantitative degree to which genes can be predicted is known in advance . We also present an extension to our method that integrates different genomic annotations such as location of the genetic variant or its context to differentially weigh the genetic variants in our model and improve predictions . Finally , genes that are successfully predicted have , on average , higher expression and more variability across individuals , providing insight into the characteristics of the types of genes that can be predicted by our method .",,
exp2_human_019,exp2_plos_004_af_0003,PLOS,exp2_plos_004,The mechanisms that target and regulate cytoplasmic dynein remain largely unknown.,True,"An essential motor protein complex called cytoplasmic dynein powers many aspects of microtubule-dependent transport, but it is currently unclear how dynein is regulated such that it can execute different processes.",True,"This fact provides important background context about the current knowledge gap that motivates the study, which is relevant for lay readers to understand why the research matters.","Microtubules and microtubule-dependent motor proteins segregate chromosomes during mitosis and also promote cellular organization in nondividing cells . An essential motor protein complex called cytoplasmic dynein powers many aspects of microtubule-dependent transport , but it is currently unclear how dynein is regulated such that it can execute different processes . We have performed a genome-wide screen to isolate genes that are involved in dynein-dependent processes . We determined that 20 of the 49 genes we identified specifically influenced the viability of dynein mutant strains but not the viability of other C . elegans mutants . Many of the proteins that specifically influence dynein localized to subcellular sites where the dynein heavy chain has been reported by others to be found . Additionally , we identified four dynein components that appear to negatively regulate the force-generating dynein heavy chain . The identification and initial characterization of this group of genes represents a route to identify genes that are not themselves essential but do participate in essential processes .",,
exp2_human_020,exp2_elife_004_af_0180,eLife,exp2_elife_004,Ex vivo data suggest that the accumulation of indels in MMR-deficient tumors gradually impairs the DSBR by HR pathway to a level intermediate between cells heterozygous- and homozygous-deficient for BRCA1.,True,Zhao et al . also found that the indels in MMR-deficient tumors reduce the ability of the tumors to repair a type of DNA damage called double-strand breaks .,True,"This fact describes a key mechanistic relationship between genetic deficiencies in tumors and DNA repair pathways, which could be paraphrased for lay readers to explain how certain mutations affect tumor biology and treatment response.","Before a cell divides , it must first copy all of its genetic material . Any mistakes that are made during this process are called mutations . Mutations can give rise to new traits but are mostly harmful to the cells , or cause cancer; therefore , cells have evolved tools that can efficiently spot these mistakes and repair them . One of the main tools is called mismatch repair ( MMR ) . Defects in the cell's mismatch repair tools can wreak havoc as this allows many mutations to accumulate . Zhao et al . looked at the genomes of tumors where mismatch repair was not working properly to see what makes these ‘MMR-deficient tumors’ different from other tumors . This revealed that MMR-deficient tumors have similar patterns of mutations to those seen in egg and sperm cells . This was unexpected and suggests that mutations that are not corrected by mismatch repair are an important source of the genetic differences found between different humans , and between humans and their ancestors . Identifying cancerous tumors that are MMR-deficient is vital , as these tumors tend not to respond to commonly used cancer treatments . However , current clinical methods to identify MMR-deficient tumors often fail or produce results that are difficult to interpret . MMR-deficient tumors commonly contain mutations called indels , where short fragments of DNA are inserted or deleted into longer DNA sequences . Zhao et al . have found 59 indels that can be used to detect MMR-deficient tumors , where each indel had been identified in several tumors taken from different tissues . This new approach allowed MMR-deficiency to be identified in several types of tumor , including colon and ovarian cancers , with greater sensitivity and accuracy than the existing methods . Zhao et al . also found that the indels in MMR-deficient tumors reduce the ability of the tumors to repair a type of DNA damage called double-strand breaks . In these , both strands of DNA that make up the double helix are broken and the DNA chain is severed . As this kind of damage is very harmful to a cell , making more double-strand breaks could therefore form part of a more effective treatment against MMR-deficient tumors; further research is needed to investigate this possibility .",,
exp2_human_021,exp2_plos_003_af_0064,PLOS,exp2_plos_003,The three-dimensional rotations are repeated in different subspaces until convergence.,False,,False,This is a technical methodological detail about data processing that is unlikely to be relevant or understandable to lay readers and does not contribute to the main narrative of a lay summary.,"Proteins are flexible nanomachines that frequently accomplish their biological function by collective atomic motions . Such motions may be characterized by hinge , shear , or rotational motions of entire protein domains , loop movements , or subtle rearrangements of amino acid side chains . In many cases it is far from obvious how collective motions are related to a particular biological task . Therefore , we propose a novel technique termed “functional mode analysis” that , based on an ensemble of structures , aims to detect a collective motion that is directly related to a particular protein function . From the given set of protein structures , together with a “functional quantity” , the technique seeks the collective motion that is maximally correlated to the functional quantity . The chosen functional quantity can be quite general; typical examples could include the openness of a channel , active site geometry , or cleft solvent accessibility . Because the proposed framework is highly general , we expect the approach to be useful to a wide range of applications . To illustrate the new technique , we apply functional mode analysis to molecular dynamics trajectories of a polyalanine-helix , bacteriophage T4 lysozyme , Trp-cage , and Leucine-binding protein .",,
exp2_human_022,exp2_plos_003_af_0201,PLOS,exp2_plos_003,The maximally correlated motion can be biased to compute free energy differences between different functional states using methods such as umbrella sampling.,False,,True,"While technical, this fact relates to how researchers can study the energy differences between functional states, which could be paraphrased in a lay summary to explain how the study reveals differences between biological states using advanced computational methods.","Proteins are flexible nanomachines that frequently accomplish their biological function by collective atomic motions . Such motions may be characterized by hinge , shear , or rotational motions of entire protein domains , loop movements , or subtle rearrangements of amino acid side chains . In many cases it is far from obvious how collective motions are related to a particular biological task . Therefore , we propose a novel technique termed “functional mode analysis” that , based on an ensemble of structures , aims to detect a collective motion that is directly related to a particular protein function . From the given set of protein structures , together with a “functional quantity” , the technique seeks the collective motion that is maximally correlated to the functional quantity . The chosen functional quantity can be quite general; typical examples could include the openness of a channel , active site geometry , or cleft solvent accessibility . Because the proposed framework is highly general , we expect the approach to be useful to a wide range of applications . To illustrate the new technique , we apply functional mode analysis to molecular dynamics trajectories of a polyalanine-helix , bacteriophage T4 lysozyme , Trp-cage , and Leucine-binding protein .",,
exp2_human_023,exp2_elife_005_af_0295,eLife,exp2_elife_005,Quantitative measures of genetic relationships are important for controlling for the potential confounding effects of population structure when genome-wide data are unavailable.,False,,True,"This fact provides important background on why understanding genetic relationships matters in research, which could be paraphrased for lay readers to explain the study's motivation or approach.","Our genomes contain a record of historical events . This is because when groups of people are separated for generations , the DNA sequence in the two groups’ genomes will change in different ways . Looking at the differences in the genomes of people from the same population can help researchers to understand and reconstruct the historical interactions that brought their ancestors together . The mixing of two populations that were previously separate is known as admixture . Africa as a continent has few written records of its history . This means that it is somewhat unknown which important movements of people in the past generated the populations found in modern-day Africa . Busby et al . have now attempted to use DNA to look into this and reconstruct the last 4000 years of genetic history in African populations . As has been shown in other regions of the world , the new analysis showed that all African populations are the result of historical admixture events . However , Busby et al . could characterize these events to unprecedented level of detail . For example , multiple ethnic groups from The Gambia and Mali all show signs of sharing the same set of ancestors from West Africa , Europe and Asia who mixed around 2000 years ago . Evidence of a migration of people from Central West Africa , known as the Bantu expansion , could also be detected , and was shown to carry genes to the south and east . An important next step will be to now look at the consequences of the observed gene-flow , and ask if it has contributed to spreading beneficial , or detrimental , mutations around Africa .",,
exp2_human_024,exp2_plos_004_af_0037,PLOS,exp2_plos_004,Some of the dynein-specific suppressors encode proteins that may overlap with the dynein heavy chain in subcellular localization.,True,Many of the proteins that specifically influence dynein localized to subcellular sites where the dynein heavy chain has been reported by others to be found.,True,"This fact relates to the mechanism by which certain suppressor proteins may interact with or affect dynein function, which could plausibly be paraphrased in a lay summary to help explain how the study's findings contribute to understanding cellular processes.","Microtubules and microtubule-dependent motor proteins segregate chromosomes during mitosis and also promote cellular organization in nondividing cells . An essential motor protein complex called cytoplasmic dynein powers many aspects of microtubule-dependent transport , but it is currently unclear how dynein is regulated such that it can execute different processes . We have performed a genome-wide screen to isolate genes that are involved in dynein-dependent processes . We determined that 20 of the 49 genes we identified specifically influenced the viability of dynein mutant strains but not the viability of other C . elegans mutants . Many of the proteins that specifically influence dynein localized to subcellular sites where the dynein heavy chain has been reported by others to be found . Additionally , we identified four dynein components that appear to negatively regulate the force-generating dynein heavy chain . The identification and initial characterization of this group of genes represents a route to identify genes that are not themselves essential but do participate in essential processes .",,
exp2_human_025,exp2_plos_002_af_0002,PLOS,exp2_plos_002,The ability of genetic variants to predict gene expression of unseen individuals has rarely been evaluated.,True,"However , their joint ability to accurately predict these changes is not well understood and has rarely been evaluated .",True,"This fact provides important background context about the novelty and significance of the study's approach, which helps lay readers understand why the research matters.","Variation in gene expression across different individuals has been found to play a role in susceptibility to different diseases . In addition , many genetic variants that are linked to changes in expression have been found to date . However , their joint ability to accurately predict these changes is not well understood and has rarely been evaluated . Here , we devise a method that uses multiple genetic variants to explain the variation in expression of genes across individuals . One important aspect of our method is its robustness , in that our predictions agree well between training and test sets . Thus , although the number of genes that could be explained is relatively small , the identity and quantitative degree to which genes can be predicted is known in advance . We also present an extension to our method that integrates different genomic annotations such as location of the genetic variant or its context to differentially weigh the genetic variants in our model and improve predictions . Finally , genes that are successfully predicted have , on average , higher expression and more variability across individuals , providing insight into the characteristics of the types of genes that can be predicted by our method .",,
exp2_human_026,exp2_elife_004_af_0259,eLife,exp2_elife_004,"To assess negative selection in the exome, the study checked whether there was a lower mutation frequency in the exome relative to the whole-genome and whether the frequency of somatic mutations was more prominently decreased in the exome.",False,,True,"This fact describes a high-level approach used in the study to assess negative selection in the exome, which is relevant for lay readers to understand what the researchers did and why it matters, and can be paraphrased in lay-friendly terms.","Before a cell divides , it must first copy all of its genetic material . Any mistakes that are made during this process are called mutations . Mutations can give rise to new traits but are mostly harmful to the cells , or cause cancer; therefore , cells have evolved tools that can efficiently spot these mistakes and repair them . One of the main tools is called mismatch repair ( MMR ) . Defects in the cell's mismatch repair tools can wreak havoc as this allows many mutations to accumulate . Zhao et al . looked at the genomes of tumors where mismatch repair was not working properly to see what makes these ‘MMR-deficient tumors’ different from other tumors . This revealed that MMR-deficient tumors have similar patterns of mutations to those seen in egg and sperm cells . This was unexpected and suggests that mutations that are not corrected by mismatch repair are an important source of the genetic differences found between different humans , and between humans and their ancestors . Identifying cancerous tumors that are MMR-deficient is vital , as these tumors tend not to respond to commonly used cancer treatments . However , current clinical methods to identify MMR-deficient tumors often fail or produce results that are difficult to interpret . MMR-deficient tumors commonly contain mutations called indels , where short fragments of DNA are inserted or deleted into longer DNA sequences . Zhao et al . have found 59 indels that can be used to detect MMR-deficient tumors , where each indel had been identified in several tumors taken from different tissues . This new approach allowed MMR-deficiency to be identified in several types of tumor , including colon and ovarian cancers , with greater sensitivity and accuracy than the existing methods . Zhao et al . also found that the indels in MMR-deficient tumors reduce the ability of the tumors to repair a type of DNA damage called double-strand breaks . In these , both strands of DNA that make up the double helix are broken and the DNA chain is severed . As this kind of damage is very harmful to a cell , making more double-strand breaks could therefore form part of a more effective treatment against MMR-deficient tumors; further research is needed to investigate this possibility .",,
exp2_human_027,exp2_elife_003_af_0409,eLife,exp2_elife_003,"Eye motion in the anesthetized mouse has been previously confirmed to be small in the 40 millisecond time regime, relative to blood cell motion.",False,,True,"This fact provides relevant background about the stability of the mouse eye during experiments, which could help lay readers understand why measurements of blood cell motion are feasible and reliable, and could be paraphrased in a lay summary to support the study's methodological context.","The magical twinkling of the night sky is actually the result of imperfections in Earth's atmosphere . Turbulence in the air distorts the light as it passes through , causing it to bend , which blurs the image . To get a clear picture of distant objects , astronomers use a technique called 'adaptive optics' . Deformable mirrors , controlled by computers , bend the light back to correct the distortion . Now , biologists are borrowing the same technique to take a closer look at the blood vessels of the brain . At the moment , functional MRI is one of the most popular imaging techniques for measuring blood flow in the brain . But it can only achieve a resolution of around 1 millimetre , and the tiniest capillaries measure less than a hundredth of a millimetre across . These tiny vessels can be examined surgically , or by injecting dyes into the bloodstream , but these techniques carry a risk . As a result , scientists can only use them in experimental animals . One solution is to look at the vessel network in the back of the eye . The retina is part of the brain and , because the eye is transparent , its blood supply is much easier to see . But imperfections in the eye bend light and blur images of the cells , just like the Earth's atmosphere blurs images of the stars . This is where adaptive optics comes in . Using this technique , it becomes possible to see single red blood cells . Combining adaptive optics with high-speed video could allow us to track cells through the whole network of blood vessels in the eye . At the moment , blood flow measurement techniques either focus on the very big vessels , or the very small ones; they cannot get a complete picture of the whole interconnected system . Now , Joseph et al . have combined adaptive optics , ultrafast imaging , and a new algorithm to view the whole blood vessel network in the eye of a mouse . The new method can automatically measure single blood cells , even when they are moving at their highest possible speed . It can capture the full range of retinal vessels , from the smallest capillaries to the largest arteries and veins . And , by tracking millions of cells at a time , it can reveal how the pressure wave of the blood changes with each beat of the heart . The slightest disruption in blood flow to the brain can cause irreversible damage . So , measuring blood flow is crucial to understanding what happens when things go wrong . This new method is not invasive and uses safe levels of near-infrared light which the retina cannot see , making it safe to use in humans . Joseph et al . have already started their first studies in humans , and the baseline data they have obtained for healthy mice also provides a starting point for comparison with mice with genetic mutations or disease .",,
exp2_human_028,exp2_elife_005_af_0289,eLife,exp2_elife_005,"Within these groups, individuals display a spectrum of different ancestral backgrounds.",True,Looking at the differences in the genomes of people from the same population can help researchers to understand and reconstruct the historical interactions that brought their ancestors together.,True,"This fact provides important context about population diversity, which is often relevant for understanding the generalizability and implications of biomedical research findings in a lay summary.","Our genomes contain a record of historical events . This is because when groups of people are separated for generations , the DNA sequence in the two groups’ genomes will change in different ways . Looking at the differences in the genomes of people from the same population can help researchers to understand and reconstruct the historical interactions that brought their ancestors together . The mixing of two populations that were previously separate is known as admixture . Africa as a continent has few written records of its history . This means that it is somewhat unknown which important movements of people in the past generated the populations found in modern-day Africa . Busby et al . have now attempted to use DNA to look into this and reconstruct the last 4000 years of genetic history in African populations . As has been shown in other regions of the world , the new analysis showed that all African populations are the result of historical admixture events . However , Busby et al . could characterize these events to unprecedented level of detail . For example , multiple ethnic groups from The Gambia and Mali all show signs of sharing the same set of ancestors from West Africa , Europe and Asia who mixed around 2000 years ago . Evidence of a migration of people from Central West Africa , known as the Bantu expansion , could also be detected , and was shown to carry genes to the south and east . An important next step will be to now look at the consequences of the observed gene-flow , and ask if it has contributed to spreading beneficial , or detrimental , mutations around Africa .",,
exp2_human_029,exp2_plos_004_af_0048,PLOS,exp2_plos_004,"Suppressors that only acted on dhc-1, and not on lit-1 and spn-4 temperature-sensitive mutants, are referred to as dynein-specific suppressors.",True,We determined that 20 of the 49 genes we identified specifically influenced the viability of dynein mutant strains but not the viability of other C . elegans mutants .,True,"While technical, this fact could be paraphrased to explain that certain genetic changes specifically affect one protein's function and not others, which may be relevant for understanding the specificity of the study's findings in a lay summary.","Microtubules and microtubule-dependent motor proteins segregate chromosomes during mitosis and also promote cellular organization in nondividing cells . An essential motor protein complex called cytoplasmic dynein powers many aspects of microtubule-dependent transport , but it is currently unclear how dynein is regulated such that it can execute different processes . We have performed a genome-wide screen to isolate genes that are involved in dynein-dependent processes . We determined that 20 of the 49 genes we identified specifically influenced the viability of dynein mutant strains but not the viability of other C . elegans mutants . Many of the proteins that specifically influence dynein localized to subcellular sites where the dynein heavy chain has been reported by others to be found . Additionally , we identified four dynein components that appear to negatively regulate the force-generating dynein heavy chain . The identification and initial characterization of this group of genes represents a route to identify genes that are not themselves essential but do participate in essential processes .",,
exp2_human_030,exp2_elife_003_af_0486,eLife,exp2_elife_003,The standard deviation image that computes pixel variance over time revealed the erythrocyte column by way of motion contrast.,False,,True,"While the statement is technical, it describes a method for visualizing blood cells using motion contrast, which could be paraphrased in a lay summary to explain how researchers observed blood flow or cell movement, supporting the main narrative if visualization of blood cells is central to the study.","The magical twinkling of the night sky is actually the result of imperfections in Earth's atmosphere . Turbulence in the air distorts the light as it passes through , causing it to bend , which blurs the image . To get a clear picture of distant objects , astronomers use a technique called 'adaptive optics' . Deformable mirrors , controlled by computers , bend the light back to correct the distortion . Now , biologists are borrowing the same technique to take a closer look at the blood vessels of the brain . At the moment , functional MRI is one of the most popular imaging techniques for measuring blood flow in the brain . But it can only achieve a resolution of around 1 millimetre , and the tiniest capillaries measure less than a hundredth of a millimetre across . These tiny vessels can be examined surgically , or by injecting dyes into the bloodstream , but these techniques carry a risk . As a result , scientists can only use them in experimental animals . One solution is to look at the vessel network in the back of the eye . The retina is part of the brain and , because the eye is transparent , its blood supply is much easier to see . But imperfections in the eye bend light and blur images of the cells , just like the Earth's atmosphere blurs images of the stars . This is where adaptive optics comes in . Using this technique , it becomes possible to see single red blood cells . Combining adaptive optics with high-speed video could allow us to track cells through the whole network of blood vessels in the eye . At the moment , blood flow measurement techniques either focus on the very big vessels , or the very small ones; they cannot get a complete picture of the whole interconnected system . Now , Joseph et al . have combined adaptive optics , ultrafast imaging , and a new algorithm to view the whole blood vessel network in the eye of a mouse . The new method can automatically measure single blood cells , even when they are moving at their highest possible speed . It can capture the full range of retinal vessels , from the smallest capillaries to the largest arteries and veins . And , by tracking millions of cells at a time , it can reveal how the pressure wave of the blood changes with each beat of the heart . The slightest disruption in blood flow to the brain can cause irreversible damage . So , measuring blood flow is crucial to understanding what happens when things go wrong . This new method is not invasive and uses safe levels of near-infrared light which the retina cannot see , making it safe to use in humans . Joseph et al . have already started their first studies in humans , and the baseline data they have obtained for healthy mice also provides a starting point for comparison with mice with genetic mutations or disease .",,
exp2_human_031,exp2_elife_003_af_0282,eLife,exp2_elife_003,A challenge of the study is the inability to track velocity in all first-generation vessels around the optic disk due to the requirement of an optimal (~5–45°) angle between the vessel and the one-dimensional scanning beam.,False,,True,"This fact explains a limitation of the study's methodology in a way that could be paraphrased for lay readers to understand why some measurements could not be made, which is relevant for interpreting the study's findings and generalizability.","The magical twinkling of the night sky is actually the result of imperfections in Earth's atmosphere . Turbulence in the air distorts the light as it passes through , causing it to bend , which blurs the image . To get a clear picture of distant objects , astronomers use a technique called 'adaptive optics' . Deformable mirrors , controlled by computers , bend the light back to correct the distortion . Now , biologists are borrowing the same technique to take a closer look at the blood vessels of the brain . At the moment , functional MRI is one of the most popular imaging techniques for measuring blood flow in the brain . But it can only achieve a resolution of around 1 millimetre , and the tiniest capillaries measure less than a hundredth of a millimetre across . These tiny vessels can be examined surgically , or by injecting dyes into the bloodstream , but these techniques carry a risk . As a result , scientists can only use them in experimental animals . One solution is to look at the vessel network in the back of the eye . The retina is part of the brain and , because the eye is transparent , its blood supply is much easier to see . But imperfections in the eye bend light and blur images of the cells , just like the Earth's atmosphere blurs images of the stars . This is where adaptive optics comes in . Using this technique , it becomes possible to see single red blood cells . Combining adaptive optics with high-speed video could allow us to track cells through the whole network of blood vessels in the eye . At the moment , blood flow measurement techniques either focus on the very big vessels , or the very small ones; they cannot get a complete picture of the whole interconnected system . Now , Joseph et al . have combined adaptive optics , ultrafast imaging , and a new algorithm to view the whole blood vessel network in the eye of a mouse . The new method can automatically measure single blood cells , even when they are moving at their highest possible speed . It can capture the full range of retinal vessels , from the smallest capillaries to the largest arteries and veins . And , by tracking millions of cells at a time , it can reveal how the pressure wave of the blood changes with each beat of the heart . The slightest disruption in blood flow to the brain can cause irreversible damage . So , measuring blood flow is crucial to understanding what happens when things go wrong . This new method is not invasive and uses safe levels of near-infrared light which the retina cannot see , making it safe to use in humans . Joseph et al . have already started their first studies in humans , and the baseline data they have obtained for healthy mice also provides a starting point for comparison with mice with genetic mutations or disease .",,
exp2_human_032,exp2_elife_001_af_0067,eLife,exp2_elife_001,Sodium action potentials are recruited during depolarizing current injections in Purkinje neurons (N = 5 cells in each condition).,False,,True,"While the mention of sodium action potentials and depolarizing current injections is technical, the fact that Purkinje neurons generate electrical signals in response to stimulation could be paraphrased for lay readers to help explain the study's approach or findings about neuron function.","Ever wonder how you keep your balance ? This is something that we learn to do as toddlers , and it involves the coordinated effort of various muscles in the body . An area at the base of the brain called the cerebellum controls this effort , and synchronizes our muscles by sending messages in the form of electrical signals along cells called Purkinje neurons . These signals consist of steady ‘tonic’ activity or short ‘bursts’ of activity . Previous studies in unconscious mammals suggest that these neurons can spontaneously switch between the two types of electrical signals . However , it is not clear whether this switch occurs in awake animals , or how these nerve activities control muscle movements . It is technically challenging to record the voltage of single Purkinje neurons of conscious rodents , so Sengupta and Thirumalai avoided this problem by using zebrafish larvae instead . These larvae are small , transparent and lack a skull , which makes it possible to record the activity of the cerebellum using tiny glass electrodes . The experiments show that even when the larvae are awake , the Purkinje cells produce either spontaneous bursts or tonic activity and they can readily switch between the two . The switch is controlled in part by the voltage on the neurons' surface . A positive voltage is called the ‘up’ state , while a negative voltage is dubbed the ‘down’ state . Neurons in the ‘up’ state produced tonic pulses , while neurons in the ‘down’ state produced short bursts of activity with the help of an ion channel called AMPAR . Cells called motor neurons in the spinal cord carry the final command from the nervous system to the muscles . Sengupta and Thirumalai recorded the activity of motor neurons and Purkinje neurons at the same time . This revealed that Purkinje neurons receive a copy of the motor command that goes to the muscle and produce short bursts of electrical activity in response . This effect required AMPAR activity , and was blocked by molecules that inhibit AMPAR . Furthermore , Sengupta and Thirumalai report that the timing of these short bursts with respect to the motor command changes from one Purkinje neuron to another . Future work will investigate how the Purkinje neurons receive and process the information in the motor command .",,
exp2_human_033,exp2_plos_004_af_0147,PLOS,exp2_plos_004,"In the authors' feeding RNA interference regimen, dyci-1 (RNAi) produces a larval arrest phenotype similar to that observed for dhc-1.",False,,True,"This fact describes a key experimental observation about gene function (dyci-1 and dhc-1) and their similar effects on development, which could be paraphrased for lay readers to support the study's main narrative about gene roles in larval development.","Microtubules and microtubule-dependent motor proteins segregate chromosomes during mitosis and also promote cellular organization in nondividing cells . An essential motor protein complex called cytoplasmic dynein powers many aspects of microtubule-dependent transport , but it is currently unclear how dynein is regulated such that it can execute different processes . We have performed a genome-wide screen to isolate genes that are involved in dynein-dependent processes . We determined that 20 of the 49 genes we identified specifically influenced the viability of dynein mutant strains but not the viability of other C . elegans mutants . Many of the proteins that specifically influence dynein localized to subcellular sites where the dynein heavy chain has been reported by others to be found . Additionally , we identified four dynein components that appear to negatively regulate the force-generating dynein heavy chain . The identification and initial characterization of this group of genes represents a route to identify genes that are not themselves essential but do participate in essential processes .",,
exp2_human_034,exp2_elife_005_af_0111,eLife,exp2_elife_005,A Z score cut-off of less than 2 was used to decide whether sources from multiple ancestries best describe the admixture source.,False,,False,"This fact describes a specific technical threshold used in data analysis, which is a methodological detail unlikely to be necessary for lay understanding of the study's main findings or implications.","Our genomes contain a record of historical events . This is because when groups of people are separated for generations , the DNA sequence in the two groups’ genomes will change in different ways . Looking at the differences in the genomes of people from the same population can help researchers to understand and reconstruct the historical interactions that brought their ancestors together . The mixing of two populations that were previously separate is known as admixture . Africa as a continent has few written records of its history . This means that it is somewhat unknown which important movements of people in the past generated the populations found in modern-day Africa . Busby et al . have now attempted to use DNA to look into this and reconstruct the last 4000 years of genetic history in African populations . As has been shown in other regions of the world , the new analysis showed that all African populations are the result of historical admixture events . However , Busby et al . could characterize these events to unprecedented level of detail . For example , multiple ethnic groups from The Gambia and Mali all show signs of sharing the same set of ancestors from West Africa , Europe and Asia who mixed around 2000 years ago . Evidence of a migration of people from Central West Africa , known as the Bantu expansion , could also be detected , and was shown to carry genes to the south and east . An important next step will be to now look at the consequences of the observed gene-flow , and ask if it has contributed to spreading beneficial , or detrimental , mutations around Africa .",,
exp2_human_035,exp2_plos_002_af_0024,PLOS,exp2_plos_002,The above methods focused on mapping SNPs that are significantly correlated with expression and have identified many interesting associations between expression changes across genes and genotype data.,True,"In addition , many genetic variants that are linked to changes in expression have been found to date .",True,"This fact provides a high-level description of the study's approach (mapping genetic variants linked to gene expression) and its outcome (identifying associations), which is central to understanding the research's main findings and relevance for a lay audience.","Variation in gene expression across different individuals has been found to play a role in susceptibility to different diseases . In addition , many genetic variants that are linked to changes in expression have been found to date . However , their joint ability to accurately predict these changes is not well understood and has rarely been evaluated . Here , we devise a method that uses multiple genetic variants to explain the variation in expression of genes across individuals . One important aspect of our method is its robustness , in that our predictions agree well between training and test sets . Thus , although the number of genes that could be explained is relatively small , the identity and quantitative degree to which genes can be predicted is known in advance . We also present an extension to our method that integrates different genomic annotations such as location of the genetic variant or its context to differentially weigh the genetic variants in our model and improve predictions . Finally , genes that are successfully predicted have , on average , higher expression and more variability across individuals , providing insight into the characteristics of the types of genes that can be predicted by our method .",,
exp2_human_036,exp2_elife_002_af_0095,eLife,exp2_elife_002,The structure of Scc4 bound to a minimal fragment of Scc2 was determined.,True,Hinshaw et al . used a technique called X-ray crystallography to determine the structure of Scc4 bound with a large fragment of Scc2 .,True,Determining the structure of Scc4 bound to a fragment of Scc2 is a high-level description of what the researchers did and could be paraphrased for lay readers to explain how the study uncovered new insights into protein interactions relevant to the research question.,"DNA replication copies the genetic information contained in a cell's chromosomes . A ring-like protein complex , cohesin , holds together each pair of newly-replicated chromosomes , known as ‘sister chromatids’ . When the cell divides , cohesin is cleaved; this allows sister chromatids to separate , so that each daughter cell receives one member of each sister chromatid pair and thereby inherits a full complement of genes . Defects in this process result in severe developmental abnormalities . Moreover , the genes that underlie this process are among the most frequently mutated in cancer . Cohesin is enriched at centromeres: the chromosomal points of attachment to the apparatus ( called the ‘mitotic spindle’ ) that segregates the sister chromatids into the daughter cells . The protein complex that loads cohesin onto chromosomes determines this preferential localization . The two components of the loading complex , Scc2 and Scc4 , associate as a 1:1 pair . Hinshaw et al . used a technique called X-ray crystallography to determine the structure of Scc4 bound with a large fragment of Scc2 . The result showed that the elongated Scc4 twists around the fragment of Scc2 , forming an extended groove . Scc2 snakes through the Scc4 groove and emerges at both ends . Hinshaw et al . then performed a series of experiments in yeast cells to probe how Scc4 determines the location at which cohesin loads onto chromosomes . These experiments revealed that a region on the surface of Scc4 targets both Scc4 and Scc2 to centromeres . The amino-acid sequence of this centromere-targeting patch on the surface of Scc4 is conserved across species . Thus , the mechanism by which Scc4 localizes cohesin to centromeres may be similar in all eukaryotic organisms .",,
exp2_human_037,exp2_elife_005_af_0257,eLife,exp2_elife_005,Haplotype-based analyses support a complex picture of recent historical gene-flow in Africa.,True,"As has been shown in other regions of the world , the new analysis showed that all African populations are the result of historical admixture events . However , Busby et al . could characterize these events to unprecedented level of detail .",True,"This fact summarizes a key finding about genetic diversity and historical gene-flow in Africa, which is relevant for lay readers to understand the study's implications about human history and population genetics.","Our genomes contain a record of historical events . This is because when groups of people are separated for generations , the DNA sequence in the two groups’ genomes will change in different ways . Looking at the differences in the genomes of people from the same population can help researchers to understand and reconstruct the historical interactions that brought their ancestors together . The mixing of two populations that were previously separate is known as admixture . Africa as a continent has few written records of its history . This means that it is somewhat unknown which important movements of people in the past generated the populations found in modern-day Africa . Busby et al . have now attempted to use DNA to look into this and reconstruct the last 4000 years of genetic history in African populations . As has been shown in other regions of the world , the new analysis showed that all African populations are the result of historical admixture events . However , Busby et al . could characterize these events to unprecedented level of detail . For example , multiple ethnic groups from The Gambia and Mali all show signs of sharing the same set of ancestors from West Africa , Europe and Asia who mixed around 2000 years ago . Evidence of a migration of people from Central West Africa , known as the Bantu expansion , could also be detected , and was shown to carry genes to the south and east . An important next step will be to now look at the consequences of the observed gene-flow , and ask if it has contributed to spreading beneficial , or detrimental , mutations around Africa .",,
exp2_human_038,exp2_elife_002_af_0073,eLife,exp2_elife_002,"GFP-labeled sister centromeres, but not chromosome arms, were separated more frequently and to greater distances in strains mutated at 5 positions in the conserved patch on Scc4 (scc4F324A; K327A; K331A; K541A; K542A; scc4m35).",False,,True,"This fact describes a key experimental finding about the effect of specific mutations on chromosome behavior, which could be paraphrased for lay readers to illustrate the study's main result regarding genetic changes and chromosome separation, though technical terms would need simplification.","DNA replication copies the genetic information contained in a cell's chromosomes . A ring-like protein complex , cohesin , holds together each pair of newly-replicated chromosomes , known as ‘sister chromatids’ . When the cell divides , cohesin is cleaved; this allows sister chromatids to separate , so that each daughter cell receives one member of each sister chromatid pair and thereby inherits a full complement of genes . Defects in this process result in severe developmental abnormalities . Moreover , the genes that underlie this process are among the most frequently mutated in cancer . Cohesin is enriched at centromeres: the chromosomal points of attachment to the apparatus ( called the ‘mitotic spindle’ ) that segregates the sister chromatids into the daughter cells . The protein complex that loads cohesin onto chromosomes determines this preferential localization . The two components of the loading complex , Scc2 and Scc4 , associate as a 1:1 pair . Hinshaw et al . used a technique called X-ray crystallography to determine the structure of Scc4 bound with a large fragment of Scc2 . The result showed that the elongated Scc4 twists around the fragment of Scc2 , forming an extended groove . Scc2 snakes through the Scc4 groove and emerges at both ends . Hinshaw et al . then performed a series of experiments in yeast cells to probe how Scc4 determines the location at which cohesin loads onto chromosomes . These experiments revealed that a region on the surface of Scc4 targets both Scc4 and Scc2 to centromeres . The amino-acid sequence of this centromere-targeting patch on the surface of Scc4 is conserved across species . Thus , the mechanism by which Scc4 localizes cohesin to centromeres may be similar in all eukaryotic organisms .",,
exp2_human_039,exp2_plos_003_af_0144,PLOS,exp2_plos_003,Explaining the hydrophobic solvent-accessible surface area (HSAS) by a single collective mode is challenging because HSAS is subject to strong noise and is a non-linear function of the atom coordinates.,False,,True,"While technical, this fact could be paraphrased to explain why understanding certain molecular properties is difficult, which may help lay readers appreciate the study's challenges and the complexity of the research question.","Proteins are flexible nanomachines that frequently accomplish their biological function by collective atomic motions . Such motions may be characterized by hinge , shear , or rotational motions of entire protein domains , loop movements , or subtle rearrangements of amino acid side chains . In many cases it is far from obvious how collective motions are related to a particular biological task . Therefore , we propose a novel technique termed “functional mode analysis” that , based on an ensemble of structures , aims to detect a collective motion that is directly related to a particular protein function . From the given set of protein structures , together with a “functional quantity” , the technique seeks the collective motion that is maximally correlated to the functional quantity . The chosen functional quantity can be quite general; typical examples could include the openness of a channel , active site geometry , or cleft solvent accessibility . Because the proposed framework is highly general , we expect the approach to be useful to a wide range of applications . To illustrate the new technique , we apply functional mode analysis to molecular dynamics trajectories of a polyalanine-helix , bacteriophage T4 lysozyme , Trp-cage , and Leucine-binding protein .",,
exp2_human_040,exp2_elife_005_af_0039,eLife,exp2_elife_005,The inferred groups from the clustering analysis reflect broad-scale geographic patterns.,True,"For example, multiple ethnic groups from The Gambia and Mali all show signs of sharing the same set of ancestors from West Africa, Europe and Asia who mixed around 2000 years ago. Evidence of a migration of people from Central West Africa, known as the Bantu expansion, could also be detected, and was shown to carry genes to the south and east.",True,"This fact describes a key result that connects the study's analysis to meaningful geographic patterns, which is likely central to the study's main message and understandable to lay readers when paraphrased.","Our genomes contain a record of historical events . This is because when groups of people are separated for generations , the DNA sequence in the two groups’ genomes will change in different ways . Looking at the differences in the genomes of people from the same population can help researchers to understand and reconstruct the historical interactions that brought their ancestors together . The mixing of two populations that were previously separate is known as admixture . Africa as a continent has few written records of its history . This means that it is somewhat unknown which important movements of people in the past generated the populations found in modern-day Africa . Busby et al . have now attempted to use DNA to look into this and reconstruct the last 4000 years of genetic history in African populations . As has been shown in other regions of the world , the new analysis showed that all African populations are the result of historical admixture events . However , Busby et al . could characterize these events to unprecedented level of detail . For example , multiple ethnic groups from The Gambia and Mali all show signs of sharing the same set of ancestors from West Africa , Europe and Asia who mixed around 2000 years ago . Evidence of a migration of people from Central West Africa , known as the Bantu expansion , could also be detected , and was shown to carry genes to the south and east . An important next step will be to now look at the consequences of the observed gene-flow , and ask if it has contributed to spreading beneficial , or detrimental , mutations around Africa .",,
exp2_human_041,exp2_elife_003_af_0035,eLife,exp2_elife_003,"Conditions of hyper- and hypo-perfusion are not reported by optical coherence tomography angiography, so early and subtle functional changes in blood flow may be overlooked and only later structural vessel occlusions visualized in disease.",False,,True,"This fact explains a limitation of a diagnostic imaging method that could affect early disease detection, which is clinically relevant and important for lay readers to understand the implications of the research findings.","The magical twinkling of the night sky is actually the result of imperfections in Earth's atmosphere . Turbulence in the air distorts the light as it passes through , causing it to bend , which blurs the image . To get a clear picture of distant objects , astronomers use a technique called 'adaptive optics' . Deformable mirrors , controlled by computers , bend the light back to correct the distortion . Now , biologists are borrowing the same technique to take a closer look at the blood vessels of the brain . At the moment , functional MRI is one of the most popular imaging techniques for measuring blood flow in the brain . But it can only achieve a resolution of around 1 millimetre , and the tiniest capillaries measure less than a hundredth of a millimetre across . These tiny vessels can be examined surgically , or by injecting dyes into the bloodstream , but these techniques carry a risk . As a result , scientists can only use them in experimental animals . One solution is to look at the vessel network in the back of the eye . The retina is part of the brain and , because the eye is transparent , its blood supply is much easier to see . But imperfections in the eye bend light and blur images of the cells , just like the Earth's atmosphere blurs images of the stars . This is where adaptive optics comes in . Using this technique , it becomes possible to see single red blood cells . Combining adaptive optics with high-speed video could allow us to track cells through the whole network of blood vessels in the eye . At the moment , blood flow measurement techniques either focus on the very big vessels , or the very small ones; they cannot get a complete picture of the whole interconnected system . Now , Joseph et al . have combined adaptive optics , ultrafast imaging , and a new algorithm to view the whole blood vessel network in the eye of a mouse . The new method can automatically measure single blood cells , even when they are moving at their highest possible speed . It can capture the full range of retinal vessels , from the smallest capillaries to the largest arteries and veins . And , by tracking millions of cells at a time , it can reveal how the pressure wave of the blood changes with each beat of the heart . The slightest disruption in blood flow to the brain can cause irreversible damage . So , measuring blood flow is crucial to understanding what happens when things go wrong . This new method is not invasive and uses safe levels of near-infrared light which the retina cannot see , making it safe to use in humans . Joseph et al . have already started their first studies in humans , and the baseline data they have obtained for healthy mice also provides a starting point for comparison with mice with genetic mutations or disease .",,
exp2_human_042,exp2_plos_004_af_0002,PLOS,exp2_plos_004,Dynein is utilized during interphase for vesicle transport and organelle positioning.,True,"An essential motor protein complex called cytoplasmic dynein powers many aspects of microtubule-dependent transport , but it is currently unclear how dynein is regulated such that it can execute different processes .",True,"This fact provides important background about dynein's role in cellular processes, which could help lay readers understand the biological context or significance of the study if dynein is central to the research.","Microtubules and microtubule-dependent motor proteins segregate chromosomes during mitosis and also promote cellular organization in nondividing cells . An essential motor protein complex called cytoplasmic dynein powers many aspects of microtubule-dependent transport , but it is currently unclear how dynein is regulated such that it can execute different processes . We have performed a genome-wide screen to isolate genes that are involved in dynein-dependent processes . We determined that 20 of the 49 genes we identified specifically influenced the viability of dynein mutant strains but not the viability of other C . elegans mutants . Many of the proteins that specifically influence dynein localized to subcellular sites where the dynein heavy chain has been reported by others to be found . Additionally , we identified four dynein components that appear to negatively regulate the force-generating dynein heavy chain . The identification and initial characterization of this group of genes represents a route to identify genes that are not themselves essential but do participate in essential processes .",,
exp2_human_043,exp2_elife_003_af_0052,eLife,exp2_elife_003,"In this study, imaging strategies and custom algorithms were deployed to image single blood cells noninvasively in the smallest to largest vessels of the mouse retinal circulation (lumen diameters: 3.2–45.8 micrometers) without requiring exogenous contrast agents.",True,"Now , Joseph et al . have combined adaptive optics , ultrafast imaging , and a new algorithm to view the whole blood vessel network in the eye of a mouse . The new method can automatically measure single blood cells , even when they are moving at their highest possible speed . It can capture the full range of retinal vessels , from the smallest capillaries to the largest arteries and veins . ... This new method is not invasive and uses safe levels of near-infrared light which the retina cannot see , making it safe to use in humans .",True,"This fact describes the innovative, noninvasive imaging approach used in the study, which is central to understanding what made the research possible and could be paraphrased for a lay audience.","The magical twinkling of the night sky is actually the result of imperfections in Earth's atmosphere . Turbulence in the air distorts the light as it passes through , causing it to bend , which blurs the image . To get a clear picture of distant objects , astronomers use a technique called 'adaptive optics' . Deformable mirrors , controlled by computers , bend the light back to correct the distortion . Now , biologists are borrowing the same technique to take a closer look at the blood vessels of the brain . At the moment , functional MRI is one of the most popular imaging techniques for measuring blood flow in the brain . But it can only achieve a resolution of around 1 millimetre , and the tiniest capillaries measure less than a hundredth of a millimetre across . These tiny vessels can be examined surgically , or by injecting dyes into the bloodstream , but these techniques carry a risk . As a result , scientists can only use them in experimental animals . One solution is to look at the vessel network in the back of the eye . The retina is part of the brain and , because the eye is transparent , its blood supply is much easier to see . But imperfections in the eye bend light and blur images of the cells , just like the Earth's atmosphere blurs images of the stars . This is where adaptive optics comes in . Using this technique , it becomes possible to see single red blood cells . Combining adaptive optics with high-speed video could allow us to track cells through the whole network of blood vessels in the eye . At the moment , blood flow measurement techniques either focus on the very big vessels , or the very small ones; they cannot get a complete picture of the whole interconnected system . Now , Joseph et al . have combined adaptive optics , ultrafast imaging , and a new algorithm to view the whole blood vessel network in the eye of a mouse . The new method can automatically measure single blood cells , even when they are moving at their highest possible speed . It can capture the full range of retinal vessels , from the smallest capillaries to the largest arteries and veins . And , by tracking millions of cells at a time , it can reveal how the pressure wave of the blood changes with each beat of the heart . The slightest disruption in blood flow to the brain can cause irreversible damage . So , measuring blood flow is crucial to understanding what happens when things go wrong . This new method is not invasive and uses safe levels of near-infrared light which the retina cannot see , making it safe to use in humans . Joseph et al . have already started their first studies in humans , and the baseline data they have obtained for healthy mice also provides a starting point for comparison with mice with genetic mutations or disease .",,
exp2_human_044,exp2_elife_005_af_0277,eLife,exp2_elife_005,Humans have adapted in response to infectious disease at the LARGE gene in West Africans in response to pressure from Lassa fever.,False,,True,"This fact is a core finding about human genetic adaptation to infectious disease, which is central to understanding the study's motivation and implications for disease resistance in West Africans.","Our genomes contain a record of historical events . This is because when groups of people are separated for generations , the DNA sequence in the two groups’ genomes will change in different ways . Looking at the differences in the genomes of people from the same population can help researchers to understand and reconstruct the historical interactions that brought their ancestors together . The mixing of two populations that were previously separate is known as admixture . Africa as a continent has few written records of its history . This means that it is somewhat unknown which important movements of people in the past generated the populations found in modern-day Africa . Busby et al . have now attempted to use DNA to look into this and reconstruct the last 4000 years of genetic history in African populations . As has been shown in other regions of the world , the new analysis showed that all African populations are the result of historical admixture events . However , Busby et al . could characterize these events to unprecedented level of detail . For example , multiple ethnic groups from The Gambia and Mali all show signs of sharing the same set of ancestors from West Africa , Europe and Asia who mixed around 2000 years ago . Evidence of a migration of people from Central West Africa , known as the Bantu expansion , could also be detected , and was shown to carry genes to the south and east . An important next step will be to now look at the consequences of the observed gene-flow , and ask if it has contributed to spreading beneficial , or detrimental , mutations around Africa .",,
exp2_human_045,exp2_elife_005_af_0024,eLife,exp2_elife_005,The identification of hunter-gatherer ancestry in non-hunter-gatherer populations together with the timing of these events is consistent with the known expansion of Bantu languages across Africa within the last 3 thousand years.,True,"Evidence of a migration of people from Central West Africa , known as the Bantu expansion , could also be detected , and was shown to carry genes to the south and east .",True,"This fact connects genetic findings to a major historical and cultural event (the Bantu expansion), providing important context and implications that would help lay readers understand the significance of the research.","Our genomes contain a record of historical events . This is because when groups of people are separated for generations , the DNA sequence in the two groups’ genomes will change in different ways . Looking at the differences in the genomes of people from the same population can help researchers to understand and reconstruct the historical interactions that brought their ancestors together . The mixing of two populations that were previously separate is known as admixture . Africa as a continent has few written records of its history . This means that it is somewhat unknown which important movements of people in the past generated the populations found in modern-day Africa . Busby et al . have now attempted to use DNA to look into this and reconstruct the last 4000 years of genetic history in African populations . As has been shown in other regions of the world , the new analysis showed that all African populations are the result of historical admixture events . However , Busby et al . could characterize these events to unprecedented level of detail . For example , multiple ethnic groups from The Gambia and Mali all show signs of sharing the same set of ancestors from West Africa , Europe and Asia who mixed around 2000 years ago . Evidence of a migration of people from Central West Africa , known as the Bantu expansion , could also be detected , and was shown to carry genes to the south and east . An important next step will be to now look at the consequences of the observed gene-flow , and ask if it has contributed to spreading beneficial , or detrimental , mutations around Africa .",,
exp2_human_046,exp2_plos_003_af_0143,PLOS,exp2_plos_003,The hydrophobic solvent-accessible surface area (HSAS) is used to quantify the state of unfolding of Trp-cage.,False,,True,"While the term 'hydrophobic solvent-accessible surface area' is technical, the fact that the study quantifies protein unfolding using a specific measurement could be paraphrased for lay readers to explain how researchers assessed changes in the protein's structure, which supports understanding the study's approach.","Proteins are flexible nanomachines that frequently accomplish their biological function by collective atomic motions . Such motions may be characterized by hinge , shear , or rotational motions of entire protein domains , loop movements , or subtle rearrangements of amino acid side chains . In many cases it is far from obvious how collective motions are related to a particular biological task . Therefore , we propose a novel technique termed “functional mode analysis” that , based on an ensemble of structures , aims to detect a collective motion that is directly related to a particular protein function . From the given set of protein structures , together with a “functional quantity” , the technique seeks the collective motion that is maximally correlated to the functional quantity . The chosen functional quantity can be quite general; typical examples could include the openness of a channel , active site geometry , or cleft solvent accessibility . Because the proposed framework is highly general , we expect the approach to be useful to a wide range of applications . To illustrate the new technique , we apply functional mode analysis to molecular dynamics trajectories of a polyalanine-helix , bacteriophage T4 lysozyme , Trp-cage , and Leucine-binding protein .",,
exp2_human_047,exp2_elife_005_af_0363,eLife,exp2_elife_005,The approach based on the comparison and analysis of painted chromosomes offers a different perspective from approaches based on comparisons of allele frequencies.,False,,True,"This fact highlights a key methodological distinction that could be paraphrased for lay readers to explain how the study's approach differs from others, which is often important for understanding the study's novelty or significance.","Our genomes contain a record of historical events . This is because when groups of people are separated for generations , the DNA sequence in the two groups’ genomes will change in different ways . Looking at the differences in the genomes of people from the same population can help researchers to understand and reconstruct the historical interactions that brought their ancestors together . The mixing of two populations that were previously separate is known as admixture . Africa as a continent has few written records of its history . This means that it is somewhat unknown which important movements of people in the past generated the populations found in modern-day Africa . Busby et al . have now attempted to use DNA to look into this and reconstruct the last 4000 years of genetic history in African populations . As has been shown in other regions of the world , the new analysis showed that all African populations are the result of historical admixture events . However , Busby et al . could characterize these events to unprecedented level of detail . For example , multiple ethnic groups from The Gambia and Mali all show signs of sharing the same set of ancestors from West Africa , Europe and Asia who mixed around 2000 years ago . Evidence of a migration of people from Central West Africa , known as the Bantu expansion , could also be detected , and was shown to carry genes to the south and east . An important next step will be to now look at the consequences of the observed gene-flow , and ask if it has contributed to spreading beneficial , or detrimental , mutations around Africa .",,
exp2_human_048,exp2_plos_002_af_0074,PLOS,exp2_plos_002,"The robust nature of the algorithms means that the number of false positive predictions will be relatively small, as the algorithm knows in advance which genes will be well predicted.",True,"Thus , although the number of genes that could be explained is relatively small , the identity and quantitative degree to which genes can be predicted is known in advance .",True,"This fact relates to the reliability and accuracy of the study's predictive method, which is relevant for lay readers to understand the trustworthiness and potential impact of the findings, and can be paraphrased in lay-friendly terms.","Variation in gene expression across different individuals has been found to play a role in susceptibility to different diseases . In addition , many genetic variants that are linked to changes in expression have been found to date . However , their joint ability to accurately predict these changes is not well understood and has rarely been evaluated . Here , we devise a method that uses multiple genetic variants to explain the variation in expression of genes across individuals . One important aspect of our method is its robustness , in that our predictions agree well between training and test sets . Thus , although the number of genes that could be explained is relatively small , the identity and quantitative degree to which genes can be predicted is known in advance . We also present an extension to our method that integrates different genomic annotations such as location of the genetic variant or its context to differentially weigh the genetic variants in our model and improve predictions . Finally , genes that are successfully predicted have , on average , higher expression and more variability across individuals , providing insight into the characteristics of the types of genes that can be predicted by our method .",,
exp2_human_049,exp2_plos_005_af_0002,PLOS,exp2_plos_005,The host seven-pass transmembrane protein TOM1 is necessary for efficient Tomato mosaic virus (ToMV) multiplication.,True,We further demonstrate that the replication proteins acquire the ability to synthesize negative-strand ToMV RNA and RNA 5′ cap only in the presence of both TOM1 and ARL8.,True,This fact describes a key mechanism—identifying a host protein necessary for virus multiplication—which is central to understanding the study's main finding and could be paraphrased for lay readers.,"Many important pathogens of plants , animals , and humans are positive-strand RNA viruses . They replicate via complementary RNA in replication complexes formed on host intracellular membranes . In the replication process , not only viral replication proteins but also host factors play important roles . Although many host factors whose knockdown affects the multiplication of positive-strand RNA viruses have been identified , the function of each host factor in virus multiplication is only poorly understood in most instances . In this paper , we show that a host small GTP-binding protein ARL8 is required for the multiplication of Tomato mosaic virus ( ToMV ) , and that it forms a complex with ToMV replication proteins and another essential host factor TOM1 that is a seven-pass transmembrane protein . We further demonstrate that the replication proteins acquire the ability to synthesize negative-strand ToMV RNA and RNA 5′ cap only in the presence of both TOM1 and ARL8 . The replication proteins of ToMV are multifunctional proteins that participate in RNA replication on membranes and RNA silencing suppression in the cytosol . Our results suggest that ToMV replication proteins are programmed to express their replication-related activities only on membranes through interactions with these host membrane proteins .",,
exp2_human_050,exp2_elife_005_af_0167,eLife,exp2_elife_005,Admixture P-values are based on 100 bootstrap replicates of the NULL procedure.,False,,False,This fact describes a technical methodological detail (the use of bootstrap replicates for P-value calculation) that is unlikely to be necessary for lay understanding and would not typically appear in an expert lay summary.,"Our genomes contain a record of historical events . This is because when groups of people are separated for generations , the DNA sequence in the two groups’ genomes will change in different ways . Looking at the differences in the genomes of people from the same population can help researchers to understand and reconstruct the historical interactions that brought their ancestors together . The mixing of two populations that were previously separate is known as admixture . Africa as a continent has few written records of its history . This means that it is somewhat unknown which important movements of people in the past generated the populations found in modern-day Africa . Busby et al . have now attempted to use DNA to look into this and reconstruct the last 4000 years of genetic history in African populations . As has been shown in other regions of the world , the new analysis showed that all African populations are the result of historical admixture events . However , Busby et al . could characterize these events to unprecedented level of detail . For example , multiple ethnic groups from The Gambia and Mali all show signs of sharing the same set of ancestors from West Africa , Europe and Asia who mixed around 2000 years ago . Evidence of a migration of people from Central West Africa , known as the Bantu expansion , could also be detected , and was shown to carry genes to the south and east . An important next step will be to now look at the consequences of the observed gene-flow , and ask if it has contributed to spreading beneficial , or detrimental , mutations around Africa .",,
exp2_human_051,exp2_plos_005_af_0108,PLOS,exp2_plos_005,"32P-labeled RNA, indicating capped RNA, was detected in the 180K-FS-purified fraction from infected plant cells and in 130K-FS-purified fraction from yeast coexpressing AtTOM1 and AtARL8a.",True,We further demonstrate that the replication proteins acquire the ability to synthesize negative-strand ToMV RNA and RNA 5′ cap only in the presence of both TOM1 and ARL8.,True,"While the fact is technical, it describes a key experimental finding about the detection of capped RNA in specific fractions and systems, which could be paraphrased to explain how the researchers identified important RNA molecules in their study.","Many important pathogens of plants , animals , and humans are positive-strand RNA viruses . They replicate via complementary RNA in replication complexes formed on host intracellular membranes . In the replication process , not only viral replication proteins but also host factors play important roles . Although many host factors whose knockdown affects the multiplication of positive-strand RNA viruses have been identified , the function of each host factor in virus multiplication is only poorly understood in most instances . In this paper , we show that a host small GTP-binding protein ARL8 is required for the multiplication of Tomato mosaic virus ( ToMV ) , and that it forms a complex with ToMV replication proteins and another essential host factor TOM1 that is a seven-pass transmembrane protein . We further demonstrate that the replication proteins acquire the ability to synthesize negative-strand ToMV RNA and RNA 5′ cap only in the presence of both TOM1 and ARL8 . The replication proteins of ToMV are multifunctional proteins that participate in RNA replication on membranes and RNA silencing suppression in the cytosol . Our results suggest that ToMV replication proteins are programmed to express their replication-related activities only on membranes through interactions with these host membrane proteins .",,
exp2_human_052,exp2_plos_002_af_0073,PLOS,exp2_plos_002,"In the Cross-pop and Mixed-pop cross-validation schemes, 364/15,439 (2.4%) and 529/15,439 (3.4%) of the genes have training and test R2 above 0.1, respectively.",False,"Thus , although the number of genes that could be explained is relatively small , the identity and quantitative degree to which genes can be predicted is known in advance .",False,"This fact provides fine-grained quantitative detail about the number and percentage of genes meeting a specific statistical threshold in particular cross-validation schemes, which is too technical and detailed for a lay summary and does not affect the main message or understanding for non-specialists.","Variation in gene expression across different individuals has been found to play a role in susceptibility to different diseases . In addition , many genetic variants that are linked to changes in expression have been found to date . However , their joint ability to accurately predict these changes is not well understood and has rarely been evaluated . Here , we devise a method that uses multiple genetic variants to explain the variation in expression of genes across individuals . One important aspect of our method is its robustness , in that our predictions agree well between training and test sets . Thus , although the number of genes that could be explained is relatively small , the identity and quantitative degree to which genes can be predicted is known in advance . We also present an extension to our method that integrates different genomic annotations such as location of the genetic variant or its context to differentially weigh the genetic variants in our model and improve predictions . Finally , genes that are successfully predicted have , on average , higher expression and more variability across individuals , providing insight into the characteristics of the types of genes that can be predicted by our method .",,
exp2_human_053,exp2_plos_002_af_0053,PLOS,exp2_plos_002,Most studies of the relationship between genetic and expression variation have focused on identifying single nucleotide polymorphisms that are significantly correlated with gene expression changes.,True,"In addition , many genetic variants that are linked to changes in expression have been found to date .",True,"This fact provides important background context about the typical focus of previous research, which helps lay readers understand the novelty or motivation of the current study.","Variation in gene expression across different individuals has been found to play a role in susceptibility to different diseases . In addition , many genetic variants that are linked to changes in expression have been found to date . However , their joint ability to accurately predict these changes is not well understood and has rarely been evaluated . Here , we devise a method that uses multiple genetic variants to explain the variation in expression of genes across individuals . One important aspect of our method is its robustness , in that our predictions agree well between training and test sets . Thus , although the number of genes that could be explained is relatively small , the identity and quantitative degree to which genes can be predicted is known in advance . We also present an extension to our method that integrates different genomic annotations such as location of the genetic variant or its context to differentially weigh the genetic variants in our model and improve predictions . Finally , genes that are successfully predicted have , on average , higher expression and more variability across individuals , providing insight into the characteristics of the types of genes that can be predicted by our method .",,
exp2_human_054,exp2_elife_003_af_0231,eLife,exp2_elife_003,Changes happening in lower vascular branches in disease may be missed when only total blood supply to the retina is measured.,False,,True,"This fact highlights a limitation of measuring only total blood supply, which is important for lay readers to understand the study's motivation and the potential for missed disease changes, making it relevant for a lay summary.","The magical twinkling of the night sky is actually the result of imperfections in Earth's atmosphere . Turbulence in the air distorts the light as it passes through , causing it to bend , which blurs the image . To get a clear picture of distant objects , astronomers use a technique called 'adaptive optics' . Deformable mirrors , controlled by computers , bend the light back to correct the distortion . Now , biologists are borrowing the same technique to take a closer look at the blood vessels of the brain . At the moment , functional MRI is one of the most popular imaging techniques for measuring blood flow in the brain . But it can only achieve a resolution of around 1 millimetre , and the tiniest capillaries measure less than a hundredth of a millimetre across . These tiny vessels can be examined surgically , or by injecting dyes into the bloodstream , but these techniques carry a risk . As a result , scientists can only use them in experimental animals . One solution is to look at the vessel network in the back of the eye . The retina is part of the brain and , because the eye is transparent , its blood supply is much easier to see . But imperfections in the eye bend light and blur images of the cells , just like the Earth's atmosphere blurs images of the stars . This is where adaptive optics comes in . Using this technique , it becomes possible to see single red blood cells . Combining adaptive optics with high-speed video could allow us to track cells through the whole network of blood vessels in the eye . At the moment , blood flow measurement techniques either focus on the very big vessels , or the very small ones; they cannot get a complete picture of the whole interconnected system . Now , Joseph et al . have combined adaptive optics , ultrafast imaging , and a new algorithm to view the whole blood vessel network in the eye of a mouse . The new method can automatically measure single blood cells , even when they are moving at their highest possible speed . It can capture the full range of retinal vessels , from the smallest capillaries to the largest arteries and veins . And , by tracking millions of cells at a time , it can reveal how the pressure wave of the blood changes with each beat of the heart . The slightest disruption in blood flow to the brain can cause irreversible damage . So , measuring blood flow is crucial to understanding what happens when things go wrong . This new method is not invasive and uses safe levels of near-infrared light which the retina cannot see , making it safe to use in humans . Joseph et al . have already started their first studies in humans , and the baseline data they have obtained for healthy mice also provides a starting point for comparison with mice with genetic mutations or disease .",,
exp2_human_055,exp2_plos_001_af_0155,PLOS,exp2_plos_001,The value of the forcing frequency relative to the natural frequencies of the body is important to trigger the various deformation modes of the body.,True,This insight reveals that swimming is viable for small enough frequencies of neuromuscular activation relative to the natural frequencies of the body and for sufficiently stiff elastic properties.,True,"This fact describes a key relationship (the importance of forcing frequency relative to natural body frequencies in triggering deformation modes) that could plausibly be paraphrased for lay readers to explain why certain conditions or interventions affect the body, supporting the main narrative if relevant to the study's findings.","The damped harmonic oscillator framework has been applied to interrogate numerous engineering systems like the tuned mass damper used in power transmission , automobiles , and buildings to reduce vibrations . We apply the same framework to undulatory swimming to understand the emergence of movement due to muscular and/or environmental forcing . It helps elucidate why flexible bodies can indeed be propelled forward by not only the internal muscular forcing but also by external fluid forces as reported earlier in which dead trout were found to swim in the wake of cylinder . We show how forcing triggers the first few deformation modes of the swimmer similar to how the appropriate forcing triggers the fundamental deformation modes on a guitar string . We show how the lower deformation modes produce the best forward propulsion of the body . This insight reveals that swimming is viable for small enough frequencies of neuromuscular activation relative to the natural frequencies of the body and for sufficiently stiff elastic properties . Thus , these results identify the key mechanistic parameters that would have been crucial to the evolutionary emergence of swimming animals . The proposed framework can help understand neural control of movement in swimming as well as control of underwater vehicles .",,
exp2_human_056,exp2_plos_004_af_0160,PLOS,exp2_plos_004,"Some accessory chains (ACs) in Caenorhabditis elegans are nonessential, suggesting that certain cytoplasmic dynein subunits may function by negatively regulating the heavy chain (HC) rather than positively influencing essential HC function.",True,"Additionally , we identified four dynein components that appear to negatively regulate the force-generating dynein heavy chain .",True,"This fact relates to a key mechanistic insight about how certain protein subunits may regulate a core molecular machine, which could be paraphrased for lay readers to explain the study's main findings about biological regulation.","Microtubules and microtubule-dependent motor proteins segregate chromosomes during mitosis and also promote cellular organization in nondividing cells . An essential motor protein complex called cytoplasmic dynein powers many aspects of microtubule-dependent transport , but it is currently unclear how dynein is regulated such that it can execute different processes . We have performed a genome-wide screen to isolate genes that are involved in dynein-dependent processes . We determined that 20 of the 49 genes we identified specifically influenced the viability of dynein mutant strains but not the viability of other C . elegans mutants . Many of the proteins that specifically influence dynein localized to subcellular sites where the dynein heavy chain has been reported by others to be found . Additionally , we identified four dynein components that appear to negatively regulate the force-generating dynein heavy chain . The identification and initial characterization of this group of genes represents a route to identify genes that are not themselves essential but do participate in essential processes .",,
exp2_human_057,exp2_plos_005_af_0136,PLOS,exp2_plos_005,Mutants of ToMV and Brome mosaic virus (BMV) that are defective in RNA 5′ capping functions can still produce negative-strand RNA.,False,,True,"This fact relates to a key mechanistic finding about how certain viral mutants can still replicate their RNA despite defects, which could be paraphrased for lay readers to explain the study's main discovery or implications for understanding viral replication.","Many important pathogens of plants , animals , and humans are positive-strand RNA viruses . They replicate via complementary RNA in replication complexes formed on host intracellular membranes . In the replication process , not only viral replication proteins but also host factors play important roles . Although many host factors whose knockdown affects the multiplication of positive-strand RNA viruses have been identified , the function of each host factor in virus multiplication is only poorly understood in most instances . In this paper , we show that a host small GTP-binding protein ARL8 is required for the multiplication of Tomato mosaic virus ( ToMV ) , and that it forms a complex with ToMV replication proteins and another essential host factor TOM1 that is a seven-pass transmembrane protein . We further demonstrate that the replication proteins acquire the ability to synthesize negative-strand ToMV RNA and RNA 5′ cap only in the presence of both TOM1 and ARL8 . The replication proteins of ToMV are multifunctional proteins that participate in RNA replication on membranes and RNA silencing suppression in the cytosol . Our results suggest that ToMV replication proteins are programmed to express their replication-related activities only on membranes through interactions with these host membrane proteins .",,
exp2_human_058,exp2_elife_001_af_0166,eLife,exp2_elife_001,"In vivo, Purkinje neurons in zebrafish larvae can be found either in the tonic or bursting mode and spontaneously toggle from one mode to another.",True,"The experiments show that even when the larvae are awake , the Purkinje cells produce either spontaneous bursts or tonic activity and they can readily switch between the two .",True,"This fact describes a key finding about the behavior of Purkinje neurons in a living organism, which could be central to the study's main message and is likely to be relevant for explaining the biological system or mechanism to a lay audience.","Ever wonder how you keep your balance ? This is something that we learn to do as toddlers , and it involves the coordinated effort of various muscles in the body . An area at the base of the brain called the cerebellum controls this effort , and synchronizes our muscles by sending messages in the form of electrical signals along cells called Purkinje neurons . These signals consist of steady ‘tonic’ activity or short ‘bursts’ of activity . Previous studies in unconscious mammals suggest that these neurons can spontaneously switch between the two types of electrical signals . However , it is not clear whether this switch occurs in awake animals , or how these nerve activities control muscle movements . It is technically challenging to record the voltage of single Purkinje neurons of conscious rodents , so Sengupta and Thirumalai avoided this problem by using zebrafish larvae instead . These larvae are small , transparent and lack a skull , which makes it possible to record the activity of the cerebellum using tiny glass electrodes . The experiments show that even when the larvae are awake , the Purkinje cells produce either spontaneous bursts or tonic activity and they can readily switch between the two . The switch is controlled in part by the voltage on the neurons' surface . A positive voltage is called the ‘up’ state , while a negative voltage is dubbed the ‘down’ state . Neurons in the ‘up’ state produced tonic pulses , while neurons in the ‘down’ state produced short bursts of activity with the help of an ion channel called AMPAR . Cells called motor neurons in the spinal cord carry the final command from the nervous system to the muscles . Sengupta and Thirumalai recorded the activity of motor neurons and Purkinje neurons at the same time . This revealed that Purkinje neurons receive a copy of the motor command that goes to the muscle and produce short bursts of electrical activity in response . This effect required AMPAR activity , and was blocked by molecules that inhibit AMPAR . Furthermore , Sengupta and Thirumalai report that the timing of these short bursts with respect to the motor command changes from one Purkinje neuron to another . Future work will investigate how the Purkinje neurons receive and process the information in the motor command .",,
exp2_human_059,exp2_plos_001_af_0089,PLOS,exp2_plos_001,The swimming motion is actuated by a traveling wave of preferred curvature.,False,,True,"This fact describes a key mechanism underlying the swimming motion, which could be paraphrased for lay readers to help explain how movement is generated in the biological system studied.","The damped harmonic oscillator framework has been applied to interrogate numerous engineering systems like the tuned mass damper used in power transmission , automobiles , and buildings to reduce vibrations . We apply the same framework to undulatory swimming to understand the emergence of movement due to muscular and/or environmental forcing . It helps elucidate why flexible bodies can indeed be propelled forward by not only the internal muscular forcing but also by external fluid forces as reported earlier in which dead trout were found to swim in the wake of cylinder . We show how forcing triggers the first few deformation modes of the swimmer similar to how the appropriate forcing triggers the fundamental deformation modes on a guitar string . We show how the lower deformation modes produce the best forward propulsion of the body . This insight reveals that swimming is viable for small enough frequencies of neuromuscular activation relative to the natural frequencies of the body and for sufficiently stiff elastic properties . Thus , these results identify the key mechanistic parameters that would have been crucial to the evolutionary emergence of swimming animals . The proposed framework can help understand neural control of movement in swimming as well as control of underwater vehicles .",,
exp2_human_060,exp2_plos_002_af_0008,PLOS,exp2_plos_002,Assigning higher weights to variants with particular annotations such as proximity to genes and high regional G/C content can further improve the predictions.,True,We also present an extension to our method that integrates different genomic annotations such as location of the genetic variant or its context to differentially weigh the genetic variants in our model and improve predictions.,True,This fact describes a key methodological insight—that considering certain genetic features can improve prediction accuracy—which could be paraphrased for lay readers to explain how the study's approach enhances results.,"Variation in gene expression across different individuals has been found to play a role in susceptibility to different diseases . In addition , many genetic variants that are linked to changes in expression have been found to date . However , their joint ability to accurately predict these changes is not well understood and has rarely been evaluated . Here , we devise a method that uses multiple genetic variants to explain the variation in expression of genes across individuals . One important aspect of our method is its robustness , in that our predictions agree well between training and test sets . Thus , although the number of genes that could be explained is relatively small , the identity and quantitative degree to which genes can be predicted is known in advance . We also present an extension to our method that integrates different genomic annotations such as location of the genetic variant or its context to differentially weigh the genetic variants in our model and improve predictions . Finally , genes that are successfully predicted have , on average , higher expression and more variability across individuals , providing insight into the characteristics of the types of genes that can be predicted by our method .",,
exp2_human_061,exp2_elife_002_af_0120,eLife,exp2_elife_002,Yeast strains bearing Scc4 point mutations or gene deletions were constructed using PCR methods as previously described.,False,,False,"This fact describes a technical methodology detail (the construction of yeast strains using PCR), which is too specific and procedural for a lay summary and does not contribute to the main narrative or understanding for non-specialists.","DNA replication copies the genetic information contained in a cell's chromosomes . A ring-like protein complex , cohesin , holds together each pair of newly-replicated chromosomes , known as ‘sister chromatids’ . When the cell divides , cohesin is cleaved; this allows sister chromatids to separate , so that each daughter cell receives one member of each sister chromatid pair and thereby inherits a full complement of genes . Defects in this process result in severe developmental abnormalities . Moreover , the genes that underlie this process are among the most frequently mutated in cancer . Cohesin is enriched at centromeres: the chromosomal points of attachment to the apparatus ( called the ‘mitotic spindle’ ) that segregates the sister chromatids into the daughter cells . The protein complex that loads cohesin onto chromosomes determines this preferential localization . The two components of the loading complex , Scc2 and Scc4 , associate as a 1:1 pair . Hinshaw et al . used a technique called X-ray crystallography to determine the structure of Scc4 bound with a large fragment of Scc2 . The result showed that the elongated Scc4 twists around the fragment of Scc2 , forming an extended groove . Scc2 snakes through the Scc4 groove and emerges at both ends . Hinshaw et al . then performed a series of experiments in yeast cells to probe how Scc4 determines the location at which cohesin loads onto chromosomes . These experiments revealed that a region on the surface of Scc4 targets both Scc4 and Scc2 to centromeres . The amino-acid sequence of this centromere-targeting patch on the surface of Scc4 is conserved across species . Thus , the mechanism by which Scc4 localizes cohesin to centromeres may be similar in all eukaryotic organisms .",,
exp2_human_062,exp2_elife_003_af_0105,eLife,exp2_elife_003,"Arterioles routinely showed a temporally asymmetric waveform indicating a bolus pressure wave followed by relaxation of vascular compliance, with an arteriole asymmetry index (AI) of 2.8.",False,"And, by tracking millions of cells at a time, it can reveal how the pressure wave of the blood changes with each beat of the heart.",True,"The observation that arterioles exhibit a characteristic pressure wave pattern is a potentially important mechanistic finding that could be paraphrased for lay readers, even though the specific asymmetry index value is likely too technical and could be omitted or simplified in a summary.","The magical twinkling of the night sky is actually the result of imperfections in Earth's atmosphere . Turbulence in the air distorts the light as it passes through , causing it to bend , which blurs the image . To get a clear picture of distant objects , astronomers use a technique called 'adaptive optics' . Deformable mirrors , controlled by computers , bend the light back to correct the distortion . Now , biologists are borrowing the same technique to take a closer look at the blood vessels of the brain . At the moment , functional MRI is one of the most popular imaging techniques for measuring blood flow in the brain . But it can only achieve a resolution of around 1 millimetre , and the tiniest capillaries measure less than a hundredth of a millimetre across . These tiny vessels can be examined surgically , or by injecting dyes into the bloodstream , but these techniques carry a risk . As a result , scientists can only use them in experimental animals . One solution is to look at the vessel network in the back of the eye . The retina is part of the brain and , because the eye is transparent , its blood supply is much easier to see . But imperfections in the eye bend light and blur images of the cells , just like the Earth's atmosphere blurs images of the stars . This is where adaptive optics comes in . Using this technique , it becomes possible to see single red blood cells . Combining adaptive optics with high-speed video could allow us to track cells through the whole network of blood vessels in the eye . At the moment , blood flow measurement techniques either focus on the very big vessels , or the very small ones; they cannot get a complete picture of the whole interconnected system . Now , Joseph et al . have combined adaptive optics , ultrafast imaging , and a new algorithm to view the whole blood vessel network in the eye of a mouse . The new method can automatically measure single blood cells , even when they are moving at their highest possible speed . It can capture the full range of retinal vessels , from the smallest capillaries to the largest arteries and veins . And , by tracking millions of cells at a time , it can reveal how the pressure wave of the blood changes with each beat of the heart . The slightest disruption in blood flow to the brain can cause irreversible damage . So , measuring blood flow is crucial to understanding what happens when things go wrong . This new method is not invasive and uses safe levels of near-infrared light which the retina cannot see , making it safe to use in humans . Joseph et al . have already started their first studies in humans , and the baseline data they have obtained for healthy mice also provides a starting point for comparison with mice with genetic mutations or disease .",,
exp2_human_063,exp2_elife_002_af_0178,eLife,exp2_elife_002,"Scripts, data files, and workflows used to create the ChIP-Seq figures can be found on the github repository at https://github.com/AlastairKerr/Hinshaw2015.",False,,False,"This fact is a technical detail about data and code availability, which is not necessary for lay understanding of the study's findings or implications.","DNA replication copies the genetic information contained in a cell's chromosomes . A ring-like protein complex , cohesin , holds together each pair of newly-replicated chromosomes , known as ‘sister chromatids’ . When the cell divides , cohesin is cleaved; this allows sister chromatids to separate , so that each daughter cell receives one member of each sister chromatid pair and thereby inherits a full complement of genes . Defects in this process result in severe developmental abnormalities . Moreover , the genes that underlie this process are among the most frequently mutated in cancer . Cohesin is enriched at centromeres: the chromosomal points of attachment to the apparatus ( called the ‘mitotic spindle’ ) that segregates the sister chromatids into the daughter cells . The protein complex that loads cohesin onto chromosomes determines this preferential localization . The two components of the loading complex , Scc2 and Scc4 , associate as a 1:1 pair . Hinshaw et al . used a technique called X-ray crystallography to determine the structure of Scc4 bound with a large fragment of Scc2 . The result showed that the elongated Scc4 twists around the fragment of Scc2 , forming an extended groove . Scc2 snakes through the Scc4 groove and emerges at both ends . Hinshaw et al . then performed a series of experiments in yeast cells to probe how Scc4 determines the location at which cohesin loads onto chromosomes . These experiments revealed that a region on the surface of Scc4 targets both Scc4 and Scc2 to centromeres . The amino-acid sequence of this centromere-targeting patch on the surface of Scc4 is conserved across species . Thus , the mechanism by which Scc4 localizes cohesin to centromeres may be similar in all eukaryotic organisms .",,
exp2_human_064,exp2_elife_004_af_0030,eLife,exp2_elife_004,"Three chemo-naive endometrial tumors, each deficient for MLH1, MSH2, or MSH6, and two MMR-proficient endometrial tumors were selected for sequencing.",False,,True,"This fact provides necessary background about the types of tumors studied and the genetic context, which is important for lay readers to understand the study's design and relevance, and can be paraphrased in lay-friendly terms.","Before a cell divides , it must first copy all of its genetic material . Any mistakes that are made during this process are called mutations . Mutations can give rise to new traits but are mostly harmful to the cells , or cause cancer; therefore , cells have evolved tools that can efficiently spot these mistakes and repair them . One of the main tools is called mismatch repair ( MMR ) . Defects in the cell's mismatch repair tools can wreak havoc as this allows many mutations to accumulate . Zhao et al . looked at the genomes of tumors where mismatch repair was not working properly to see what makes these ‘MMR-deficient tumors’ different from other tumors . This revealed that MMR-deficient tumors have similar patterns of mutations to those seen in egg and sperm cells . This was unexpected and suggests that mutations that are not corrected by mismatch repair are an important source of the genetic differences found between different humans , and between humans and their ancestors . Identifying cancerous tumors that are MMR-deficient is vital , as these tumors tend not to respond to commonly used cancer treatments . However , current clinical methods to identify MMR-deficient tumors often fail or produce results that are difficult to interpret . MMR-deficient tumors commonly contain mutations called indels , where short fragments of DNA are inserted or deleted into longer DNA sequences . Zhao et al . have found 59 indels that can be used to detect MMR-deficient tumors , where each indel had been identified in several tumors taken from different tissues . This new approach allowed MMR-deficiency to be identified in several types of tumor , including colon and ovarian cancers , with greater sensitivity and accuracy than the existing methods . Zhao et al . also found that the indels in MMR-deficient tumors reduce the ability of the tumors to repair a type of DNA damage called double-strand breaks . In these , both strands of DNA that make up the double helix are broken and the DNA chain is severed . As this kind of damage is very harmful to a cell , making more double-strand breaks could therefore form part of a more effective treatment against MMR-deficient tumors; further research is needed to investigate this possibility .",,
exp2_human_065,exp2_plos_004_af_0005,PLOS,exp2_plos_004,Twenty dynein-specific suppressor genes were isolated and characterized in Caenorhabditis elegans.,True,We determined that 20 of the 49 genes we identified specifically influenced the viability of dynein mutant strains but not the viability of other C . elegans mutants .,True,The identification and characterization of suppressor genes is a core finding that could be paraphrased for lay readers to convey the study's main discovery and its relevance to understanding genetic mechanisms in a model organism.,"Microtubules and microtubule-dependent motor proteins segregate chromosomes during mitosis and also promote cellular organization in nondividing cells . An essential motor protein complex called cytoplasmic dynein powers many aspects of microtubule-dependent transport , but it is currently unclear how dynein is regulated such that it can execute different processes . We have performed a genome-wide screen to isolate genes that are involved in dynein-dependent processes . We determined that 20 of the 49 genes we identified specifically influenced the viability of dynein mutant strains but not the viability of other C . elegans mutants . Many of the proteins that specifically influence dynein localized to subcellular sites where the dynein heavy chain has been reported by others to be found . Additionally , we identified four dynein components that appear to negatively regulate the force-generating dynein heavy chain . The identification and initial characterization of this group of genes represents a route to identify genes that are not themselves essential but do participate in essential processes .",,
exp2_human_066,exp2_elife_001_af_0005,eLife,exp2_elife_001,Tonic firing was observed in Purkinje neurons at depolarized membrane potentials.,True,"Neurons in the ‘up’ state produced tonic pulses , while neurons in the ‘down’ state produced short bursts of activity with the help of an ion channel called AMPAR .",True,"While technical, this fact could be paraphrased to explain a key observation about how certain brain cells behave under specific conditions, which may be relevant to the study's main findings or implications for brain function or disease.","Ever wonder how you keep your balance ? This is something that we learn to do as toddlers , and it involves the coordinated effort of various muscles in the body . An area at the base of the brain called the cerebellum controls this effort , and synchronizes our muscles by sending messages in the form of electrical signals along cells called Purkinje neurons . These signals consist of steady ‘tonic’ activity or short ‘bursts’ of activity . Previous studies in unconscious mammals suggest that these neurons can spontaneously switch between the two types of electrical signals . However , it is not clear whether this switch occurs in awake animals , or how these nerve activities control muscle movements . It is technically challenging to record the voltage of single Purkinje neurons of conscious rodents , so Sengupta and Thirumalai avoided this problem by using zebrafish larvae instead . These larvae are small , transparent and lack a skull , which makes it possible to record the activity of the cerebellum using tiny glass electrodes . The experiments show that even when the larvae are awake , the Purkinje cells produce either spontaneous bursts or tonic activity and they can readily switch between the two . The switch is controlled in part by the voltage on the neurons' surface . A positive voltage is called the ‘up’ state , while a negative voltage is dubbed the ‘down’ state . Neurons in the ‘up’ state produced tonic pulses , while neurons in the ‘down’ state produced short bursts of activity with the help of an ion channel called AMPAR . Cells called motor neurons in the spinal cord carry the final command from the nervous system to the muscles . Sengupta and Thirumalai recorded the activity of motor neurons and Purkinje neurons at the same time . This revealed that Purkinje neurons receive a copy of the motor command that goes to the muscle and produce short bursts of electrical activity in response . This effect required AMPAR activity , and was blocked by molecules that inhibit AMPAR . Furthermore , Sengupta and Thirumalai report that the timing of these short bursts with respect to the motor command changes from one Purkinje neuron to another . Future work will investigate how the Purkinje neurons receive and process the information in the motor command .",,
exp2_human_067,exp2_plos_002_af_0081,PLOS,exp2_plos_002,"Multi-single nucleotide polymorphism (multi-SNP) models, including both the k-nearest neighbors (KNN) model and the regularized linear model, are overall more robust than the single-SNP model and can outperform it for most genes.",False,,True,"This fact summarizes a key comparative finding about the effectiveness of different genetic models, which could be paraphrased for lay readers to highlight the study's main methodological advance and its implications for genetic research.","Variation in gene expression across different individuals has been found to play a role in susceptibility to different diseases . In addition , many genetic variants that are linked to changes in expression have been found to date . However , their joint ability to accurately predict these changes is not well understood and has rarely been evaluated . Here , we devise a method that uses multiple genetic variants to explain the variation in expression of genes across individuals . One important aspect of our method is its robustness , in that our predictions agree well between training and test sets . Thus , although the number of genes that could be explained is relatively small , the identity and quantitative degree to which genes can be predicted is known in advance . We also present an extension to our method that integrates different genomic annotations such as location of the genetic variant or its context to differentially weigh the genetic variants in our model and improve predictions . Finally , genes that are successfully predicted have , on average , higher expression and more variability across individuals , providing insight into the characteristics of the types of genes that can be predicted by our method .",,
exp2_human_068,exp2_plos_001_af_0018,PLOS,exp2_plos_001,The observed body deformations are a response to the combined internal (muscle/motor) and external (fluid) forcing which dictates the swimming behavior of a system.,True,It helps elucidate why flexible bodies can indeed be propelled forward by not only the internal muscular forcing but also by external fluid forces as reported earlier in which dead trout were found to swim in the wake of cylinder.,True,"This fact provides a high-level explanation of how internal and external forces influence body movement and swimming behavior, which is relevant for lay readers to understand the study's main findings or mechanisms.","The damped harmonic oscillator framework has been applied to interrogate numerous engineering systems like the tuned mass damper used in power transmission , automobiles , and buildings to reduce vibrations . We apply the same framework to undulatory swimming to understand the emergence of movement due to muscular and/or environmental forcing . It helps elucidate why flexible bodies can indeed be propelled forward by not only the internal muscular forcing but also by external fluid forces as reported earlier in which dead trout were found to swim in the wake of cylinder . We show how forcing triggers the first few deformation modes of the swimmer similar to how the appropriate forcing triggers the fundamental deformation modes on a guitar string . We show how the lower deformation modes produce the best forward propulsion of the body . This insight reveals that swimming is viable for small enough frequencies of neuromuscular activation relative to the natural frequencies of the body and for sufficiently stiff elastic properties . Thus , these results identify the key mechanistic parameters that would have been crucial to the evolutionary emergence of swimming animals . The proposed framework can help understand neural control of movement in swimming as well as control of underwater vehicles .",,
exp2_human_069,exp2_plos_001_af_0001,PLOS,exp2_plos_001,A forced damped oscillation framework is applied to a chain-link model for undulatory swimming to understand how forcing leads to deformation and movement.,True,We apply the same framework to undulatory swimming to understand the emergence of movement due to muscular and/or environmental forcing.,True,"This fact describes the high-level approach used in the study to understand movement, which could be paraphrased for lay readers to explain how researchers modeled swimming motion, making it relevant for a lay summary.","The damped harmonic oscillator framework has been applied to interrogate numerous engineering systems like the tuned mass damper used in power transmission , automobiles , and buildings to reduce vibrations . We apply the same framework to undulatory swimming to understand the emergence of movement due to muscular and/or environmental forcing . It helps elucidate why flexible bodies can indeed be propelled forward by not only the internal muscular forcing but also by external fluid forces as reported earlier in which dead trout were found to swim in the wake of cylinder . We show how forcing triggers the first few deformation modes of the swimmer similar to how the appropriate forcing triggers the fundamental deformation modes on a guitar string . We show how the lower deformation modes produce the best forward propulsion of the body . This insight reveals that swimming is viable for small enough frequencies of neuromuscular activation relative to the natural frequencies of the body and for sufficiently stiff elastic properties . Thus , these results identify the key mechanistic parameters that would have been crucial to the evolutionary emergence of swimming animals . The proposed framework can help understand neural control of movement in swimming as well as control of underwater vehicles .",,
exp2_human_070,exp2_elife_003_af_0013,eLife,exp2_elife_003,"Understanding perfusion kinetics at the scale of single blood cells is critical to understanding the entire connected network, especially since blood flow dynamics are tightly linked to physiologically relevant neural loads.",True,"Combining adaptive optics with high-speed video could allow us to track cells through the whole network of blood vessels in the eye . At the moment , blood flow measurement techniques either focus on the very big vessels , or the very small ones; they cannot get a complete picture of the whole interconnected system .",True,"This fact provides important background on why studying blood flow at the single-cell level matters for understanding the broader physiological context, which is relevant for lay readers to grasp the study's motivation and significance.","The magical twinkling of the night sky is actually the result of imperfections in Earth's atmosphere . Turbulence in the air distorts the light as it passes through , causing it to bend , which blurs the image . To get a clear picture of distant objects , astronomers use a technique called 'adaptive optics' . Deformable mirrors , controlled by computers , bend the light back to correct the distortion . Now , biologists are borrowing the same technique to take a closer look at the blood vessels of the brain . At the moment , functional MRI is one of the most popular imaging techniques for measuring blood flow in the brain . But it can only achieve a resolution of around 1 millimetre , and the tiniest capillaries measure less than a hundredth of a millimetre across . These tiny vessels can be examined surgically , or by injecting dyes into the bloodstream , but these techniques carry a risk . As a result , scientists can only use them in experimental animals . One solution is to look at the vessel network in the back of the eye . The retina is part of the brain and , because the eye is transparent , its blood supply is much easier to see . But imperfections in the eye bend light and blur images of the cells , just like the Earth's atmosphere blurs images of the stars . This is where adaptive optics comes in . Using this technique , it becomes possible to see single red blood cells . Combining adaptive optics with high-speed video could allow us to track cells through the whole network of blood vessels in the eye . At the moment , blood flow measurement techniques either focus on the very big vessels , or the very small ones; they cannot get a complete picture of the whole interconnected system . Now , Joseph et al . have combined adaptive optics , ultrafast imaging , and a new algorithm to view the whole blood vessel network in the eye of a mouse . The new method can automatically measure single blood cells , even when they are moving at their highest possible speed . It can capture the full range of retinal vessels , from the smallest capillaries to the largest arteries and veins . And , by tracking millions of cells at a time , it can reveal how the pressure wave of the blood changes with each beat of the heart . The slightest disruption in blood flow to the brain can cause irreversible damage . So , measuring blood flow is crucial to understanding what happens when things go wrong . This new method is not invasive and uses safe levels of near-infrared light which the retina cannot see , making it safe to use in humans . Joseph et al . have already started their first studies in humans , and the baseline data they have obtained for healthy mice also provides a starting point for comparison with mice with genetic mutations or disease .",,
exp2_human_071,exp2_elife_004_af_0220,eLife,exp2_elife_004,Microsatellite instability tumors in the advanced setting are generally associated with more peritoneal metastasis and worse overall survival independent of the chemotherapy regimen.,False,,True,"This fact describes a clinically relevant association between tumor type, disease progression, and patient outcomes, which is important for lay readers to understand the implications of the research.","Before a cell divides , it must first copy all of its genetic material . Any mistakes that are made during this process are called mutations . Mutations can give rise to new traits but are mostly harmful to the cells , or cause cancer; therefore , cells have evolved tools that can efficiently spot these mistakes and repair them . One of the main tools is called mismatch repair ( MMR ) . Defects in the cell's mismatch repair tools can wreak havoc as this allows many mutations to accumulate . Zhao et al . looked at the genomes of tumors where mismatch repair was not working properly to see what makes these ‘MMR-deficient tumors’ different from other tumors . This revealed that MMR-deficient tumors have similar patterns of mutations to those seen in egg and sperm cells . This was unexpected and suggests that mutations that are not corrected by mismatch repair are an important source of the genetic differences found between different humans , and between humans and their ancestors . Identifying cancerous tumors that are MMR-deficient is vital , as these tumors tend not to respond to commonly used cancer treatments . However , current clinical methods to identify MMR-deficient tumors often fail or produce results that are difficult to interpret . MMR-deficient tumors commonly contain mutations called indels , where short fragments of DNA are inserted or deleted into longer DNA sequences . Zhao et al . have found 59 indels that can be used to detect MMR-deficient tumors , where each indel had been identified in several tumors taken from different tissues . This new approach allowed MMR-deficiency to be identified in several types of tumor , including colon and ovarian cancers , with greater sensitivity and accuracy than the existing methods . Zhao et al . also found that the indels in MMR-deficient tumors reduce the ability of the tumors to repair a type of DNA damage called double-strand breaks . In these , both strands of DNA that make up the double helix are broken and the DNA chain is severed . As this kind of damage is very harmful to a cell , making more double-strand breaks could therefore form part of a more effective treatment against MMR-deficient tumors; further research is needed to investigate this possibility .",,
exp2_human_072,exp2_elife_004_af_0095,eLife,exp2_elife_004,Cytosine:guanine homopolymers are less likely to accumulate insertions and deletions (indels) in mismatch repair (MMR)-deficient tumors.,False,,True,"This fact describes a key relationship between a specific DNA sequence feature and mutation patterns in a disease context, which could be paraphrased for lay readers to help explain the study's findings about genetic changes in certain tumors.","Before a cell divides , it must first copy all of its genetic material . Any mistakes that are made during this process are called mutations . Mutations can give rise to new traits but are mostly harmful to the cells , or cause cancer; therefore , cells have evolved tools that can efficiently spot these mistakes and repair them . One of the main tools is called mismatch repair ( MMR ) . Defects in the cell's mismatch repair tools can wreak havoc as this allows many mutations to accumulate . Zhao et al . looked at the genomes of tumors where mismatch repair was not working properly to see what makes these ‘MMR-deficient tumors’ different from other tumors . This revealed that MMR-deficient tumors have similar patterns of mutations to those seen in egg and sperm cells . This was unexpected and suggests that mutations that are not corrected by mismatch repair are an important source of the genetic differences found between different humans , and between humans and their ancestors . Identifying cancerous tumors that are MMR-deficient is vital , as these tumors tend not to respond to commonly used cancer treatments . However , current clinical methods to identify MMR-deficient tumors often fail or produce results that are difficult to interpret . MMR-deficient tumors commonly contain mutations called indels , where short fragments of DNA are inserted or deleted into longer DNA sequences . Zhao et al . have found 59 indels that can be used to detect MMR-deficient tumors , where each indel had been identified in several tumors taken from different tissues . This new approach allowed MMR-deficiency to be identified in several types of tumor , including colon and ovarian cancers , with greater sensitivity and accuracy than the existing methods . Zhao et al . also found that the indels in MMR-deficient tumors reduce the ability of the tumors to repair a type of DNA damage called double-strand breaks . In these , both strands of DNA that make up the double helix are broken and the DNA chain is severed . As this kind of damage is very harmful to a cell , making more double-strand breaks could therefore form part of a more effective treatment against MMR-deficient tumors; further research is needed to investigate this possibility .",,
exp2_human_073,exp2_plos_005_af_0049,PLOS,exp2_plos_005,"NtARL8 co-purified with the 180K-FS protein from the solubilized membranes but not from the 15,000 x g supernatant of the extract of ToMV-180FS-GFP-infected and evacuolated protoplasts.",False,,False,"This fact describes a specific technical detail about protein co-purification from particular cell fractions, which is too fine-grained and procedural for a lay summary and does not directly support the main narrative for non-specialist readers.","Many important pathogens of plants , animals , and humans are positive-strand RNA viruses . They replicate via complementary RNA in replication complexes formed on host intracellular membranes . In the replication process , not only viral replication proteins but also host factors play important roles . Although many host factors whose knockdown affects the multiplication of positive-strand RNA viruses have been identified , the function of each host factor in virus multiplication is only poorly understood in most instances . In this paper , we show that a host small GTP-binding protein ARL8 is required for the multiplication of Tomato mosaic virus ( ToMV ) , and that it forms a complex with ToMV replication proteins and another essential host factor TOM1 that is a seven-pass transmembrane protein . We further demonstrate that the replication proteins acquire the ability to synthesize negative-strand ToMV RNA and RNA 5′ cap only in the presence of both TOM1 and ARL8 . The replication proteins of ToMV are multifunctional proteins that participate in RNA replication on membranes and RNA silencing suppression in the cytosol . Our results suggest that ToMV replication proteins are programmed to express their replication-related activities only on membranes through interactions with these host membrane proteins .",,
exp2_human_074,exp2_elife_001_af_0105,eLife,exp2_elife_001,"Purkinje neurons have two stable states: tonic spiking occurs in the ‘up’ state, and when the neurons are in the ‘down’ state, AMPA receptor-mediated synaptic inputs can toggle the cell to ‘up’ states, thus generating bursts.",True,"The experiments show that even when the larvae are awake , the Purkinje cells produce either spontaneous bursts or tonic activity and they can readily switch between the two . The switch is controlled in part by the voltage on the neurons' surface . A positive voltage is called the ‘up’ state , while a negative voltage is dubbed the ‘down’ state . Neurons in the ‘up’ state produced tonic pulses , while neurons in the ‘down’ state produced short bursts of activity with the help of an ion channel called AMPAR .",True,"This fact describes a key mechanism of how Purkinje neurons function, which could be central to understanding the study's main findings and can be paraphrased for lay readers to explain how neuronal activity is regulated.","Ever wonder how you keep your balance ? This is something that we learn to do as toddlers , and it involves the coordinated effort of various muscles in the body . An area at the base of the brain called the cerebellum controls this effort , and synchronizes our muscles by sending messages in the form of electrical signals along cells called Purkinje neurons . These signals consist of steady ‘tonic’ activity or short ‘bursts’ of activity . Previous studies in unconscious mammals suggest that these neurons can spontaneously switch between the two types of electrical signals . However , it is not clear whether this switch occurs in awake animals , or how these nerve activities control muscle movements . It is technically challenging to record the voltage of single Purkinje neurons of conscious rodents , so Sengupta and Thirumalai avoided this problem by using zebrafish larvae instead . These larvae are small , transparent and lack a skull , which makes it possible to record the activity of the cerebellum using tiny glass electrodes . The experiments show that even when the larvae are awake , the Purkinje cells produce either spontaneous bursts or tonic activity and they can readily switch between the two . The switch is controlled in part by the voltage on the neurons' surface . A positive voltage is called the ‘up’ state , while a negative voltage is dubbed the ‘down’ state . Neurons in the ‘up’ state produced tonic pulses , while neurons in the ‘down’ state produced short bursts of activity with the help of an ion channel called AMPAR . Cells called motor neurons in the spinal cord carry the final command from the nervous system to the muscles . Sengupta and Thirumalai recorded the activity of motor neurons and Purkinje neurons at the same time . This revealed that Purkinje neurons receive a copy of the motor command that goes to the muscle and produce short bursts of electrical activity in response . This effect required AMPAR activity , and was blocked by molecules that inhibit AMPAR . Furthermore , Sengupta and Thirumalai report that the timing of these short bursts with respect to the motor command changes from one Purkinje neuron to another . Future work will investigate how the Purkinje neurons receive and process the information in the motor command .",,
exp2_human_075,exp2_elife_002_af_0097,eLife,exp2_elife_002,"The pathway that targets cohesin to centromeres requires Scc4 residues that are, in some cases, invariant across diverse eukaryotes.",True,The amino-acid sequence of this centromere-targeting patch on the surface of Scc4 is conserved across species.,True,"This fact relates to a key mechanism (how cohesin is targeted to centromeres) and evolutionary conservation, which could be paraphrased for lay readers to highlight the importance and universality of the process studied.","DNA replication copies the genetic information contained in a cell's chromosomes . A ring-like protein complex , cohesin , holds together each pair of newly-replicated chromosomes , known as ‘sister chromatids’ . When the cell divides , cohesin is cleaved; this allows sister chromatids to separate , so that each daughter cell receives one member of each sister chromatid pair and thereby inherits a full complement of genes . Defects in this process result in severe developmental abnormalities . Moreover , the genes that underlie this process are among the most frequently mutated in cancer . Cohesin is enriched at centromeres: the chromosomal points of attachment to the apparatus ( called the ‘mitotic spindle’ ) that segregates the sister chromatids into the daughter cells . The protein complex that loads cohesin onto chromosomes determines this preferential localization . The two components of the loading complex , Scc2 and Scc4 , associate as a 1:1 pair . Hinshaw et al . used a technique called X-ray crystallography to determine the structure of Scc4 bound with a large fragment of Scc2 . The result showed that the elongated Scc4 twists around the fragment of Scc2 , forming an extended groove . Scc2 snakes through the Scc4 groove and emerges at both ends . Hinshaw et al . then performed a series of experiments in yeast cells to probe how Scc4 determines the location at which cohesin loads onto chromosomes . These experiments revealed that a region on the surface of Scc4 targets both Scc4 and Scc2 to centromeres . The amino-acid sequence of this centromere-targeting patch on the surface of Scc4 is conserved across species . Thus , the mechanism by which Scc4 localizes cohesin to centromeres may be similar in all eukaryotic organisms .",,
exp2_human_076,exp2_plos_003_af_0004,PLOS,exp2_plos_003,"Functional mode analysis detects the collective motion that is maximally correlated to a functional quantity, based on an ensemble of structures and an arbitrary functional quantity that quantifies the functional state of the protein.",True,"Therefore , we propose a novel technique termed “functional mode analysis” that , based on an ensemble of structures , aims to detect a collective motion that is directly related to a particular protein function . From the given set of protein structures , together with a “functional quantity” , the technique seeks the collective motion that is maximally correlated to the functional quantity .",True,"While technical, this fact describes a key methodological approach that could be paraphrased for lay readers to explain how researchers identified important protein motions related to function, which may be central to understanding the study's findings.","Proteins are flexible nanomachines that frequently accomplish their biological function by collective atomic motions . Such motions may be characterized by hinge , shear , or rotational motions of entire protein domains , loop movements , or subtle rearrangements of amino acid side chains . In many cases it is far from obvious how collective motions are related to a particular biological task . Therefore , we propose a novel technique termed “functional mode analysis” that , based on an ensemble of structures , aims to detect a collective motion that is directly related to a particular protein function . From the given set of protein structures , together with a “functional quantity” , the technique seeks the collective motion that is maximally correlated to the functional quantity . The chosen functional quantity can be quite general; typical examples could include the openness of a channel , active site geometry , or cleft solvent accessibility . Because the proposed framework is highly general , we expect the approach to be useful to a wide range of applications . To illustrate the new technique , we apply functional mode analysis to molecular dynamics trajectories of a polyalanine-helix , bacteriophage T4 lysozyme , Trp-cage , and Leucine-binding protein .",,
exp2_human_077,exp2_plos_001_af_0126,PLOS,exp2_plos_001,Eq. (24) indicates that there must be anisotropy in drag for the body to swim.,False,,True,"While the reference to Eq. (24) is technical, the underlying concept—that differences in drag are necessary for swimming—could be paraphrased into a lay-friendly explanation of a key mechanism relevant to the study's main story.","The damped harmonic oscillator framework has been applied to interrogate numerous engineering systems like the tuned mass damper used in power transmission , automobiles , and buildings to reduce vibrations . We apply the same framework to undulatory swimming to understand the emergence of movement due to muscular and/or environmental forcing . It helps elucidate why flexible bodies can indeed be propelled forward by not only the internal muscular forcing but also by external fluid forces as reported earlier in which dead trout were found to swim in the wake of cylinder . We show how forcing triggers the first few deformation modes of the swimmer similar to how the appropriate forcing triggers the fundamental deformation modes on a guitar string . We show how the lower deformation modes produce the best forward propulsion of the body . This insight reveals that swimming is viable for small enough frequencies of neuromuscular activation relative to the natural frequencies of the body and for sufficiently stiff elastic properties . Thus , these results identify the key mechanistic parameters that would have been crucial to the evolutionary emergence of swimming animals . The proposed framework can help understand neural control of movement in swimming as well as control of underwater vehicles .",,
exp2_human_078,exp2_elife_005_af_0094,eLife,exp2_elife_005,"In most African groups, the most significant f3 statistic includes either the Ju/’hoansi or a 1000 Genomes Project European source (GBR, CEU, FIN, or TSI).",False,,True,"While the technical terms (f3 statistic, specific population codes) would need paraphrasing, the fact that genetic analyses in African groups often show significant relationships with either the Ju/’hoansi or European populations could be relevant for explaining the study's findings about ancestry or genetic mixing to a lay audience.","Our genomes contain a record of historical events . This is because when groups of people are separated for generations , the DNA sequence in the two groups’ genomes will change in different ways . Looking at the differences in the genomes of people from the same population can help researchers to understand and reconstruct the historical interactions that brought their ancestors together . The mixing of two populations that were previously separate is known as admixture . Africa as a continent has few written records of its history . This means that it is somewhat unknown which important movements of people in the past generated the populations found in modern-day Africa . Busby et al . have now attempted to use DNA to look into this and reconstruct the last 4000 years of genetic history in African populations . As has been shown in other regions of the world , the new analysis showed that all African populations are the result of historical admixture events . However , Busby et al . could characterize these events to unprecedented level of detail . For example , multiple ethnic groups from The Gambia and Mali all show signs of sharing the same set of ancestors from West Africa , Europe and Asia who mixed around 2000 years ago . Evidence of a migration of people from Central West Africa , known as the Bantu expansion , could also be detected , and was shown to carry genes to the south and east . An important next step will be to now look at the consequences of the observed gene-flow , and ask if it has contributed to spreading beneficial , or detrimental , mutations around Africa .",,
exp2_human_079,exp2_plos_005_af_0009,PLOS,exp2_plos_005,"In an in vitro Tomato mosaic virus (ToMV) RNA translation-replication system, the lack of either TOM1 or ARL8 proteins inhibited the production of replicative-form RNA.",True,We further demonstrate that the replication proteins acquire the ability to synthesize negative-strand ToMV RNA and RNA 5′ cap only in the presence of both TOM1 and ARL8.,True,"This fact describes a key experimental finding about the roles of TOM1 and ARL8 proteins in viral RNA replication, which could be paraphrased for lay readers to explain the biological mechanism under study and its importance in understanding virus replication.","Many important pathogens of plants , animals , and humans are positive-strand RNA viruses . They replicate via complementary RNA in replication complexes formed on host intracellular membranes . In the replication process , not only viral replication proteins but also host factors play important roles . Although many host factors whose knockdown affects the multiplication of positive-strand RNA viruses have been identified , the function of each host factor in virus multiplication is only poorly understood in most instances . In this paper , we show that a host small GTP-binding protein ARL8 is required for the multiplication of Tomato mosaic virus ( ToMV ) , and that it forms a complex with ToMV replication proteins and another essential host factor TOM1 that is a seven-pass transmembrane protein . We further demonstrate that the replication proteins acquire the ability to synthesize negative-strand ToMV RNA and RNA 5′ cap only in the presence of both TOM1 and ARL8 . The replication proteins of ToMV are multifunctional proteins that participate in RNA replication on membranes and RNA silencing suppression in the cytosol . Our results suggest that ToMV replication proteins are programmed to express their replication-related activities only on membranes through interactions with these host membrane proteins .",,
exp2_human_080,exp2_plos_003_af_0154,PLOS,exp2_plos_003,The first 40 principal component analysis (PCA) vectors were used as the basis set for the functional mode analysis (FMA).,False,,False,"This is a technical methodological detail about data analysis (specifically, the number of PCA vectors used), which is unlikely to be necessary for lay understanding and would not typically appear in an expert lay summary.","Proteins are flexible nanomachines that frequently accomplish their biological function by collective atomic motions . Such motions may be characterized by hinge , shear , or rotational motions of entire protein domains , loop movements , or subtle rearrangements of amino acid side chains . In many cases it is far from obvious how collective motions are related to a particular biological task . Therefore , we propose a novel technique termed “functional mode analysis” that , based on an ensemble of structures , aims to detect a collective motion that is directly related to a particular protein function . From the given set of protein structures , together with a “functional quantity” , the technique seeks the collective motion that is maximally correlated to the functional quantity . The chosen functional quantity can be quite general; typical examples could include the openness of a channel , active site geometry , or cleft solvent accessibility . Because the proposed framework is highly general , we expect the approach to be useful to a wide range of applications . To illustrate the new technique , we apply functional mode analysis to molecular dynamics trajectories of a polyalanine-helix , bacteriophage T4 lysozyme , Trp-cage , and Leucine-binding protein .",,
