run,model,variant,article_id,source_dataset,original_index,sentence_index,sentence,rouge1_to_ref,rougeL_to_ref,risk_score,risk_tags,word_count,letters,avg_chars,long_word_count,long_word_ratio,hard_word_count,hard_word_ratio,fkgl,cli,dcrs
pilot_n20_v7_factuality_chase,gemini3_flash_preview_minimal,generated,laysumm_elife_0006,eLife,6,1,Many decisions are thought to arise from the accumulation of noisy evidence until a threshold is reached.,,,0,,17,88,5.176470588235294,1,0.058823529411764705,4,0.23529411764705882,,,
pilot_n20_v7_factuality_chase,gemini3_flash_preview_minimal,generated,laysumm_elife_0006,eLife,6,2,This process continues until the gathered information hits a specific limit or bound.,,,2,hard_word_dense,13,72,5.538461538461538,1,0.07692307692307693,4,0.3076923076923077,,,
pilot_n20_v7_factuality_chase,gemini3_flash_preview_minimal,generated,laysumm_elife_0006,eLife,6,3,"This mechanism explains how stimulus strength affects decision speed, accuracy, and confidence.",,,2,hard_word_dense|technical_density|causal_or_inferential,12,81,6.75,1,0.08333333333333333,5,0.4166666666666667,,,
pilot_n20_v7_factuality_chase,gemini3_flash_preview_minimal,generated,laysumm_elife_0006,eLife,6,4,These three factors are the key observable parts of how a decision is formed.,,,0,,14,63,4.5,1,0.07142857142857142,2,0.14285714285714285,,,
pilot_n20_v7_factuality_chase,gemini3_flash_preview_minimal,generated,laysumm_elife_0006,eLife,6,5,Increased noise is predicted to lead to faster decisions and paradoxically higher confidence.,,,2,hard_word_dense,13,80,6.153846153846154,2,0.15384615384615385,5,0.38461538461538464,,,
pilot_n20_v7_factuality_chase,gemini3_flash_preview_minimal,generated,laysumm_elife_0006,eLife,6,6,The extra noise pushes the evidence toward the decision bounds more quickly.,,,0,,12,64,5.333333333333333,0,0.0,2,0.16666666666666666,,,
pilot_n20_v7_factuality_chase,gemini3_flash_preview_minimal,generated,laysumm_elife_0006,eLife,6,7,Researchers tested this using a sensory manipulation that mimics noise in the visual cortex.,,,0,,14,78,5.571428571428571,2,0.14285714285714285,3,0.21428571428571427,,,
pilot_n20_v7_factuality_chase,gemini3_flash_preview_minimal,generated,laysumm_elife_0006,eLife,6,8,They verified this method using neuronal recordings from macaque brain areas MT/MST.,,,2,hard_word_dense,13,71,5.461538461538462,1,0.07692307692307693,4,0.3076923076923077,,,
pilot_n20_v7_factuality_chase,gemini3_flash_preview_minimal,generated,laysumm_elife_0006,eLife,6,9,"In humans and monkeys, increased noise led to faster decisions and greater confidence.",,,0,,13,72,5.538461538461538,1,0.07692307692307693,3,0.23076923076923078,,,
pilot_n20_v7_factuality_chase,gemini3_flash_preview_minimal,generated,laysumm_elife_0006,eLife,6,10,These effects occurred while the accuracy of the choices was only minimally impaired.,,,2,hard_word_dense|negation_or_contrast,13,72,5.538461538461538,0,0.0,4,0.3076923076923077,,,
pilot_n20_v7_factuality_chase,gemini3_flash_preview_minimal,generated,laysumm_elife_0006,eLife,6,11,The results were in agreement with the predictions of the bounded evidence accumulation model.,,,0,,14,80,5.714285714285714,2,0.14285714285714285,4,0.2857142857142857,,,
pilot_n20_v7_factuality_chase,gemini3_flash_preview_minimal,generated,laysumm_elife_0006,eLife,6,12,The size of the observed effects matched what the mathematical model expected.,,,0,,12,66,5.5,1,0.08333333333333333,3,0.25,,,
pilot_n20_v7_factuality_chase,gemini3_flash_preview_minimal,generated,laysumm_elife_0006,eLife,6,13,The model suggests that volatility disperses the decision variable away from its expected path.,,,2,hard_word_dense|hedged,14,81,5.785714285714286,1,0.07142857142857142,5,0.35714285714285715,,,
pilot_n20_v7_factuality_chase,gemini3_flash_preview_minimal,generated,laysumm_elife_0006,eLife,6,14,This dispersion causes the brain to reach a final choice in less time.,,,0,causal_or_inferential,13,57,4.384615384615385,1,0.07692307692307693,1,0.07692307692307693,,,
pilot_n20_v7_factuality_chase,gemini3_flash_preview_minimal,generated,laysumm_elife_0006,eLife,6,15,The sensory manipulation added unbiased noise to regions of the brain that select motion.,,,0,,14,75,5.357142857142857,1,0.07142857142857142,3,0.21428571428571427,,,
pilot_n20_v7_factuality_chase,gemini3_flash_preview_minimal,generated,laysumm_elife_0006,eLife,6,16,The macaque recordings confirmed that the visual cortex responded to this added noise.,,,2,hard_word_dense,13,73,5.615384615384615,1,0.07692307692307693,4,0.3076923076923077,,,
pilot_n20_v7_factuality_chase,gemini3_flash_preview_minimal,generated,laysumm_elife_0006,eLife,6,17,The increase in confidence was observed across a range of different visual stimuli.,,,2,hard_word_dense,13,70,5.384615384615385,1,0.07692307692307693,5,0.38461538461538464,,,
pilot_n20_v7_factuality_chase,gemini3_flash_preview_minimal,generated,laysumm_elife_0006,eLife,6,18,Both species showed similar changes in how they reacted to the noisy signals.,,,0,,13,64,4.923076923076923,0,0.0,1,0.07692307692307693,,,
pilot_n20_v7_factuality_chase,gemini3_flash_preview_minimal,generated,laysumm_elife_0026,eLife,26,1,The bacterial enzyme OspI from Shigella flexneri changes a specific part of the human protein UBC13.,,,2,hard_word_dense|number,16,82,5.125,0,0.0,5,0.3125,,,
pilot_n20_v7_factuality_chase,gemini3_flash_preview_minimal,generated,laysumm_elife_0026,eLife,26,2,This enzyme converts a glutamine residue at site Q100 into a glutamate residue through a process called deamidation.,,,2,hard_word_dense|number,18,95,5.277777777777778,1,0.05555555555555555,6,0.3333333333333333,,,
pilot_n20_v7_factuality_chase,gemini3_flash_preview_minimal,generated,laysumm_elife_0026,eLife,26,3,This chemical change stops UBC13 from working with another protein called TRAF6.,,,0,number,12,65,5.416666666666667,0,0.0,2,0.16666666666666666,,,
pilot_n20_v7_factuality_chase,gemini3_flash_preview_minimal,generated,laysumm_elife_0026,eLife,26,4,"Normally, these two proteins work together to signal the immune system to fight the infection.",,,0,,15,78,5.2,0,0.0,4,0.26666666666666666,,,
pilot_n20_v7_factuality_chase,gemini3_flash_preview_minimal,generated,laysumm_elife_0026,eLife,26,5,"When they cannot work together, the body's NF-κB inflammatory response is silenced.",,,2,hard_word_dense|negation_or_contrast,12,67,5.583333333333333,1,0.08333333333333333,4,0.3333333333333333,,,
pilot_n20_v7_factuality_chase,gemini3_flash_preview_minimal,generated,laysumm_elife_0026,eLife,26,6,The modification inhibits the interaction between UBC13 and TRAF6 by disrupting their connections.,,,4,long_word_dense|hard_word_dense|number,13,82,6.3076923076923075,4,0.3076923076923077,5,0.38461538461538464,,,
pilot_n20_v7_factuality_chase,gemini3_flash_preview_minimal,generated,laysumm_elife_0026,eLife,26,7,"Even though the overall shape of the protein does not change, it loses its ability to stick to its partner.",,,1,long_sentence|negation_or_contrast,20,86,4.3,0,0.0,2,0.1,,,
pilot_n20_v7_factuality_chase,gemini3_flash_preview_minimal,generated,laysumm_elife_0026,eLife,26,8,It specifically perturbs both the stable native and temporary transient interactions between them.,,,2,hard_word_dense,13,85,6.538461538461538,2,0.15384615384615385,4,0.3076923076923077,,,
pilot_n20_v7_factuality_chase,gemini3_flash_preview_minimal,generated,laysumm_elife_0026,eLife,26,9,The change causes UBC13 to form a new intramolecular salt-bridge within itself.,,,0,causal_or_inferential|number,12,64,5.333333333333333,2,0.16666666666666666,2,0.16666666666666666,,,
pilot_n20_v7_factuality_chase,gemini3_flash_preview_minimal,generated,laysumm_elife_0026,eLife,26,10,A salt-bridge is an electrical attraction between positive and negative parts of the proteins.,,,4,long_word_dense|hard_word_dense,14,79,5.642857142857143,3,0.21428571428571427,5,0.35714285714285715,,,
pilot_n20_v7_factuality_chase,gemini3_flash_preview_minimal,generated,laysumm_elife_0026,eLife,26,11,This internal bond competes with the intermolecular salt-bridge needed to bind to TRAF6.,,,2,hard_word_dense|number,13,73,5.615384615384615,2,0.15384615384615385,4,0.3076923076923077,,,
pilot_n20_v7_factuality_chase,gemini3_flash_preview_minimal,generated,laysumm_elife_0026,eLife,26,12,Electrostatic repulsion between the new glutamate and the surface of TRAF6 also prevents binding.,,,0,number,14,82,5.857142857142857,1,0.07142857142857142,4,0.2857142857142857,,,
pilot_n20_v7_factuality_chase,gemini3_flash_preview_minimal,generated,laysumm_elife_0026,eLife,26,13,The new negative charge on UBC13 repels the negatively charged surface of its partner.,,,0,number,14,70,5.0,1,0.07142857142857142,3,0.21428571428571427,,,
pilot_n20_v7_factuality_chase,gemini3_flash_preview_minimal,generated,laysumm_elife_0026,eLife,26,14,"Like two magnets with the same poles facing each other, the similar negative charges push the proteins away from one another.",,,1,long_sentence,21,103,4.904761904761905,0,0.0,3,0.14285714285714285,,,
pilot_n20_v7_factuality_chase,gemini3_flash_preview_minimal,generated,laysumm_elife_0026,eLife,26,15,This study shows how a post-translational modification can control protein-protein association.,,,4,long_word_dense|hard_word_dense|technical_density,11,82,7.454545454545454,4,0.36363636363636365,4,0.36363636363636365,,,
pilot_n20_v7_factuality_chase,gemini3_flash_preview_minimal,generated,laysumm_elife_0026,eLife,26,16,Small chemical changes interfere with how transient complexes briefly touch and bind.,,,0,,12,73,6.083333333333333,0,0.0,3,0.25,,,
pilot_n20_v7_factuality_chase,gemini3_flash_preview_minimal,generated,laysumm_elife_0026,eLife,26,17,This discovery explains a subtle way that pathogens can hijack human cell signaling.,,,0,causal_or_inferential,13,71,5.461538461538462,0,0.0,3,0.23076923076923078,,,
pilot_n20_v7_factuality_chase,gemini3_flash_preview_minimal,generated,laysumm_elife_0028,eLife,28,1,Working memory emerges from large-scale network interactions in the brain.,,,4,long_word_dense|hard_word_dense,10,63,6.3,2,0.2,4,0.4,,,
pilot_n20_v7_factuality_chase,gemini3_flash_preview_minimal,generated,laysumm_elife_0028,eLife,28,2,This memory allows people to hold and use information for short periods.,,,0,,12,60,5.0,1,0.08333333333333333,2,0.16666666666666666,,,
pilot_n20_v7_factuality_chase,gemini3_flash_preview_minimal,generated,laysumm_elife_0028,eLife,28,3,It is an emergent property of many brain regions working together.,,,0,,11,55,5.0,0,0.0,3,0.2727272727272727,,,
pilot_n20_v7_factuality_chase,gemini3_flash_preview_minimal,generated,laysumm_elife_0028,eLife,28,4,Brain regions exchange information through the synchronization of rhythmic activity.,,,4,long_word_dense|hard_word_dense,10,74,7.4,2,0.2,4,0.4,,,
pilot_n20_v7_factuality_chase,gemini3_flash_preview_minimal,generated,laysumm_elife_0028,eLife,28,5,These rhythmic waves occur when many brain cells send signals together.,,,0,,11,60,5.454545454545454,0,0.0,1,0.09090909090909091,,,
pilot_n20_v7_factuality_chase,gemini3_flash_preview_minimal,generated,laysumm_elife_0028,eLife,28,6,This synchronization allows for coordination across long distances in the brain.,,,2,long_word_dense,11,69,6.2727272727272725,2,0.18181818181818182,3,0.2727272727272727,,,
pilot_n20_v7_factuality_chase,gemini3_flash_preview_minimal,generated,laysumm_elife_0028,eLife,28,7,Researchers used tACS to modulate the right frontoparietal network at 6 Hz.,,,0,number,12,62,5.166666666666667,2,0.16666666666666666,3,0.25,,,
pilot_n20_v7_factuality_chase,gemini3_flash_preview_minimal,generated,laysumm_elife_0028,eLife,28,8,This method uses mild electrical currents to influence brain wave timing.,,,0,,11,62,5.636363636363637,1,0.09090909090909091,2,0.18181818181818182,,,
pilot_n20_v7_factuality_chase,gemini3_flash_preview_minimal,generated,laysumm_elife_0028,eLife,28,9,The right frontoparietal network includes frontal and parietal regions that support memory.,,,2,hard_word_dense,12,79,6.583333333333333,1,0.08333333333333333,4,0.3333333333333333,,,
pilot_n20_v7_factuality_chase,gemini3_flash_preview_minimal,generated,laysumm_elife_0028,eLife,28,10,Induced synchronization improved performance when cognitive demands were high.,,,4,long_word_dense|hard_word_dense|technical_density,9,69,7.666666666666667,2,0.2222222222222222,5,0.5555555555555556,,,
pilot_n20_v7_factuality_chase,gemini3_flash_preview_minimal,generated,laysumm_elife_0028,eLife,28,11,Participants performed better on difficult tasks requiring them to remember sequences.,,,2,hard_word_dense|technical_density,11,75,6.818181818181818,1,0.09090909090909091,6,0.5454545454545454,,,
pilot_n20_v7_factuality_chase,gemini3_flash_preview_minimal,generated,laysumm_elife_0028,eLife,28,12,The improvement was seen in a 2-back task where people remember items from two steps back.,,,0,number,16,72,4.5,1,0.0625,2,0.125,,,
pilot_n20_v7_factuality_chase,gemini3_flash_preview_minimal,generated,laysumm_elife_0028,eLife,28,13,The effects of stimulation depend on the relative phase and cognitive state.,,,0,technical_density,12,64,5.333333333333333,1,0.08333333333333333,3,0.25,,,
pilot_n20_v7_factuality_chase,gemini3_flash_preview_minimal,generated,laysumm_elife_0028,eLife,28,14,Researchers used fMRI to track how these factors changed brain activity.,,,0,,11,61,5.545454545454546,1,0.09090909090909091,2,0.18181818181818182,,,
pilot_n20_v7_factuality_chase,gemini3_flash_preview_minimal,generated,laysumm_elife_0028,eLife,28,15,This imaging technique measures changes in blood flow to track active brain areas.,,,2,hard_word_dense,13,69,5.3076923076923075,0,0.0,4,0.3076923076923077,,,
pilot_n20_v7_factuality_chase,gemini3_flash_preview_minimal,generated,laysumm_elife_0028,eLife,28,16,Synchronous tACS increased parietal activity which correlated with behavioral performance.,,,4,long_word_dense|hard_word_dense|technical_density,10,80,8.0,4,0.4,7,0.7,,,
pilot_n20_v7_factuality_chase,gemini3_flash_preview_minimal,generated,laysumm_elife_0028,eLife,28,17,The parietal region helps the brain process sensory and spatial information.,,,0,,11,65,5.909090909090909,1,0.09090909090909091,3,0.2727272727272727,,,
pilot_n20_v7_factuality_chase,gemini3_flash_preview_minimal,generated,laysumm_elife_0028,eLife,28,18,Increased activity in the right inferior parietal lobe led to faster responses.,,,2,hard_word_dense,12,67,5.583333333333333,0,0.0,5,0.4166666666666667,,,
pilot_n20_v7_factuality_chase,gemini3_flash_preview_minimal,generated,laysumm_elife_0028,eLife,28,19,The relative phase of stimulation influences information flow within the network.,,,4,long_word_dense|hard_word_dense,11,70,6.363636363636363,3,0.2727272727272727,4,0.36363636363636365,,,
pilot_n20_v7_factuality_chase,gemini3_flash_preview_minimal,generated,laysumm_elife_0028,eLife,28,20,This flow describes how different brain parts send signals to each other.,,,0,,12,61,5.083333333333333,0,0.0,2,0.16666666666666666,,,
pilot_n20_v7_factuality_chase,gemini3_flash_preview_minimal,generated,laysumm_elife_0028,eLife,28,21,Altering phase synchrony shapes how these network interactions occur.,,,2,hard_word_dense,9,60,6.666666666666667,1,0.1111111111111111,3,0.3333333333333333,,,
pilot_n20_v7_factuality_chase,gemini3_flash_preview_minimal,generated,laysumm_elife_0028,eLife,28,22,There is a link between brain synchronization and success in a demanding task.,,,0,,13,65,5.0,1,0.07692307692307693,2,0.15384615384615385,,,
pilot_n20_v7_factuality_chase,gemini3_flash_preview_minimal,generated,laysumm_elife_0028,eLife,28,23,Helping brain regions sync up can improve performance on mental challenges.,,,2,long_word_dense,11,64,5.818181818181818,2,0.18181818181818182,3,0.2727272727272727,,,
pilot_n20_v7_factuality_chase,gemini3_flash_preview_minimal,generated,laysumm_elife_0028,eLife,28,24,This link shows that the beat of brain waves is vital for task success.,,,0,causal_or_inferential,14,57,4.071428571428571,0,0.0,0,0.0,,,
pilot_n20_v7_factuality_chase,gemini3_flash_preview_minimal,generated,laysumm_elife_0035,eLife,35,1,The granular retrosplenial cortex (RSG) is essential for both spatial and non-spatial behaviors.,,,2,hard_word_dense,13,80,6.153846153846154,2,0.15384615384615385,5,0.38461538461538464,,,
pilot_n20_v7_factuality_chase,gemini3_flash_preview_minimal,generated,laysumm_elife_0035,eLife,35,2,"This brain region helps with navigation, learning, and memory.",,,0,,9,51,5.666666666666667,1,0.1111111111111111,2,0.2222222222222222,,,
pilot_n20_v7_factuality_chase,gemini3_flash_preview_minimal,generated,laysumm_elife_0035,eLife,35,3,Damage to this area causes spatial disorientation.,,,0,causal_or_inferential,7,43,6.142857142857143,1,0.14285714285714285,2,0.2857142857142857,,,
pilot_n20_v7_factuality_chase,gemini3_flash_preview_minimal,generated,laysumm_elife_0035,eLife,35,4,This makes it hard to find your way home.,,,0,,9,32,3.5555555555555554,0,0.0,0,0.0,,,
pilot_n20_v7_factuality_chase,gemini3_flash_preview_minimal,generated,laysumm_elife_0035,eLife,35,5,It is one of the first regions to show altered activity in Alzheimer’s disease.,,,0,,15,64,4.266666666666667,0,0.0,4,0.26666666666666666,,,
pilot_n20_v7_factuality_chase,gemini3_flash_preview_minimal,generated,laysumm_elife_0035,eLife,35,6,Researchers used optogenetic circuit mapping in mice to study two types of excitatory neurons.,,,2,long_word_dense,14,80,5.714285714285714,3,0.21428571428571427,3,0.21428571428571427,,,
pilot_n20_v7_factuality_chase,gemini3_flash_preview_minimal,generated,laysumm_elife_0035,eLife,35,7,These types are low-rheobase (LR) neurons and regular-spiking (RS) neurons.,,,2,long_word_dense,10,59,5.9,2,0.2,2,0.2,,,
pilot_n20_v7_factuality_chase,gemini3_flash_preview_minimal,generated,laysumm_elife_0035,eLife,35,8,Optogenetics is a technique that activates neurons using pulses of light.,,,0,,11,62,5.636363636363637,1,0.09090909090909091,3,0.2727272727272727,,,
pilot_n20_v7_factuality_chase,gemini3_flash_preview_minimal,generated,laysumm_elife_0035,eLife,35,9,These two types of neurons have very different physical shapes.,,,0,,10,53,5.3,0,0.0,2,0.2,,,
pilot_n20_v7_factuality_chase,gemini3_flash_preview_minimal,generated,laysumm_elife_0035,eLife,35,10,They also have different ways of firing electrical signals.,,,0,,9,50,5.555555555555555,1,0.1111111111111111,2,0.2222222222222222,,,
pilot_n20_v7_factuality_chase,gemini3_flash_preview_minimal,generated,laysumm_elife_0035,eLife,35,11,Spatial information from the anterior thalamus and dorsal subiculum is processed by LR cells.,,,2,hard_word_dense,14,79,5.642857142857143,1,0.07142857142857142,5,0.35714285714285715,,,
pilot_n20_v7_factuality_chase,gemini3_flash_preview_minimal,generated,laysumm_elife_0035,eLife,35,12,These LR cells are unique to the RSG and not found elsewhere.,,,0,negation_or_contrast,12,49,4.083333333333333,0,0.0,2,0.16666666666666666,,,
pilot_n20_v7_factuality_chase,gemini3_flash_preview_minimal,generated,laysumm_elife_0035,eLife,35,13,Brain areas involved in direction and position communicate with these cells.,,,2,hard_word_dense,11,65,5.909090909090909,1,0.09090909090909091,4,0.36363636363636365,,,
pilot_n20_v7_factuality_chase,gemini3_flash_preview_minimal,generated,laysumm_elife_0035,eLife,35,14,These excitable cells are unique among pyramidal cells in this region.,,,0,,11,59,5.363636363636363,0,0.0,3,0.2727272727272727,,,
pilot_n20_v7_factuality_chase,gemini3_flash_preview_minimal,generated,laysumm_elife_0035,eLife,35,15,Non-spatial information from the claustrum and anterior cingulate cortex is processed by RS cells.,,,2,hard_word_dense,14,83,5.928571428571429,2,0.14285714285714285,5,0.35714285714285715,,,
pilot_n20_v7_factuality_chase,gemini3_flash_preview_minimal,generated,laysumm_elife_0035,eLife,35,16,These RS cells focus on different inputs than their LR neighbors.,,,0,,11,54,4.909090909090909,0,0.0,1,0.09090909090909091,,,
pilot_n20_v7_factuality_chase,gemini3_flash_preview_minimal,generated,laysumm_elife_0035,eLife,35,17,Standard neurons in this cortex handle different signals.,,,0,,8,49,6.125,0,0.0,1,0.125,,,
pilot_n20_v7_factuality_chase,gemini3_flash_preview_minimal,generated,laysumm_elife_0035,eLife,35,18,They are preferentially controlled by sources of mostly non-spatial information.,,,4,long_word_dense|hard_word_dense,10,69,6.9,4,0.4,4,0.4,,,
pilot_n20_v7_factuality_chase,gemini3_flash_preview_minimal,generated,laysumm_elife_0035,eLife,35,19,Parallel processing is enabled by the anatomical organization of axons and dendrites in layer 1.,,,4,long_word_dense|hard_word_dense|number,15,80,5.333333333333333,3,0.2,6,0.4,,,
pilot_n20_v7_factuality_chase,gemini3_flash_preview_minimal,generated,laysumm_elife_0035,eLife,35,20,The physical overlap of these branches allows for specific communication.,,,2,hard_word_dense,10,63,6.3,1,0.1,4,0.4,,,
pilot_n20_v7_factuality_chase,gemini3_flash_preview_minimal,generated,laysumm_elife_0035,eLife,35,21,Precise overlap exists between apical dendrites and dense thalamic axons.,,,2,hard_word_dense,10,63,6.3,0,0.0,5,0.5,,,
pilot_n20_v7_factuality_chase,gemini3_flash_preview_minimal,generated,laysumm_elife_0035,eLife,35,22,This structure permits the separation of input streams.,,,0,,8,47,5.875,1,0.125,2,0.25,,,
pilot_n20_v7_factuality_chase,gemini3_flash_preview_minimal,generated,laysumm_elife_0035,eLife,35,23,LR neurons can compute the speed of head rotation from head direction inputs.,,,0,,13,64,4.923076923076923,0,0.0,3,0.23076923076923078,,,
pilot_n20_v7_factuality_chase,gemini3_flash_preview_minimal,generated,laysumm_elife_0035,eLife,35,24,Specific synaptic dynamics allow the brain to calculate how fast the head turns.,,,2,hard_word_dense,13,67,5.153846153846154,0,0.0,4,0.3076923076923077,,,
pilot_n20_v7_factuality_chase,gemini3_flash_preview_minimal,generated,laysumm_elife_0035,eLife,35,25,These neurons turn compass-like signals into a gyroscope signal.,,,0,,9,54,6.0,1,0.1111111111111111,2,0.2222222222222222,,,
pilot_n20_v7_factuality_chase,gemini3_flash_preview_minimal,generated,laysumm_elife_0035,eLife,35,26,This allows for the robust encoding of angular speed.,,,0,,9,44,4.888888888888889,0,0.0,2,0.2222222222222222,,,
pilot_n20_v7_factuality_chase,gemini3_flash_preview_minimal,generated,laysumm_elife_0035,eLife,35,27,The discovery of parallel input streams identifies a neuronal subtype that supports spatial orientation.,,,2,hard_word_dense,14,90,6.428571428571429,2,0.14285714285714285,6,0.42857142857142855,,,
pilot_n20_v7_factuality_chase,gemini3_flash_preview_minimal,generated,laysumm_elife_0057,eLife,57,1,Stable petal numbers ensure reliable attraction of pollinators to reproductive organs.,,,4,long_word_dense|hard_word_dense,11,75,6.818181818181818,3,0.2727272727272727,5,0.45454545454545453,,,
pilot_n20_v7_factuality_chase,gemini3_flash_preview_minimal,generated,laysumm_elife_0057,eLife,57,2,Petals are usually required to open the flower and help attract these insects.,,,0,,13,65,5.0,0,0.0,2,0.15384615384615385,,,
pilot_n20_v7_factuality_chase,gemini3_flash_preview_minimal,generated,laysumm_elife_0057,eLife,57,3,Different insects are attracted to flowers of different shapes and colors.,,,0,,11,63,5.7272727272727275,0,0.0,3,0.2727272727272727,,,
pilot_n20_v7_factuality_chase,gemini3_flash_preview_minimal,generated,laysumm_elife_0057,eLife,57,4,The plant Arabidopsis thaliana consistently produces four petals in its flowers.,,,4,long_word_dense|hard_word_dense,11,69,6.2727272727272725,2,0.18181818181818182,4,0.36363636363636365,,,
pilot_n20_v7_factuality_chase,gemini3_flash_preview_minimal,generated,laysumm_elife_0057,eLife,57,5,This petal count is invariant and does not change with genetic diversity.,,,0,negation_or_contrast,12,61,5.083333333333333,0,0.0,3,0.25,,,
pilot_n20_v7_factuality_chase,gemini3_flash_preview_minimal,generated,laysumm_elife_0057,eLife,57,6,This plant is often used in research studies and its petal count does not change even with genetic diversity.,,,1,long_sentence|negation_or_contrast,19,90,4.7368421052631575,0,0.0,2,0.10526315789473684,,,
pilot_n20_v7_factuality_chase,gemini3_flash_preview_minimal,generated,laysumm_elife_0057,eLife,57,7,The related species Cardamine hirsuta has a variable petal number.,,,2,hard_word_dense,10,56,5.6,0,0.0,4,0.4,,,
pilot_n20_v7_factuality_chase,gemini3_flash_preview_minimal,generated,laysumm_elife_0057,eLife,57,8,A single plant can have flowers with zero to four petals.,,,0,,11,46,4.181818181818182,0,0.0,0,0.0,,,
pilot_n20_v7_factuality_chase,gemini3_flash_preview_minimal,generated,laysumm_elife_0057,eLife,57,9,"Unlike Arabidopsis, this related species lacks robustness in its petal count.",,,4,long_word_dense|hard_word_dense,11,65,5.909090909090909,2,0.18181818181818182,4,0.36363636363636365,,,
pilot_n20_v7_factuality_chase,gemini3_flash_preview_minimal,generated,laysumm_elife_0057,eLife,57,10,Divergence in the floral regulator gene APETALA1 explains this species difference.,,,4,long_word_dense|hard_word_dense|causal_or_inferential|number,11,70,6.363636363636363,2,0.18181818181818182,4,0.36363636363636365,,,
pilot_n20_v7_factuality_chase,gemini3_flash_preview_minimal,generated,laysumm_elife_0057,eLife,57,11,"This gene, also called AP1, is a major factor in petal evolution.",,,0,number,12,50,4.166666666666667,0,0.0,1,0.08333333333333333,,,
pilot_n20_v7_factuality_chase,gemini3_flash_preview_minimal,generated,laysumm_elife_0057,eLife,57,12,"Mutations in this gene cause petal loss in both species, making it a strong candidate for the difference.",,,0,causal_or_inferential,18,86,4.777777777777778,1,0.05555555555555555,3,0.16666666666666666,,,
pilot_n20_v7_factuality_chase,gemini3_flash_preview_minimal,generated,laysumm_elife_0057,eLife,57,13,Arabidopsis AP1 confers robustness by masking quantitative trait loci.,,,4,long_word_dense|hard_word_dense|number,9,60,6.666666666666667,3,0.3333333333333333,3,0.3333333333333333,,,
pilot_n20_v7_factuality_chase,gemini3_flash_preview_minimal,generated,laysumm_elife_0057,eLife,57,14,"These loci, or QTL, are other genes that control petal number.",,,0,,11,49,4.454545454545454,0,0.0,0,0.0,,,
pilot_n20_v7_factuality_chase,gemini3_flash_preview_minimal,generated,laysumm_elife_0057,eLife,57,15,Introducing the Arabidopsis version of the gene into Cardamine hirsuta converts its petal number from variable to a stable count of four.,,,1,long_sentence,22,115,5.2272727272727275,2,0.09090909090909091,5,0.22727272727272727,,,
pilot_n20_v7_factuality_chase,gemini3_flash_preview_minimal,generated,laysumm_elife_0057,eLife,57,16,The Cardamine version of AP1 fails to complement this masking function.,,,0,number,11,59,5.363636363636363,1,0.09090909090909091,2,0.18181818181818182,,,
pilot_n20_v7_factuality_chase,gemini3_flash_preview_minimal,generated,laysumm_elife_0057,eLife,57,17,This difference is caused by regulatory regions rather than protein coding regions.,,,0,causal_or_inferential,12,71,5.916666666666667,2,0.16666666666666666,2,0.16666666666666666,,,
pilot_n20_v7_factuality_chase,gemini3_flash_preview_minimal,generated,laysumm_elife_0057,eLife,57,18,The Cardamine version of the gene cannot restore a stable count of four petals when tested in the lab.,,,1,long_sentence|negation_or_contrast,19,83,4.368421052631579,0,0.0,2,0.10526315789473684,,,
pilot_n20_v7_factuality_chase,gemini3_flash_preview_minimal,generated,laysumm_elife_0057,eLife,57,19,Cardamine hirsuta maintains variation despite having the potential for four petals.,,,2,hard_word_dense|hedged,11,72,6.545454545454546,0,0.0,5,0.45454545454545453,,,
pilot_n20_v7_factuality_chase,gemini3_flash_preview_minimal,generated,laysumm_elife_0057,eLife,57,20,Natural populations have enough standing genetic variation to produce four-petalled flowers through recombination.,,,4,long_word_dense|hard_word_dense|technical_density,13,100,7.6923076923076925,3,0.23076923076923078,7,0.5384615384615384,,,
pilot_n20_v7_factuality_chase,gemini3_flash_preview_minimal,generated,laysumm_elife_0057,eLife,57,21,"Natural populations of Cardamine hirsuta typically do not have four petals, but they have the genetic potential to do so.",,,3,long_sentence|hard_word_dense|technical_density|hedged|negation_or_contrast,20,100,5.0,1,0.05,7,0.35,,,
pilot_n20_v7_factuality_chase,gemini3_flash_preview_minimal,generated,laysumm_elife_0062,eLife,62,1,The way digestive organs undergo regeneration in planarians is not well understood.,,,4,long_word_dense|hard_word_dense|negation_or_contrast,12,71,5.916666666666667,3,0.25,5,0.4166666666666667,,,
pilot_n20_v7_factuality_chase,gemini3_flash_preview_minimal,generated,laysumm_elife_0062,eLife,62,2,Planarians are flatworms that can regrow their entire gut after an injury.,,,0,,12,62,5.166666666666667,1,0.08333333333333333,3,0.25,,,
pilot_n20_v7_factuality_chase,gemini3_flash_preview_minimal,generated,laysumm_elife_0062,eLife,62,3,Researchers used laser-capture microdissection and RNA-seq to study the Schmidtea mediterranea gut.,,,4,long_word_dense|hard_word_dense,12,85,7.083333333333333,4,0.3333333333333333,4,0.3333333333333333,,,
pilot_n20_v7_factuality_chase,gemini3_flash_preview_minimal,generated,laysumm_elife_0062,eLife,62,4,"Laser-capture microdissection, or LCM, allows scientists to isolate specific tissue regions from the planarian flatworm Schmidtea mediterranea.",,,4,long_word_dense|hard_word_dense,17,123,7.235294117647059,4,0.23529411764705882,6,0.35294117647058826,,,
pilot_n20_v7_factuality_chase,gemini3_flash_preview_minimal,generated,laysumm_elife_0062,eLife,62,5,The study identified 809 intestine-enriched transcripts that previous studies did not find.,,,2,long_word_dense|negation_or_contrast|number,12,75,6.25,3,0.25,2,0.16666666666666666,,,
pilot_n20_v7_factuality_chase,gemini3_flash_preview_minimal,generated,laysumm_elife_0062,eLife,62,6,These transcripts are genetic messages that are highly active in the gut and were missed by single-cell studies.,,,0,,18,93,5.166666666666667,2,0.1111111111111111,4,0.2222222222222222,,,
pilot_n20_v7_factuality_chase,gemini3_flash_preview_minimal,generated,laysumm_elife_0062,eLife,62,7,"The planarian gut transcriptome is similar to the human duodenum, small intestine, and liver.",,,2,hard_word_dense,14,77,5.5,1,0.07142857142857142,5,0.35714285714285715,,,
pilot_n20_v7_factuality_chase,gemini3_flash_preview_minimal,generated,laysumm_elife_0062,eLife,62,8,"This similarity includes genes used for metabolism, bile transport, and transporting nutrients like glucose and fats.",,,4,long_word_dense|hard_word_dense,16,99,6.1875,3,0.1875,5,0.3125,,,
pilot_n20_v7_factuality_chase,gemini3_flash_preview_minimal,generated,laysumm_elife_0062,eLife,62,9,Gene expression shows regionalization along the medio-lateral axis of the intestine.,,,4,long_word_dense|hard_word_dense|technical_density,11,72,6.545454545454546,3,0.2727272727272727,4,0.36363636363636365,,,
pilot_n20_v7_factuality_chase,gemini3_flash_preview_minimal,generated,laysumm_elife_0062,eLife,62,10,"This means different genes are active in the center versus the outer edges, especially among goblet cells.",,,0,,17,88,5.176470588235294,1,0.058823529411764705,3,0.17647058823529413,,,
pilot_n20_v7_factuality_chase,gemini3_flash_preview_minimal,generated,laysumm_elife_0062,eLife,62,11,The factor gli-1 controls the regeneration of goblet cells in the gut.,,,0,number,12,56,4.666666666666667,1,0.08333333333333333,1,0.08333333333333333,,,
pilot_n20_v7_factuality_chase,gemini3_flash_preview_minimal,generated,laysumm_elife_0062,eLife,62,12,A second factor called RREB2 is required for the maintenance and survival of these cells after they form.,,,0,number,18,86,4.777777777777778,1,0.05555555555555555,3,0.16666666666666666,,,
pilot_n20_v7_factuality_chase,gemini3_flash_preview_minimal,generated,laysumm_elife_0062,eLife,62,13,This intestinal map serves as a resource for studying regeneration and physiology.,,,4,long_word_dense|hard_word_dense,12,70,5.833333333333333,3,0.25,4,0.3333333333333333,,,
pilot_n20_v7_factuality_chase,gemini3_flash_preview_minimal,generated,laysumm_elife_0062,eLife,62,14,The data helps researchers understand how digestive tissues repair themselves after damage and provides insights into cellular processes.,,,2,hard_word_dense,18,119,6.611111111111111,3,0.16666666666666666,8,0.4444444444444444,,,
pilot_n20_v7_factuality_chase,gemini3_flash_preview_minimal,generated,laysumm_elife_0062,eLife,62,15,This genetic map helps scientists understand how other animals might better repair digestive damage.,,,2,hard_word_dense|hedged,14,86,6.142857142857143,2,0.14285714285714285,5,0.35714285714285715,,,
pilot_n20_v7_factuality_chase,gemini3_flash_preview_minimal,generated,laysumm_elife_0062,eLife,62,16,The study generates new insights into cellular processes whose dysregulation underlies human gastrointestinal pathologies.,,,4,long_word_dense|hard_word_dense|technical_density,14,108,7.714285714285714,3,0.21428571428571427,7,0.5,,,
pilot_n20_v7_factuality_chase,gemini3_flash_preview_minimal,generated,laysumm_elife_0070,eLife,70,1,Mitochondria are essential for cell energy and must remove misfolded proteins to function.,,,2,hard_word_dense,13,77,5.923076923076923,1,0.07692307692307693,5,0.38461538461538464,,,
pilot_n20_v7_factuality_chase,gemini3_flash_preview_minimal,generated,laysumm_elife_0070,eLife,70,2,Damaged proteins can cause these powerhouses to fail if they are not removed.,,,0,causal_or_inferential|negation_or_contrast,13,64,4.923076923076923,1,0.07692307692307693,3,0.23076923076923078,,,
pilot_n20_v7_factuality_chase,gemini3_flash_preview_minimal,generated,laysumm_elife_0070,eLife,70,3,These organelles are the primary source of energy for the cell.,,,0,,11,52,4.7272727272727275,1,0.09090909090909091,3,0.2727272727272727,,,
pilot_n20_v7_factuality_chase,gemini3_flash_preview_minimal,generated,laysumm_elife_0070,eLife,70,4,They are also vital for metabolism.,,,0,,6,29,4.833333333333333,1,0.16666666666666666,1,0.16666666666666666,,,
pilot_n20_v7_factuality_chase,gemini3_flash_preview_minimal,generated,laysumm_elife_0070,eLife,70,5,Ongoing damage can lead to organelle dysfunction.,,,2,hard_word_dense,7,42,6.0,1,0.14285714285714285,3,0.42857142857142855,,,
pilot_n20_v7_factuality_chase,gemini3_flash_preview_minimal,generated,laysumm_elife_0070,eLife,70,6,Researchers used Saccharomyces cerevisiae yeast with temperature-sensitive proteins to study this process.,,,4,long_word_dense|hard_word_dense,12,93,7.75,4,0.3333333333333333,4,0.3333333333333333,,,
pilot_n20_v7_factuality_chase,gemini3_flash_preview_minimal,generated,laysumm_elife_0070,eLife,70,7,These proteins misfold when the temperature is raised from 25°C to 37°C.,,,0,number,14,54,3.857142857142857,1,0.07142857142857142,1,0.07142857142857142,,,
pilot_n20_v7_factuality_chase,gemini3_flash_preview_minimal,generated,laysumm_elife_0070,eLife,70,8,This change allows scientists to trigger the damage.,,,0,,8,44,5.5,1,0.125,1,0.125,,,
pilot_n20_v7_factuality_chase,gemini3_flash_preview_minimal,generated,laysumm_elife_0070,eLife,70,9,The yeast serves as a model organism for the study.,,,0,,10,41,4.1,0,0.0,1,0.1,,,
pilot_n20_v7_factuality_chase,gemini3_flash_preview_minimal,generated,laysumm_elife_0070,eLife,70,10,This method helps observe the cleanup process in real time.,,,0,,10,49,4.9,0,0.0,1,0.1,,,
pilot_n20_v7_factuality_chase,gemini3_flash_preview_minimal,generated,laysumm_elife_0070,eLife,70,11,The ubiquitin-proteasome system breaks down these proteins at the mitochondrial outer membrane.,,,0,,12,82,6.833333333333333,2,0.16666666666666666,3,0.25,,,
pilot_n20_v7_factuality_chase,gemini3_flash_preview_minimal,generated,laysumm_elife_0070,eLife,70,12,This means the cleanup happens directly on the surface of the mitochondria.,,,0,,12,63,5.25,1,0.08333333333333333,3,0.25,,,
pilot_n20_v7_factuality_chase,gemini3_flash_preview_minimal,generated,laysumm_elife_0070,eLife,70,13,The proteins are degraded without being moved elsewhere.,,,0,negation_or_contrast,8,48,6.0,0,0.0,2,0.25,,,
pilot_n20_v7_factuality_chase,gemini3_flash_preview_minimal,generated,laysumm_elife_0070,eLife,70,14,The proteasome acts as a molecular machine for destruction.,,,4,long_word_dense|hard_word_dense,9,50,5.555555555555555,2,0.2222222222222222,4,0.4444444444444444,,,
pilot_n20_v7_factuality_chase,gemini3_flash_preview_minimal,generated,laysumm_elife_0070,eLife,70,15,This confirms the location of the quality control pathway.,,,0,causal_or_inferential,9,49,5.444444444444445,0,0.0,2,0.2222222222222222,,,
pilot_n20_v7_factuality_chase,gemini3_flash_preview_minimal,generated,laysumm_elife_0070,eLife,70,16,The ubiquitin ligase enzymes Ubr1 and San1 tag the misfolded proteins for destruction.,,,2,hard_word_dense|number,13,71,5.461538461538462,1,0.07692307692307693,5,0.38461538461538464,,,
pilot_n20_v7_factuality_chase,gemini3_flash_preview_minimal,generated,laysumm_elife_0070,eLife,70,17,These ligases act as markers to identify which proteins the cell should destroy.,,,0,,13,67,5.153846153846154,0,0.0,2,0.15384615384615385,,,
pilot_n20_v7_factuality_chase,gemini3_flash_preview_minimal,generated,laysumm_elife_0070,eLife,70,18,They function as components of the mitochondrial machinery.,,,4,long_word_dense|hard_word_dense,8,51,6.375,2,0.25,3,0.375,,,
pilot_n20_v7_factuality_chase,gemini3_flash_preview_minimal,generated,laysumm_elife_0070,eLife,70,19,The tags are molecular signals for the proteasome.,,,0,,8,42,5.25,1,0.125,2,0.25,,,
pilot_n20_v7_factuality_chase,gemini3_flash_preview_minimal,generated,laysumm_elife_0070,eLife,70,20,This specific tagging ensures only damaged proteins are removed.,,,2,hard_word_dense|negation_or_contrast,9,55,6.111111111111111,0,0.0,4,0.4444444444444444,,,
pilot_n20_v7_factuality_chase,gemini3_flash_preview_minimal,generated,laysumm_elife_0070,eLife,70,21,This cleanup requires Hsp70 chaperones from the SSA family and the Hsp40 chaperone Sis1.,,,0,number,14,69,4.928571428571429,1,0.07142857142857142,4,0.2857142857142857,,,
pilot_n20_v7_factuality_chase,gemini3_flash_preview_minimal,generated,laysumm_elife_0070,eLife,70,22,Chaperones are helper proteins that recognize and bind to the misshapen targets.,,,0,,12,68,5.666666666666667,1,0.08333333333333333,3,0.25,,,
pilot_n20_v7_factuality_chase,gemini3_flash_preview_minimal,generated,laysumm_elife_0070,eLife,70,23,This is the first evidence for chaperone involvement in this pathway.,,,0,,11,58,5.2727272727272725,1,0.09090909090909091,3,0.2727272727272727,,,
pilot_n20_v7_factuality_chase,gemini3_flash_preview_minimal,generated,laysumm_elife_0070,eLife,70,24,They position themselves to recognize the misfolded proteins.,,,2,hard_word_dense,8,53,6.625,1,0.125,4,0.5,,,
pilot_n20_v7_factuality_chase,gemini3_flash_preview_minimal,generated,laysumm_elife_0070,eLife,70,25,These helpers are essential for the degradation process.,,,0,,8,48,6.0,1,0.125,2,0.25,,,
pilot_n20_v7_factuality_chase,gemini3_flash_preview_minimal,generated,laysumm_elife_0070,eLife,70,26,The Cdc48 complex and a mitochondrial pool of Ubx2 also help degrade the proteins.,,,0,number,14,65,4.642857142857143,1,0.07142857142857142,2,0.14285714285714285,,,
pilot_n20_v7_factuality_chase,gemini3_flash_preview_minimal,generated,laysumm_elife_0070,eLife,70,27,This study reveals a unique pathway using both cytosolic and mitochondrial factors.,,,0,,12,71,5.916666666666667,1,0.08333333333333333,3,0.25,,,
pilot_n20_v7_factuality_chase,gemini3_flash_preview_minimal,generated,laysumm_elife_0163,eLife,163,1,MicroRNAs are small molecules that control how genes work in the body.,,,0,,12,58,4.833333333333333,0,0.0,2,0.16666666666666666,,,
pilot_n20_v7_factuality_chase,gemini3_flash_preview_minimal,generated,laysumm_elife_0163,eLife,163,2,One specific type called miR-9 is very common in the brain and neurons.,,,0,number,13,56,4.3076923076923075,0,0.0,1,0.07692307692307693,,,
pilot_n20_v7_factuality_chase,gemini3_flash_preview_minimal,generated,laysumm_elife_0163,eLife,163,3,The role of miR-9 in dendritic and synaptic development was previously unknown.,,,2,hard_word_dense|technical_density|number,12,65,5.416666666666667,2,0.16666666666666666,4,0.3333333333333333,,,
pilot_n20_v7_factuality_chase,gemini3_flash_preview_minimal,generated,laysumm_elife_0163,eLife,163,4,Dendrites are the tree-like branches that help neurons receive signals from others.,,,0,,12,70,5.833333333333333,0,0.0,3,0.25,,,
pilot_n20_v7_factuality_chase,gemini3_flash_preview_minimal,generated,laysumm_elife_0163,eLife,163,5,Researchers created a transgenic miRNA sponge mouse line to inactivate miR-9.,,,2,long_word_dense|number,11,64,5.818181818181818,3,0.2727272727272727,3,0.2727272727272727,,,
pilot_n20_v7_factuality_chase,gemini3_flash_preview_minimal,generated,laysumm_elife_0163,eLife,163,6,This sponge mouse allows scientists to turn off the molecule at specific times.,,,0,,13,66,5.076923076923077,1,0.07692307692307693,2,0.15384615384615385,,,
pilot_n20_v7_factuality_chase,gemini3_flash_preview_minimal,generated,laysumm_elife_0163,eLife,163,7,The study found that miR-9 controls dendritic growth and synaptic transmission.,,,0,number,11,66,6.0,1,0.09090909090909091,3,0.2727272727272727,,,
pilot_n20_v7_factuality_chase,gemini3_flash_preview_minimal,generated,laysumm_elife_0163,eLife,163,8,Neurons in the hippocampus had shorter branches when this molecule was blocked.,,,0,,12,67,5.583333333333333,1,0.08333333333333333,2,0.16666666666666666,,,
pilot_n20_v7_factuality_chase,gemini3_flash_preview_minimal,generated,laysumm_elife_0163,eLife,163,9,The downregulation of a transcriptional repressor called REST is essential for growth.,,,2,hard_word_dense|technical_density,12,74,6.166666666666667,2,0.16666666666666666,4,0.3333333333333333,,,
pilot_n20_v7_factuality_chase,gemini3_flash_preview_minimal,generated,laysumm_elife_0163,eLife,163,10,The miR-9 molecule keeps REST levels low so that dendrites can grow properly.,,,0,number,13,62,4.769230769230769,0,0.0,3,0.23076923076923078,,,
pilot_n20_v7_factuality_chase,gemini3_flash_preview_minimal,generated,laysumm_elife_0163,eLife,163,11,High levels of REST prevent the normal development of these neuronal branches.,,,0,technical_density,12,66,5.5,1,0.08333333333333333,2,0.16666666666666666,,,
pilot_n20_v7_factuality_chase,gemini3_flash_preview_minimal,generated,laysumm_elife_0163,eLife,163,12,"By lowering REST, miR-9 ensures that the genes for growth stay active.",,,0,number,12,55,4.583333333333333,0,0.0,3,0.25,,,
pilot_n20_v7_factuality_chase,gemini3_flash_preview_minimal,generated,laysumm_elife_0163,eLife,163,13,Blocking miR-9 also led to weaker electrical signals between the brain cells.,,,0,number,12,63,5.25,1,0.08333333333333333,1,0.08333333333333333,,,
pilot_n20_v7_factuality_chase,gemini3_flash_preview_minimal,generated,laysumm_elife_0163,eLife,163,14,This shows that the molecule is vital for healthy communication in the brain.,,,0,causal_or_inferential,13,64,4.923076923076923,1,0.07692307692307693,2,0.15384615384615385,,,
pilot_n20_v7_factuality_chase,gemini3_flash_preview_minimal,generated,laysumm_elife_0163,eLife,163,15,The new mouse model helped track these changes in a living system.,,,0,,12,54,4.5,0,0.0,0,0.0,,,
pilot_n20_v7_factuality_chase,gemini3_flash_preview_minimal,generated,laysumm_elife_0163,eLife,163,16,This method provides a way to study gene regulation in specific brain regions.,,,0,technical_density,13,65,5.0,1,0.07692307692307693,3,0.23076923076923078,,,
pilot_n20_v7_factuality_chase,gemini3_flash_preview_minimal,generated,laysumm_elife_0163,eLife,163,17,The transcriptional repressor REST is a direct target of the miR-9 molecule.,,,0,number,12,62,5.166666666666667,1,0.08333333333333333,3,0.25,,,
pilot_n20_v7_factuality_chase,gemini3_flash_preview_minimal,generated,laysumm_elife_0163,eLife,163,18,Increased REST levels are the major cause of reduced dendritic growth in these mice.,,,0,causal_or_inferential,14,70,5.0,0,0.0,3,0.21428571428571427,,,
pilot_n20_v7_factuality_chase,gemini3_flash_preview_minimal,generated,laysumm_elife_0163,eLife,163,19,The loss of miR-9 reduced the complexity of the dendritic arborization.,,,4,long_word_dense|hard_word_dense|number,11,58,5.2727272727272725,2,0.18181818181818182,4,0.36363636363636365,,,
pilot_n20_v7_factuality_chase,gemini3_flash_preview_minimal,generated,laysumm_elife_0163,eLife,163,20,This reduction in complexity impairs how neurons connect within the hippocampus.,,,2,long_word_dense,11,69,6.2727272727272725,2,0.18181818181818182,3,0.2727272727272727,,,
pilot_n20_v7_factuality_chase,gemini3_flash_preview_minimal,generated,laysumm_elife_0188,eLife,188,1,Disease transmission by insects peaks at intermediate temperatures and declines at extremes.,,,4,long_word_dense|hard_word_dense,12,80,6.666666666666667,3,0.25,6,0.5,,,
pilot_n20_v7_factuality_chase,gemini3_flash_preview_minimal,generated,laysumm_elife_0188,eLife,188,2,Mosquitoes are cold-blooded and depend on the temperature of their environment to survive and perform.,,,4,long_word_dense|hard_word_dense,15,86,5.733333333333333,4,0.26666666666666666,5,0.3333333333333333,,,
pilot_n20_v7_factuality_chase,gemini3_flash_preview_minimal,generated,laysumm_elife_0188,eLife,188,3,Researchers built a mechanistic model for the thermal response of Ross River virus.,,,0,,13,70,5.384615384615385,2,0.15384615384615385,3,0.23076923076923078,,,
pilot_n20_v7_factuality_chase,gemini3_flash_preview_minimal,generated,laysumm_elife_0188,eLife,188,4,"This virus is a significant mosquito-borne pathogen found in Australia and the Pacific that infects 2,000 to 9,000 people each year.",,,1,long_sentence|number,23,100,4.3478260869565215,2,0.08695652173913043,5,0.21739130434782608,,,
pilot_n20_v7_factuality_chase,gemini3_flash_preview_minimal,generated,laysumm_elife_0188,eLife,188,5,The virus causes debilitating symptoms like long-term joint pain and disability.,,,2,long_word_dense|causal_or_inferential,11,68,6.181818181818182,2,0.18181818181818182,2,0.18181818181818182,,,
pilot_n20_v7_factuality_chase,gemini3_flash_preview_minimal,generated,laysumm_elife_0188,eLife,188,6,It is the most common mosquito-borne disease in Australia and has the potential to emerge globally.,,,2,hard_word_dense|hedged,16,82,5.125,1,0.0625,6,0.375,,,
pilot_n20_v7_factuality_chase,gemini3_flash_preview_minimal,generated,laysumm_elife_0188,eLife,188,7,Transmission of Ross River virus reaches a peak at a moderate 26.4°C.,,,0,number,14,52,3.7142857142857144,1,0.07142857142857142,2,0.14285714285714285,,,
pilot_n20_v7_factuality_chase,gemini3_flash_preview_minimal,generated,laysumm_elife_0188,eLife,188,8,This temperature represents the ideal sweet spot for the virus to spread efficiently between mosquitoes and humans.,,,2,long_word_dense,17,98,5.764705882352941,4,0.23529411764705882,4,0.23529411764705882,,,
pilot_n20_v7_factuality_chase,gemini3_flash_preview_minimal,generated,laysumm_elife_0188,eLife,188,9,The spread declines to zero at thermal limits of 17.0°C and 31.5°C.,,,0,number,16,45,2.8125,0,0.0,1,0.0625,,,
pilot_n20_v7_factuality_chase,gemini3_flash_preview_minimal,generated,laysumm_elife_0188,eLife,188,10,Biological processes in the mosquito stop the disease from spreading outside this specific range.,,,2,hard_word_dense,14,83,5.928571428571429,1,0.07142857142857142,6,0.42857142857142855,,,
pilot_n20_v7_factuality_chase,gemini3_flash_preview_minimal,generated,laysumm_elife_0188,eLife,188,11,The virus is endemic year-round in the tropics but seasonal in temperate areas.,,,0,,13,65,5.0,0,0.0,3,0.23076923076923078,,,
pilot_n20_v7_factuality_chase,gemini3_flash_preview_minimal,generated,laysumm_elife_0188,eLife,188,12,Southern winters in Australia are currently too cold for the virus to spread effectively.,,,0,,14,75,5.357142857142857,1,0.07142857142857142,3,0.21428571428571427,,,
pilot_n20_v7_factuality_chase,gemini3_flash_preview_minimal,generated,laysumm_elife_0188,eLife,188,13,Climate warming will likely increase transmission in temperate areas but decrease tropical spread.,,,2,hard_word_dense|hedged,13,85,6.538461538461538,1,0.07692307692307693,7,0.5384615384615384,,,
pilot_n20_v7_factuality_chase,gemini3_flash_preview_minimal,generated,laysumm_elife_0188,eLife,188,14,Warming pushes temperate regions closer to the ideal temperature but may push tropical regions past the upper limit.,,,0,hedged,18,98,5.444444444444445,1,0.05555555555555555,3,0.16666666666666666,,,
pilot_n20_v7_factuality_chase,gemini3_flash_preview_minimal,generated,laysumm_elife_0188,eLife,188,15,A nonlinear mechanistic model is more accurate for estimating temperature impacts on transmission.,,,4,long_word_dense|hard_word_dense,13,85,6.538461538461538,4,0.3076923076923077,6,0.46153846153846156,,,
pilot_n20_v7_factuality_chase,gemini3_flash_preview_minimal,generated,laysumm_elife_0188,eLife,188,16,"Simple models are inaccurate because temperature increases can have positive, negligible, or negative effects on biology.",,,4,long_word_dense|hard_word_dense|causal_or_inferential,16,103,6.4375,3,0.1875,8,0.5,,,
pilot_n20_v7_factuality_chase,gemini3_flash_preview_minimal,generated,laysumm_elife_0188,eLife,188,17,"In northern Australia, the temperature remains suitable for transmission throughout the year.",,,4,long_word_dense|hard_word_dense,12,80,6.666666666666667,3,0.25,4,0.3333333333333333,,,
pilot_n20_v7_factuality_chase,gemini3_flash_preview_minimal,generated,laysumm_elife_0188,eLife,188,18,This results in a nationwide seasonal peak in human cases across the country as different regions reach their limits.,,,1,long_sentence,19,98,5.157894736842105,1,0.05263157894736842,3,0.15789473684210525,,,
pilot_n20_v7_factuality_chase,gemini3_flash_preview_minimal,generated,laysumm_elife_0189,eLife,189,1,Motor cortical beta oscillations have been known for decades.,,,2,hard_word_dense,9,52,5.777777777777778,1,0.1111111111111111,3,0.3333333333333333,,,
pilot_n20_v7_factuality_chase,gemini3_flash_preview_minimal,generated,laysumm_elife_0189,eLife,189,2,These brain waves occur at twenty-five to forty cycles per second in the motor system.,,,0,,15,70,4.666666666666667,1,0.06666666666666667,1,0.06666666666666667,,,
pilot_n20_v7_factuality_chase,gemini3_flash_preview_minimal,generated,laysumm_elife_0189,eLife,189,3,"However, their exact behavioral correlates remain unresolved in neuroscience.",,,4,long_word_dense|hard_word_dense|technical_density|negation_or_contrast,9,67,7.444444444444445,4,0.4444444444444444,5,0.5555555555555556,,,
pilot_n20_v7_factuality_chase,gemini3_flash_preview_minimal,generated,laysumm_elife_0189,eLife,189,4,These waves often emerge when individuals are paying attention or waiting to move.,,,0,,13,69,5.3076923076923075,1,0.07692307692307693,3,0.23076923076923078,,,
pilot_n20_v7_factuality_chase,gemini3_flash_preview_minimal,generated,laysumm_elife_0189,eLife,189,5,Researchers studied three macaque monkeys to investigate these brain waves.,,,4,long_word_dense|hard_word_dense,10,65,6.5,2,0.2,3,0.3,,,
pilot_n20_v7_factuality_chase,gemini3_flash_preview_minimal,generated,laysumm_elife_0189,eLife,189,6,They recorded activity from the motor cortex using electrode arrays.,,,2,hard_word_dense,10,58,5.8,0,0.0,3,0.3,,,
pilot_n20_v7_factuality_chase,gemini3_flash_preview_minimal,generated,laysumm_elife_0189,eLife,189,7,The monkeys were rhesus macaques implanted with microwire electrodes.,,,2,hard_word_dense,9,60,6.666666666666667,1,0.1111111111111111,4,0.4444444444444444,,,
pilot_n20_v7_factuality_chase,gemini3_flash_preview_minimal,generated,laysumm_elife_0189,eLife,189,8,These electrodes recorded multi-scale neural activity from the primary motor cortex and dorsal premotor cortex.,,,2,hard_word_dense,15,95,6.333333333333333,2,0.13333333333333333,6,0.4,,,
pilot_n20_v7_factuality_chase,gemini3_flash_preview_minimal,generated,laysumm_elife_0189,eLife,189,9,The monkeys used neurofeedback to volitionally control their beta power.,,,2,long_word_dense,10,62,6.2,2,0.2,2,0.2,,,
pilot_n20_v7_factuality_chase,gemini3_flash_preview_minimal,generated,laysumm_elife_0189,eLife,189,10,"After reaching a specific power state, they performed an arm reach to a target.",,,0,,14,64,4.571428571428571,0,0.0,2,0.14285714285714285,,,
pilot_n20_v7_factuality_chase,gemini3_flash_preview_minimal,generated,laysumm_elife_0189,eLife,189,11,A reduction in beta power led to faster movement onset times.,,,0,,11,50,4.545454545454546,0,0.0,2,0.18181818181818182,,,
pilot_n20_v7_factuality_chase,gemini3_flash_preview_minimal,generated,laysumm_elife_0189,eLife,189,12,"In contrast, an increase in power caused slower movement onset times for the arm reach.",,,0,causal_or_inferential,15,71,4.733333333333333,0,0.0,2,0.13333333333333333,,,
pilot_n20_v7_factuality_chase,gemini3_flash_preview_minimal,generated,laysumm_elife_0189,eLife,189,13,"During beta oscillations, population neural activity shifts farther from movement.",,,4,long_word_dense|hard_word_dense|technical_density,10,71,7.1,2,0.2,4,0.4,,,
pilot_n20_v7_factuality_chase,gemini3_flash_preview_minimal,generated,laysumm_elife_0189,eLife,189,14,The collective activity of many neurons moves away from the required movement onset state.,,,0,,14,76,5.428571428571429,1,0.07142857142857142,4,0.2857142857142857,,,
pilot_n20_v7_factuality_chase,gemini3_flash_preview_minimal,generated,laysumm_elife_0189,eLife,189,15,The distance to the movement threshold is greatest during high beta.,,,0,,11,57,5.181818181818182,0,0.0,2,0.18181818181818182,,,
pilot_n20_v7_factuality_chase,gemini3_flash_preview_minimal,generated,laysumm_elife_0189,eLife,189,16,This distance explains why it takes longer to start a reach when these waves are present.,,,0,causal_or_inferential,16,73,4.5625,0,0.0,1,0.0625,,,
pilot_n20_v7_factuality_chase,gemini3_flash_preview_minimal,generated,laysumm_elife_0189,eLife,189,17,This finding establishes a neural basis for slowed movement onset.,,,0,,10,56,5.6,1,0.1,2,0.2,,,
pilot_n20_v7_factuality_chase,gemini3_flash_preview_minimal,generated,laysumm_elife_0189,eLife,189,18,These oscillations compromise the readiness of the motor system to initiate new actions.,,,2,hard_word_dense,13,75,5.769230769230769,2,0.15384615384615385,4,0.3076923076923077,,,
pilot_n20_v7_factuality_chase,gemini3_flash_preview_minimal,generated,laysumm_elife_0189,eLife,189,19,Beta oscillations are linked to patterns that slow new movements.,,,0,,10,55,5.5,1,0.1,2,0.2,,,
pilot_n20_v7_factuality_chase,gemini3_flash_preview_minimal,generated,laysumm_elife_0189,eLife,189,20,The brain favors a low-risk state over immediate movement readiness during these periods.,,,0,,13,75,5.769230769230769,0,0.0,3,0.23076923076923078,,,
pilot_n20_v7_factuality_chase,gemini3_flash_preview_minimal,generated,laysumm_plos_0051,PLOS,51,1,Some viruses like Marburg and Dengue benefit from the Nrf2 protein.,,,0,number,11,55,5.0,0,0.0,2,0.18181818181818182,,,
pilot_n20_v7_factuality_chase,gemini3_flash_preview_minimal,generated,laysumm_plos_0051,PLOS,51,2,Nrf2 is a protein that helps cells turn on genes to protect against damage.,,,0,number,14,60,4.285714285714286,0,0.0,1,0.07142857142857142,,,
pilot_n20_v7_factuality_chase,gemini3_flash_preview_minimal,generated,laysumm_plos_0051,PLOS,51,3,Sulforaphane is a natural product found in cruciferous vegetables that activates Nrf2.,,,4,long_word_dense|hard_word_dense|number,12,73,6.083333333333333,3,0.25,5,0.4166666666666667,,,
pilot_n20_v7_factuality_chase,gemini3_flash_preview_minimal,generated,laysumm_plos_0051,PLOS,51,4,This compound is produced in vegetables like broccoli when they are damaged or chewed.,,,0,,14,72,5.142857142857143,1,0.07142857142857142,4,0.2857142857142857,,,
pilot_n20_v7_factuality_chase,gemini3_flash_preview_minimal,generated,laysumm_plos_0051,PLOS,51,5,Sulforaphane blocks HIV infection in primary human macrophages but not in T cells.,,,2,hard_word_dense|negation_or_contrast,13,69,5.3076923076923075,2,0.15384615384615385,4,0.3076923076923077,,,
pilot_n20_v7_factuality_chase,gemini3_flash_preview_minimal,generated,laysumm_plos_0051,PLOS,51,6,Macrophages and T cells are both types of immune cells in the human body.,,,0,,14,59,4.214285714285714,1,0.07142857142857142,2,0.14285714285714285,,,
pilot_n20_v7_factuality_chase,gemini3_flash_preview_minimal,generated,laysumm_plos_0051,PLOS,51,7,Reducing Nrf2 levels using siRNA boosted HIV infectivity in macrophages.,,,4,long_word_dense|hard_word_dense|number,10,61,6.1,2,0.2,3,0.3,,,
pilot_n20_v7_factuality_chase,gemini3_flash_preview_minimal,generated,laysumm_plos_0051,PLOS,51,8,This depletion also made the Sulforaphane treatment less effective at stopping the virus.,,,0,,13,76,5.846153846153846,1,0.07692307692307693,3,0.23076923076923078,,,
pilot_n20_v7_factuality_chase,gemini3_flash_preview_minimal,generated,laysumm_plos_0051,PLOS,51,9,The anti-viral effects of Sulforaphane are specifically mediated through Nrf2 activation.,,,4,long_word_dense|hard_word_dense|number,11,76,6.909090909090909,3,0.2727272727272727,5,0.45454545454545453,,,
pilot_n20_v7_factuality_chase,gemini3_flash_preview_minimal,generated,laysumm_plos_0051,PLOS,51,10,This confirms the compound works by triggering the cell's own defense system.,,,0,causal_or_inferential,12,64,5.333333333333333,1,0.08333333333333333,2,0.16666666666666666,,,
pilot_n20_v7_factuality_chase,gemini3_flash_preview_minimal,generated,laysumm_plos_0051,PLOS,51,11,Sulforaphane blocks HIV after entry but before formation of 2-LTR circles.,,,0,number,11,61,5.545454545454546,1,0.09090909090909091,3,0.2727272727272727,,,
pilot_n20_v7_factuality_chase,gemini3_flash_preview_minimal,generated,laysumm_plos_0051,PLOS,51,12,The treatment stops the virus before its genetic material is ready for integration.,,,2,hard_word_dense,13,70,5.384615384615385,1,0.07692307692307693,4,0.3076923076923077,,,
pilot_n20_v7_factuality_chase,gemini3_flash_preview_minimal,generated,laysumm_plos_0051,PLOS,51,13,Common anti-viral proteins like SAMHD1 or MX2 were not upregulated.,,,0,negation_or_contrast|number,10,54,5.4,1,0.1,2,0.2,,,
pilot_n20_v7_factuality_chase,gemini3_flash_preview_minimal,generated,laysumm_plos_0051,PLOS,51,14,This suggests that Nrf2 uses a different mechanism to fight the virus.,,,0,technical_density|hedged|number,12,57,4.75,0,0.0,2,0.16666666666666666,,,
pilot_n20_v7_factuality_chase,gemini3_flash_preview_minimal,generated,laysumm_plos_0051,PLOS,51,15,Activating Nrf2 is a novel way to trigger a potent block against HIV.,,,0,number,13,55,4.230769230769231,1,0.07692307692307693,1,0.07692307692307693,,,
pilot_n20_v7_factuality_chase,gemini3_flash_preview_minimal,generated,laysumm_plos_0051,PLOS,51,16,This discovery highlights new therapeutic alternatives for controlling infection in immune cells.,,,4,long_word_dense|hard_word_dense|technical_density,12,85,7.083333333333333,4,0.3333333333333333,6,0.5,,,
pilot_n20_v7_factuality_chase,gemini3_flash_preview_minimal,generated,laysumm_plos_0178,PLOS,178,1,Aedes-borne arboviruses like dengue and Zika cause increasing illness and death worldwide.,,,4,long_word_dense|hard_word_dense|causal_or_inferential,12,77,6.416666666666667,3,0.25,4,0.3333333333333333,,,
pilot_n20_v7_factuality_chase,gemini3_flash_preview_minimal,generated,laysumm_plos_0178,PLOS,178,2,Arboviruses are specific types of viruses that spread to people through mosquito bites.,,,2,hard_word_dense,13,74,5.6923076923076925,1,0.07692307692307693,4,0.3076923076923077,,,
pilot_n20_v7_factuality_chase,gemini3_flash_preview_minimal,generated,laysumm_plos_0178,PLOS,178,3,Researchers compared transmission drivers for these viruses using data from the Dominican Republic.,,,2,hard_word_dense,13,86,6.615384615384615,2,0.15384615384615385,6,0.46153846153846156,,,
pilot_n20_v7_factuality_chase,gemini3_flash_preview_minimal,generated,laysumm_plos_0178,PLOS,178,4,Transmission drivers are the factors that influence how a disease spreads through a population.,,,0,technical_density,14,81,5.785714285714286,2,0.14285714285714285,4,0.2857142857142857,,,
pilot_n20_v7_factuality_chase,gemini3_flash_preview_minimal,generated,laysumm_plos_0178,PLOS,178,5,About 75% of dengue cases occurred in people age <20.,,,0,number,10,37,3.7,0,0.0,1,0.1,,,
pilot_n20_v7_factuality_chase,gemini3_flash_preview_minimal,generated,laysumm_plos_0178,PLOS,178,6,"In contrast, only 42% of Zika cases occurred in that same young age group.",,,0,negation_or_contrast|number,14,56,4.0,0,0.0,1,0.07142857142857142,,,
pilot_n20_v7_factuality_chase,gemini3_flash_preview_minimal,generated,laysumm_plos_0178,PLOS,178,7,Reported Zika infections were highly concentrated among females at 73.8% of cases.,,,2,hard_word_dense|number,13,65,5.0,2,0.15384615384615385,4,0.3076923076923077,,,
pilot_n20_v7_factuality_chase,gemini3_flash_preview_minimal,generated,laysumm_plos_0178,PLOS,178,8,This shows a much higher proportion of women affected compared to the dengue outbreak.,,,0,,14,72,5.142857142857143,1,0.07142857142857142,3,0.21428571428571427,,,
pilot_n20_v7_factuality_chase,gemini3_flash_preview_minimal,generated,laysumm_plos_0178,PLOS,178,9,Guillain-Barre syndrome or GBS rates were slightly higher in males than in females.,,,0,,13,69,5.3076923076923075,1,0.07692307692307693,3,0.23076923076923078,,,
pilot_n20_v7_factuality_chase,gemini3_flash_preview_minimal,generated,laysumm_plos_0178,PLOS,178,10,GBS is a rare condition where the immune system attacks the body's own nerves.,,,0,,14,63,4.5,0,0.0,2,0.14285714285714285,,,
pilot_n20_v7_factuality_chase,gemini3_flash_preview_minimal,generated,laysumm_plos_0178,PLOS,178,11,Existing dengue immunity had little impact on the rates of Zika infection.,,,0,,12,62,5.166666666666667,0,0.0,3,0.25,,,
pilot_n20_v7_factuality_chase,gemini3_flash_preview_minimal,generated,laysumm_plos_0178,PLOS,178,12,Having had dengue before did not seem to protect people from catching the Zika virus.,,,0,negation_or_contrast,15,70,4.666666666666667,0,0.0,1,0.06666666666666667,,,
pilot_n20_v7_factuality_chase,gemini3_flash_preview_minimal,generated,laysumm_plos_0178,PLOS,178,13,Awareness campaigns likely increased health-seeking behavior among women of reproductive age.,,,4,long_word_dense|hard_word_dense|hedged,11,81,7.363636363636363,2,0.18181818181818182,6,0.5454545454545454,,,
pilot_n20_v7_factuality_chase,gemini3_flash_preview_minimal,generated,laysumm_plos_0178,PLOS,178,14,Health-seeking behavior refers to the choice to visit a doctor when symptoms appear.,,,0,,13,70,5.384615384615385,1,0.07692307692307693,2,0.15384615384615385,,,
pilot_n20_v7_factuality_chase,gemini3_flash_preview_minimal,generated,laysumm_plos_0178,PLOS,178,15,Experts recommend media campaigns and screening for women of reproductive age during outbreaks.,,,0,,13,82,6.3076923076923075,1,0.07692307692307693,2,0.15384615384615385,,,
pilot_n20_v7_factuality_chase,gemini3_flash_preview_minimal,generated,laysumm_plos_0178,PLOS,178,16,Screening involves testing people for the virus even if they do not feel very sick.,,,0,negation_or_contrast,15,68,4.533333333333333,0,0.0,1,0.06666666666666667,,,
pilot_n20_v7_factuality_chase,gemini3_flash_preview_minimal,generated,laysumm_plos_0209,PLOS,209,1,Anabaena filaments develop a pattern of nitrogen-fixing heterocysts under nitrogen deprivation.,,,4,long_word_dense|hard_word_dense,11,83,7.545454545454546,3,0.2727272727272727,7,0.6363636363636364,,,
pilot_n20_v7_factuality_chase,gemini3_flash_preview_minimal,generated,laysumm_plos_0209,PLOS,209,2,These specialized cells are separated by about ten photosynthetic cells.,,,4,long_word_dense|hard_word_dense,10,62,6.2,2,0.2,3,0.3,,,
pilot_n20_v7_factuality_chase,gemini3_flash_preview_minimal,generated,laysumm_plos_0209,PLOS,209,3,The study measured fluctuations of the master regulator HetR using fluorescence.,,,4,long_word_dense|hard_word_dense,11,69,6.2727272727272725,2,0.18181818181818182,4,0.36363636363636365,,,
pilot_n20_v7_factuality_chase,gemini3_flash_preview_minimal,generated,laysumm_plos_0209,PLOS,209,4,This method allowed researchers to track gene activity at the individual cell level.,,,2,hard_word_dense,13,71,5.461538461538462,2,0.15384615384615385,4,0.3076923076923077,,,
pilot_n20_v7_factuality_chase,gemini3_flash_preview_minimal,generated,laysumm_plos_0209,PLOS,209,5,HetR expression fluctuations in nearby cells are coupled over two to three cells.,,,0,technical_density,13,68,5.230769230769231,2,0.15384615384615385,2,0.15384615384615385,,,
pilot_n20_v7_factuality_chase,gemini3_flash_preview_minimal,generated,laysumm_plos_0209,PLOS,209,6,This coupling shows that neighboring cells coordinate their internal gene activity.,,,4,long_word_dense|hard_word_dense|causal_or_inferential,11,72,6.545454545454546,2,0.18181818181818182,4,0.36363636363636365,,,
pilot_n20_v7_factuality_chase,gemini3_flash_preview_minimal,generated,laysumm_plos_0209,PLOS,209,7,Correlations arise from intercellular molecular transfer rather than cell division.,,,4,long_word_dense|hard_word_dense,10,73,7.3,2,0.2,5,0.5,,,
pilot_n20_v7_factuality_chase,gemini3_flash_preview_minimal,generated,laysumm_plos_0209,PLOS,209,8,Cells communicate by swapping molecules instead of just inheriting traits from parents.,,,0,,12,75,6.25,2,0.16666666666666666,3,0.25,,,
pilot_n20_v7_factuality_chase,gemini3_flash_preview_minimal,generated,laysumm_plos_0209,PLOS,209,9,Fluctuations under nitrogen-poor conditions build up on those in nitrogen-replete conditions.,,,4,long_word_dense|hard_word_dense,11,80,7.2727272727272725,5,0.45454545454545453,5,0.45454545454545453,,,
pilot_n20_v7_factuality_chase,gemini3_flash_preview_minimal,generated,laysumm_plos_0209,PLOS,209,10,Small differences already exist before the cells face a lack of nitrogen.,,,2,hard_word_dense,12,61,5.083333333333333,1,0.08333333333333333,4,0.3333333333333333,,,
pilot_n20_v7_factuality_chase,gemini3_flash_preview_minimal,generated,laysumm_plos_0209,PLOS,209,11,"PatS, SepJ, and HetR auto-regulation determine the distribution of fluctuations.",,,4,long_word_dense|hard_word_dense|technical_density,10,67,6.7,3,0.3,4,0.4,,,
pilot_n20_v7_factuality_chase,gemini3_flash_preview_minimal,generated,laysumm_plos_0209,PLOS,209,12,These factors act as controls to manage how gene signals spread.,,,0,,11,53,4.818181818181818,0,0.0,1,0.09090909090909091,,,
pilot_n20_v7_factuality_chase,gemini3_flash_preview_minimal,generated,laysumm_plos_0209,PLOS,209,13,Different inhibitors and septal proteins act at different stages of development.,,,4,long_word_dense|hard_word_dense|technical_density,11,69,6.2727272727272725,2,0.18181818181818182,4,0.36363636363636365,,,
pilot_n20_v7_factuality_chase,gemini3_flash_preview_minimal,generated,laysumm_plos_0209,PLOS,209,14,The study noted specificity between proteins like HetN and FraC/FraD.,,,0,,11,58,5.2727272727272725,1,0.09090909090909091,1,0.09090909090909091,,,
pilot_n20_v7_factuality_chase,gemini3_flash_preview_minimal,generated,laysumm_plos_0209,PLOS,209,15,Cell-cell communication controls noise to ensure correct developmental patterns.,,,4,long_word_dense|hard_word_dense|technical_density,9,70,7.777777777777778,2,0.2222222222222222,3,0.3333333333333333,,,
pilot_n20_v7_factuality_chase,gemini3_flash_preview_minimal,generated,laysumm_plos_0209,PLOS,209,16,Managing stochasticity prevents cells from choosing the wrong cell fates.,,,0,,10,63,6.3,1,0.1,2,0.2,,,
pilot_n20_v7_factuality_chase,gemini3_flash_preview_minimal,generated,laysumm_plos_0228,PLOS,228,1,Humans can learn and store multiple visuomotor mappings through a process called dual-adaptation.,,,0,,13,83,6.384615384615385,2,0.15384615384615385,3,0.23076923076923078,,,
pilot_n20_v7_factuality_chase,gemini3_flash_preview_minimal,generated,laysumm_plos_0228,PLOS,228,2,This coordination happens when the brain receives feedback for different movements alternately.,,,2,hard_word_dense,12,83,6.916666666666667,2,0.16666666666666666,5,0.4166666666666667,,,
pilot_n20_v7_factuality_chase,gemini3_flash_preview_minimal,generated,laysumm_plos_0228,PLOS,228,3,Researchers used a target-pointing task where they changed the visual feedback of movements.,,,0,,13,78,6.0,2,0.15384615384615385,3,0.23076923076923078,,,
pilot_n20_v7_factuality_chase,gemini3_flash_preview_minimal,generated,laysumm_plos_0228,PLOS,228,4,This change simulated environmental shifts like those caused by wearing optical glasses.,,,0,causal_or_inferential,12,76,6.333333333333333,1,0.08333333333333333,3,0.25,,,
pilot_n20_v7_factuality_chase,gemini3_flash_preview_minimal,generated,laysumm_plos_0228,PLOS,228,5,The visual feedback included horizontal offsets that changed based on the target shape.,,,0,,13,74,5.6923076923076925,1,0.07692307692307693,2,0.15384615384615385,,,
pilot_n20_v7_factuality_chase,gemini3_flash_preview_minimal,generated,laysumm_plos_0228,PLOS,228,6,Participants saw shapes that ranged from spiky to circular during the training.,,,0,technical_density,12,67,5.583333333333333,1,0.08333333333333333,2,0.16666666666666666,,,
pilot_n20_v7_factuality_chase,gemini3_flash_preview_minimal,generated,laysumm_plos_0228,PLOS,228,7,The team tested how well participants handled novel target shapes without visual feedback.,,,0,technical_density|negation_or_contrast,13,77,5.923076923076923,1,0.07692307692307693,1,0.07692307692307693,,,
pilot_n20_v7_factuality_chase,gemini3_flash_preview_minimal,generated,laysumm_plos_0228,PLOS,228,8,These catch trials showed if the learned skills transferred to new situations.,,,0,,12,66,5.5,2,0.16666666666666666,2,0.16666666666666666,,,
pilot_n20_v7_factuality_chase,gemini3_flash_preview_minimal,generated,laysumm_plos_0228,PLOS,228,9,A Bayesian learning model called a Mixture-of-Kalman-Filters was developed for the study.,,,0,,12,74,6.166666666666667,1,0.08333333333333333,2,0.16666666666666666,,,
pilot_n20_v7_factuality_chase,gemini3_flash_preview_minimal,generated,laysumm_plos_0228,PLOS,228,10,This model describes how the brain learns to associate cues with actions.,,,0,,12,61,5.083333333333333,0,0.0,2,0.16666666666666666,,,
pilot_n20_v7_factuality_chase,gemini3_flash_preview_minimal,generated,laysumm_plos_0228,PLOS,228,11,Participants applied the mapping for the trained shape most similar to the current one.,,,0,technical_density,14,73,5.214285714285714,1,0.07142857142857142,2,0.14285714285714285,,,
pilot_n20_v7_factuality_chase,gemini3_flash_preview_minimal,generated,laysumm_plos_0228,PLOS,228,12,They did not learn a linear relationship between the shapes and the movements.,,,0,negation_or_contrast,13,65,5.0,1,0.07692307692307693,2,0.15384615384615385,,,
pilot_n20_v7_factuality_chase,gemini3_flash_preview_minimal,generated,laysumm_plos_0228,PLOS,228,13,The learning rate decreases as the number of training pairs increases.,,,0,,11,59,5.363636363636363,0,0.0,2,0.18181818181818182,,,
pilot_n20_v7_factuality_chase,gemini3_flash_preview_minimal,generated,laysumm_plos_0228,PLOS,228,14,Learning slows down when the brain must manage many different associations at once.,,,0,technical_density,13,70,5.384615384615385,1,0.07692307692307693,3,0.23076923076923078,,,
pilot_n20_v7_factuality_chase,gemini3_flash_preview_minimal,generated,laysumm_plos_0228,PLOS,228,15,The Bayesian model provides a possible mechanism for learning multiple mappings simultaneously.,,,2,hard_word_dense|technical_density,12,83,6.916666666666667,1,0.08333333333333333,5,0.4166666666666667,,,
pilot_n20_v7_factuality_chase,gemini3_flash_preview_minimal,generated,laysumm_plos_0228,PLOS,228,16,It explains how the brain keeps separate learning processes for different visual cues.,,,0,causal_or_inferential,13,73,5.615384615384615,0,0.0,3,0.23076923076923078,,,
pilot_n20_v7_factuality_chase,gemini3_flash_preview_minimal,generated,laysumm_plos_0285,PLOS,285,1,Many countries where neglected tropical diseases are common lack the baseline data needed for planning.,,,0,,15,88,5.866666666666666,0,0.0,4,0.26666666666666666,,,
pilot_n20_v7_factuality_chase,gemini3_flash_preview_minimal,generated,laysumm_plos_0285,PLOS,285,2,"Without this initial data, health officials cannot prove a disease has passed a treatment threshold.",,,0,negation_or_contrast,15,84,5.6,0,0.0,3,0.2,,,
pilot_n20_v7_factuality_chase,gemini3_flash_preview_minimal,generated,laysumm_plos_0285,PLOS,285,3,Researchers created a new system called Integrated Threshold Mapping to map four diseases at once.,,,0,,15,83,5.533333333333333,2,0.13333333333333333,3,0.2,,,
pilot_n20_v7_factuality_chase,gemini3_flash_preview_minimal,generated,laysumm_plos_0285,PLOS,285,4,"This ITM system targets lymphatic filariasis, trachoma, schistosomiasis, and soil-transmitted helminths.",,,4,long_word_dense|hard_word_dense,11,89,8.090909090909092,3,0.2727272727272727,5,0.45454545454545453,,,
pilot_n20_v7_factuality_chase,gemini3_flash_preview_minimal,generated,laysumm_plos_0285,PLOS,285,5,The ITM tool tells health officials if a disease is common enough for public health interventions.,,,0,technical_density,16,82,5.125,1,0.0625,3,0.1875,,,
pilot_n20_v7_factuality_chase,gemini3_flash_preview_minimal,generated,laysumm_plos_0285,PLOS,285,6,It focuses on whether a specific treatment limit has been hit rather than exact numbers.,,,0,,15,73,4.866666666666666,0,0.0,2,0.13333333333333333,,,
pilot_n20_v7_factuality_chase,gemini3_flash_preview_minimal,generated,laysumm_plos_0285,PLOS,285,7,The new mapping system uses WHO-recommended indicators and specific age groups.,,,2,long_word_dense,11,67,6.090909090909091,2,0.18181818181818182,3,0.2727272727272727,,,
pilot_n20_v7_factuality_chase,gemini3_flash_preview_minimal,generated,laysumm_plos_0285,PLOS,285,8,This ensures the data collected is consistent with international standards for disease monitoring.,,,4,long_word_dense|hard_word_dense,13,85,6.538461538461538,3,0.23076923076923078,6,0.46153846153846156,,,
pilot_n20_v7_factuality_chase,gemini3_flash_preview_minimal,generated,laysumm_plos_0285,PLOS,285,9,Researchers tested the ITM protocol in Mali and Senegal against standard WHO mapping methodologies.,,,0,,14,85,6.071428571428571,2,0.14285714285714285,4,0.2857142857142857,,,
pilot_n20_v7_factuality_chase,gemini3_flash_preview_minimal,generated,laysumm_plos_0285,PLOS,285,10,The test evaluated how well the integrated approach worked compared to doing separate surveys.,,,0,,14,80,5.714285714285714,1,0.07142857142857142,4,0.2857142857142857,,,
pilot_n20_v7_factuality_chase,gemini3_flash_preview_minimal,generated,laysumm_plos_0285,PLOS,285,11,The ITM method reached the same conclusions as standard methods for three diseases.,,,0,,13,70,5.384615384615385,1,0.07692307692307693,2,0.15384615384615385,,,
pilot_n20_v7_factuality_chase,gemini3_flash_preview_minimal,generated,laysumm_plos_0285,PLOS,285,12,"However, it provided more targeted recommendations for treating schistosomiasis in specific sub-districts.",,,4,long_word_dense|hard_word_dense|negation_or_contrast,12,92,7.666666666666667,3,0.25,7,0.5833333333333334,,,
pilot_n20_v7_factuality_chase,gemini3_flash_preview_minimal,generated,laysumm_plos_0285,PLOS,285,13,"The integrated approach was practical, feasible, and resulted in an overall cost saving.",,,2,hard_word_dense|causal_or_inferential,13,73,5.615384615384615,1,0.07692307692307693,5,0.38461538461538464,,,
pilot_n20_v7_factuality_chase,gemini3_flash_preview_minimal,generated,laysumm_plos_0285,PLOS,285,14,Combining the surveys led to savings of 31% in Mali and 19% in Senegal.,,,0,number,14,51,3.642857142857143,0,0.0,2,0.14285714285714285,,,
pilot_n20_v7_factuality_chase,gemini3_flash_preview_minimal,generated,laysumm_plos_0285,PLOS,285,15,This new mapping tool could facilitate the implementation of treatment programs in endemic countries.,,,0,hedged,14,87,6.214285714285714,2,0.14285714285714285,3,0.21428571428571427,,,
pilot_n20_v7_factuality_chase,gemini3_flash_preview_minimal,generated,laysumm_plos_0285,PLOS,285,16,Making the first step of mapping more affordable helps start broader disease control efforts.,,,0,,14,79,5.642857142857143,1,0.07142857142857142,2,0.14285714285714285,,,
pilot_n20_v7_factuality_chase,gemini3_flash_preview_minimal,generated,laysumm_plos_0457,PLOS,457,1,Organ aging is associated with a reduction in the number of stem cells.,,,0,,13,58,4.461538461538462,1,0.07692307692307693,2,0.15384615384615385,,,
pilot_n20_v7_factuality_chase,gemini3_flash_preview_minimal,generated,laysumm_plos_0457,PLOS,457,2,These cells live in a specialized environment known as the niche.,,,2,long_word_dense,11,54,4.909090909090909,2,0.18181818181818182,2,0.18181818181818182,,,
pilot_n20_v7_factuality_chase,gemini3_flash_preview_minimal,generated,laysumm_plos_0457,PLOS,457,3,This niche provides the necessary support for stem cell maintenance.,,,2,hard_word_dense,10,58,5.8,1,0.1,3,0.3,,,
pilot_n20_v7_factuality_chase,gemini3_flash_preview_minimal,generated,laysumm_plos_0457,PLOS,457,4,"As organs age, fewer stem cells remain in these specialized homes.",,,0,,11,54,4.909090909090909,1,0.09090909090909091,1,0.09090909090909091,,,
pilot_n20_v7_factuality_chase,gemini3_flash_preview_minimal,generated,laysumm_plos_0457,PLOS,457,5,"In Drosophila female germline stem cells, Notch signaling levels increase with age.",,,2,hard_word_dense,12,70,5.833333333333333,1,0.08333333333333333,5,0.4166666666666667,,,
pilot_n20_v7_factuality_chase,gemini3_flash_preview_minimal,generated,laysumm_plos_0457,PLOS,457,6,This increase in signaling promotes the removal of cells from the niche.,,,2,hard_word_dense,12,60,5.0,0,0.0,4,0.3333333333333333,,,
pilot_n20_v7_factuality_chase,gemini3_flash_preview_minimal,generated,laysumm_plos_0457,PLOS,457,7,Researchers used the fruit fly ovary as an excellent model to study these changes.,,,0,,14,68,4.857142857142857,1,0.07142857142857142,3,0.21428571428571427,,,
pilot_n20_v7_factuality_chase,gemini3_flash_preview_minimal,generated,laysumm_plos_0457,PLOS,457,8,The germline stem cells are often called GSCs for short.,,,0,,10,46,4.6,0,0.0,1,0.1,,,
pilot_n20_v7_factuality_chase,gemini3_flash_preview_minimal,generated,laysumm_plos_0457,PLOS,457,9,Notch signaling regulates the adhesion of germline stem cells to the niche.,,,2,hard_word_dense,12,63,5.25,0,0.0,4,0.3333333333333333,,,
pilot_n20_v7_factuality_chase,gemini3_flash_preview_minimal,generated,laysumm_plos_0457,PLOS,457,10,It controls this sticking by altering the expression of E-cadherin.,,,2,hard_word_dense|technical_density,10,56,5.6,1,0.1,3,0.3,,,
pilot_n20_v7_factuality_chase,gemini3_flash_preview_minimal,generated,laysumm_plos_0457,PLOS,457,11,E-cadherin acts like a glue that holds the GSCs in place.,,,0,,11,45,4.090909090909091,0,0.0,1,0.09090909090909091,,,
pilot_n20_v7_factuality_chase,gemini3_flash_preview_minimal,generated,laysumm_plos_0457,PLOS,457,12,High levels of Notch signaling reduce this cellular glue.,,,2,hard_word_dense,9,48,5.333333333333333,0,0.0,3,0.3333333333333333,,,
pilot_n20_v7_factuality_chase,gemini3_flash_preview_minimal,generated,laysumm_plos_0457,PLOS,457,13,This reduction makes the cells less competitive for space.,,,0,,9,49,5.444444444444445,1,0.1111111111111111,2,0.2222222222222222,,,
pilot_n20_v7_factuality_chase,gemini3_flash_preview_minimal,generated,laysumm_plos_0457,PLOS,457,14,The age-dependent induction of Notch signaling is partially mediated by Sxl.,,,2,hard_word_dense,11,64,5.818181818181818,1,0.09090909090909091,5,0.45454545454545453,,,
pilot_n20_v7_factuality_chase,gemini3_flash_preview_minimal,generated,laysumm_plos_0457,PLOS,457,15,Sxl is a protein that normally suppresses Notch signaling in these cells.,,,0,,12,61,5.083333333333333,1,0.08333333333333333,3,0.25,,,
pilot_n20_v7_factuality_chase,gemini3_flash_preview_minimal,generated,laysumm_plos_0457,PLOS,457,16,It is also known as Sex lethal.,,,0,,7,24,3.4285714285714284,0,0.0,0,0.0,,,
pilot_n20_v7_factuality_chase,gemini3_flash_preview_minimal,generated,laysumm_plos_0457,PLOS,457,17,The levels of Sxl drop as the flies age.,,,0,,9,31,3.4444444444444446,0,0.0,0,0.0,,,
pilot_n20_v7_factuality_chase,gemini3_flash_preview_minimal,generated,laysumm_plos_0457,PLOS,457,18,This drop allows Notch signaling to increase over time.,,,0,,9,46,5.111111111111111,0,0.0,2,0.2222222222222222,,,
pilot_n20_v7_factuality_chase,gemini3_flash_preview_minimal,generated,laysumm_plos_0457,PLOS,457,19,Notch signaling in the niche cells decreases as the organism ages.,,,0,,11,55,5.0,0,0.0,3,0.2727272727272727,,,
pilot_n20_v7_factuality_chase,gemini3_flash_preview_minimal,generated,laysumm_plos_0457,PLOS,457,20,This decrease reduces niche integrity and the ability to keep stem cells.,,,2,hard_word_dense,12,61,5.083333333333333,0,0.0,4,0.3333333333333333,,,
pilot_n20_v7_factuality_chase,gemini3_flash_preview_minimal,generated,laysumm_plos_0457,PLOS,457,21,"While signaling goes up in the GSCs, it goes down in the surrounding niche.",,,0,,14,60,4.285714285714286,1,0.07142857142857142,2,0.14285714285714285,,,
pilot_n20_v7_factuality_chase,gemini3_flash_preview_minimal,generated,laysumm_plos_0457,PLOS,457,22,This loss of integrity affects the stem cells from the outside.,,,0,,11,52,4.7272727272727275,0,0.0,2,0.18181818181818182,,,
pilot_n20_v7_factuality_chase,gemini3_flash_preview_minimal,generated,laysumm_plos_0457,PLOS,457,23,These findings regarding cell adhesion may be relevant to metastatic cancer.,,,2,hard_word_dense|hedged,11,65,5.909090909090909,1,0.09090909090909091,4,0.36363636363636365,,,
pilot_n20_v7_factuality_chase,gemini3_flash_preview_minimal,generated,laysumm_plos_0501,PLOS,501,1,HIV infection currently cannot be cured but can be controlled using combinations of multiple anti-retroviral drugs.,,,4,long_word_dense|hard_word_dense|negation_or_contrast,16,98,6.125,3,0.1875,6,0.375,,,
pilot_n20_v7_factuality_chase,gemini3_flash_preview_minimal,generated,laysumm_plos_0501,PLOS,501,2,These drugs work together to stop the virus from making copies of itself.,,,0,,13,60,4.615384615384615,0,0.0,1,0.07692307692307693,,,
pilot_n20_v7_factuality_chase,gemini3_flash_preview_minimal,generated,laysumm_plos_0501,PLOS,501,3,"Because HIV genotypes vary between individual patients, it is difficult to determine which drug combination will provide effective treatment.",,,3,long_sentence|hard_word_dense|causal_or_inferential,19,121,6.368421052631579,2,0.10526315789473684,8,0.42105263157894735,,,
pilot_n20_v7_factuality_chase,gemini3_flash_preview_minimal,generated,laysumm_plos_0501,PLOS,501,4,A genotype is the specific genetic makeup of the virus in a person.,,,0,,13,54,4.153846153846154,0,0.0,3,0.23076923076923078,,,
pilot_n20_v7_factuality_chase,gemini3_flash_preview_minimal,generated,laysumm_plos_0501,PLOS,501,5,Existing HIV treatment models are typically based only on sequence data and do not account for the chemical similarity of drugs.,,,1,long_sentence|negation_or_contrast,21,107,5.095238095238095,1,0.047619047619047616,5,0.23809523809523808,,,
pilot_n20_v7_factuality_chase,gemini3_flash_preview_minimal,generated,laysumm_plos_0501,PLOS,501,6,Sequence data refers to the order of genetic building blocks in the virus.,,,0,,13,61,4.6923076923076925,0,0.0,2,0.15384615384615385,,,
pilot_n20_v7_factuality_chase,gemini3_flash_preview_minimal,generated,laysumm_plos_0501,PLOS,501,7,Researchers applied proteochemometric models that combine chemical properties and protein target properties into a single bioactivity model.,,,4,long_word_dense|hard_word_dense,17,123,7.235294117647059,5,0.29411764705882354,7,0.4117647058823529,,,
pilot_n20_v7_factuality_chase,gemini3_flash_preview_minimal,generated,laysumm_plos_0501,PLOS,501,8,This method looks at both the drug structure and the virus proteins simultaneously.,,,0,,13,70,5.384615384615385,1,0.07692307692307693,2,0.15384615384615385,,,
pilot_n20_v7_factuality_chase,gemini3_flash_preview_minimal,generated,laysumm_plos_0501,PLOS,501,9,"Researchers constructed robust models to predict HIV drug resistance based on 300,000 bioactivity data points.",,,2,long_word_dense|number,16,88,5.5,4,0.25,4,0.25,,,
pilot_n20_v7_factuality_chase,gemini3_flash_preview_minimal,generated,laysumm_plos_0501,PLOS,501,10,"The study included three major drug classes known as NRTIs, PIs, and NNRTIs.",,,0,,13,61,4.6923076923076925,0,0.0,1,0.07692307692307693,,,
pilot_n20_v7_factuality_chase,gemini3_flash_preview_minimal,generated,laysumm_plos_0501,PLOS,501,11,Proteochemometric models outperform sequence-only models in classifying resistance and predicting changes in drug susceptibility.,,,4,long_word_dense|hard_word_dense|negation_or_contrast,14,114,8.142857142857142,7,0.5,7,0.5,,,
pilot_n20_v7_factuality_chase,gemini3_flash_preview_minimal,generated,laysumm_plos_0501,PLOS,501,12,Susceptibility describes how sensitive the virus is to a specific medication.,,,4,long_word_dense|hard_word_dense,11,66,6.0,2,0.18181818181818182,5,0.45454545454545453,,,
pilot_n20_v7_factuality_chase,gemini3_flash_preview_minimal,generated,laysumm_plos_0501,PLOS,501,13,The study identified previously unpublished mutations in HIV that confer drug resistance.,,,4,long_word_dense|hard_word_dense,12,77,6.416666666666667,4,0.3333333333333333,5,0.4166666666666667,,,
pilot_n20_v7_factuality_chase,gemini3_flash_preview_minimal,generated,laysumm_plos_0501,PLOS,501,14,Mutations are permanent changes in the genetic sequence of the virus.,,,2,hard_word_dense,11,58,5.2727272727272725,0,0.0,4,0.36363636363636365,,,
pilot_n20_v7_factuality_chase,gemini3_flash_preview_minimal,generated,laysumm_plos_0501,PLOS,501,15,The proteochemometric models achieved an 84% correct resistance prediction rate on the Stanford University HIV resistance database.,,,4,long_word_dense|hard_word_dense|number,17,111,6.529411764705882,5,0.29411764705882354,7,0.4117647058823529,,,
pilot_n20_v7_factuality_chase,gemini3_flash_preview_minimal,generated,laysumm_plos_0501,PLOS,501,16,This database is a public record used by scientists to track viral changes.,,,0,,13,62,4.769230769230769,1,0.07692307692307693,1,0.07692307692307693,,,
pilot_n20_v7_factuality_chase,gemini3_flash_preview_minimal,generated,laysumm_plos_0501,PLOS,501,17,The researchers added an applicability domain to the prediction tool to inform users about the reliability of specific predictions.,,,5,long_sentence|long_word_dense|hard_word_dense,19,112,5.894736842105263,5,0.2631578947368421,6,0.3157894736842105,,,
pilot_n20_v7_factuality_chase,gemini3_flash_preview_minimal,generated,laysumm_plos_0563,PLOS,563,1,The protein clumping factor B helps S. aureus colonize the nose.,,,0,,11,52,4.7272727272727275,0,0.0,1,0.09090909090909091,,,
pilot_n20_v7_factuality_chase,gemini3_flash_preview_minimal,generated,laysumm_plos_0563,PLOS,563,2,It does this by binding to the cornified envelope in the nostrils.,,,0,,12,54,4.5,0,0.0,2,0.16666666666666666,,,
pilot_n20_v7_factuality_chase,gemini3_flash_preview_minimal,generated,laysumm_plos_0563,PLOS,563,3,Clumping factor B is a cell wall-anchored protein.,,,0,,8,41,5.125,1,0.125,1,0.125,,,
pilot_n20_v7_factuality_chase,gemini3_flash_preview_minimal,generated,laysumm_plos_0563,PLOS,563,4,This surface protein allows the bacteria to attach to host tissues.,,,0,,11,56,5.090909090909091,0,0.0,2,0.18181818181818182,,,
pilot_n20_v7_factuality_chase,gemini3_flash_preview_minimal,generated,laysumm_plos_0563,PLOS,563,5,ClfB is also a major virulence determinant during S. aureus skin infection.,,,0,,12,62,5.166666666666667,1,0.08333333333333333,3,0.25,,,
pilot_n20_v7_factuality_chase,gemini3_flash_preview_minimal,generated,laysumm_plos_0563,PLOS,563,6,This means the protein helps the bacteria cause disease in skin tissue.,,,0,causal_or_inferential,12,59,4.916666666666667,0,0.0,2,0.16666666666666666,,,
pilot_n20_v7_factuality_chase,gemini3_flash_preview_minimal,generated,laysumm_plos_0563,PLOS,563,7,Researchers found this new role for the protein beyond its known function in the nose.,,,0,,15,71,4.733333333333333,1,0.06666666666666667,1,0.06666666666666667,,,
pilot_n20_v7_factuality_chase,gemini3_flash_preview_minimal,generated,laysumm_plos_0563,PLOS,563,8,ClfB promotes skin abscess formation by binding to the host protein loricrin.,,,0,,12,65,5.416666666666667,0,0.0,3,0.25,,,
pilot_n20_v7_factuality_chase,gemini3_flash_preview_minimal,generated,laysumm_plos_0563,PLOS,563,9,This interaction increases the bacterial burden within the infected skin site.,,,2,hard_word_dense,11,67,6.090909090909091,1,0.09090909090909091,4,0.36363636363636365,,,
pilot_n20_v7_factuality_chase,gemini3_flash_preview_minimal,generated,laysumm_plos_0563,PLOS,563,10,Loricrin is a protein found in the protective barrier of the skin.,,,0,,12,54,4.5,1,0.08333333333333333,2,0.16666666666666666,,,
pilot_n20_v7_factuality_chase,gemini3_flash_preview_minimal,generated,laysumm_plos_0563,PLOS,563,11,Loricrin is a critical ligand that the bacteria use to build abscesses.,,,2,hard_word_dense,12,59,4.916666666666667,0,0.0,4,0.3333333333333333,,,
pilot_n20_v7_factuality_chase,gemini3_flash_preview_minimal,generated,laysumm_plos_0563,PLOS,563,12,An abscess is a pocket of infection that forms in the skin.,,,0,,12,47,3.9166666666666665,0,0.0,1,0.08333333333333333,,,
pilot_n20_v7_factuality_chase,gemini3_flash_preview_minimal,generated,laysumm_plos_0563,PLOS,563,13,The bacteria hijack this host ligand to create a robust structure for the infection.,,,0,,14,70,5.0,0,0.0,3,0.21428571428571427,,,
pilot_n20_v7_factuality_chase,gemini3_flash_preview_minimal,generated,laysumm_plos_0563,PLOS,563,14,Vaccination with ClfB induces protective humoral and cellular responses.,,,4,long_word_dense|hard_word_dense,9,63,7.0,2,0.2222222222222222,6,0.6666666666666666,,,
pilot_n20_v7_factuality_chase,gemini3_flash_preview_minimal,generated,laysumm_plos_0563,PLOS,563,15,These immune responses provide protection and reduce the severity of skin infections.,,,2,hard_word_dense,12,73,6.083333333333333,2,0.16666666666666666,7,0.5833333333333334,,,
pilot_n20_v7_factuality_chase,gemini3_flash_preview_minimal,generated,laysumm_plos_0563,PLOS,563,16,The vaccine triggers the immune system to produce antibodies and T cells.,,,2,hard_word_dense,12,61,5.083333333333333,1,0.08333333333333333,4,0.3333333333333333,,,
pilot_n20_v7_factuality_chase,gemini3_flash_preview_minimal,generated,laysumm_plos_0563,PLOS,563,17,The vaccine significantly lowers the number of bacteria found in the skin.,,,0,technical_density,12,62,5.166666666666667,1,0.08333333333333333,3,0.25,,,
pilot_n20_v7_factuality_chase,gemini3_flash_preview_minimal,generated,laysumm_plos_0563,PLOS,563,18,This reduction helps the body clear the infection more effectively.,,,2,hard_word_dense,10,57,5.7,1,0.1,3,0.3,,,
pilot_n20_v7_factuality_chase,gemini3_flash_preview_minimal,generated,laysumm_plos_0563,PLOS,563,19,A lower bacterial burden means the infection is less severe for the host.,,,0,,13,60,4.615384615384615,0,0.0,3,0.23076923076923078,,,
pilot_n20_v7_factuality_chase,gemini3_flash_preview_minimal,generated,laysumm_plos_0563,PLOS,563,20,ClfB is an important antigen for next-generation vaccines targeting SSTI.,,,2,hard_word_dense,10,62,6.2,1,0.1,5,0.5,,,
pilot_n20_v7_factuality_chase,gemini3_flash_preview_minimal,generated,laysumm_plos_0563,PLOS,563,21,SSTI refers to common skin and soft tissue infections caused by bacteria.,,,0,causal_or_inferential,12,61,5.083333333333333,1,0.08333333333333333,2,0.16666666666666666,,,
pilot_n20_v7_factuality_chase,gemini3_flash_preview_minimal,generated,laysumm_plos_0563,PLOS,563,22,Identifying this therapeutic target is a key step for future medical treatments.,,,4,long_word_dense|hard_word_dense|technical_density,12,68,5.666666666666667,3,0.25,4,0.3333333333333333,,,
pilot_n20_v7_factuality_chase,gemini3_flash_preview_minimal,generated,laysumm_plos_1116,PLOS,1116,1,Dengue virus causes about 100 million symptomatic infections every year.,,,4,long_word_dense|hard_word_dense|causal_or_inferential|number,10,59,5.9,2,0.2,3,0.3,,,
pilot_n20_v7_factuality_chase,gemini3_flash_preview_minimal,generated,laysumm_plos_1116,PLOS,1116,2,This virus is the most common mosquito-borne virus in the world and half of the world’s population is now at risk.,,,1,long_sentence|technical_density,22,91,4.136363636363637,2,0.09090909090909091,2,0.09090909090909091,,,
pilot_n20_v7_factuality_chase,gemini3_flash_preview_minimal,generated,laysumm_plos_1116,PLOS,1116,3,Infection ranges from mild dengue fever to life-threatening dengue hemorrhagic fever.,,,2,long_word_dense,11,73,6.636363636363637,2,0.18181818181818182,3,0.2727272727272727,,,
pilot_n20_v7_factuality_chase,gemini3_flash_preview_minimal,generated,laysumm_plos_1116,PLOS,1116,4,Dengue fever is called DF and the severe form is DHF.,,,0,,11,42,3.8181818181818183,0,0.0,1,0.09090909090909091,,,
pilot_n20_v7_factuality_chase,gemini3_flash_preview_minimal,generated,laysumm_plos_1116,PLOS,1116,5,Researchers used mass spectrometry for metabolomic profiling of patient sera.,,,4,long_word_dense|hard_word_dense,10,67,6.7,3,0.3,4,0.4,,,
pilot_n20_v7_factuality_chase,gemini3_flash_preview_minimal,generated,laysumm_plos_1116,PLOS,1116,6,This method identifies small molecules in the blood called metabolites to see how they differ between mild and severe cases.,,,1,long_sentence,20,104,5.2,2,0.1,4,0.2,,,
pilot_n20_v7_factuality_chase,gemini3_flash_preview_minimal,generated,laysumm_plos_1116,PLOS,1116,7,The study found 29 metabolites that differed during the critical phase.,,,0,number,11,58,5.2727272727272725,1,0.09090909090909091,3,0.2727272727272727,,,
pilot_n20_v7_factuality_chase,gemini3_flash_preview_minimal,generated,laysumm_plos_1116,PLOS,1116,8,The critical phase occurs five to seven days after fever starts and is when severe symptoms usually appear.,,,0,,18,89,4.944444444444445,0,0.0,3,0.16666666666666666,,,
pilot_n20_v7_factuality_chase,gemini3_flash_preview_minimal,generated,laysumm_plos_1116,PLOS,1116,9,Bile acids were 5 fold higher in DHF and linked to liver injury.,,,0,number,13,50,3.8461538461538463,0,0.0,1,0.07692307692307693,,,
pilot_n20_v7_factuality_chase,gemini3_flash_preview_minimal,generated,laysumm_plos_1116,PLOS,1116,10,These levels correlated with higher liver enzymes called AST and ALT which are markers of liver damage.,,,0,,17,86,5.0588235294117645,1,0.058823529411764705,3,0.17647058823529413,,,
pilot_n20_v7_factuality_chase,gemini3_flash_preview_minimal,generated,laysumm_plos_1116,PLOS,1116,11,Uric acid was 1.5 fold lower in patients with severe DHF.,,,0,number,12,43,3.5833333333333335,0,0.0,1,0.08333333333333333,,,
pilot_n20_v7_factuality_chase,gemini3_flash_preview_minimal,generated,laysumm_plos_1116,PLOS,1116,12,Low levels may lead to a decreased capacity for antioxidant defense against cellular stress.,,,2,hard_word_dense|hedged,14,78,5.571428571428571,1,0.07142857142857142,5,0.35714285714285715,,,
pilot_n20_v7_factuality_chase,gemini3_flash_preview_minimal,generated,laysumm_plos_1116,PLOS,1116,13,Chenodeoxyglycocholic acid remained 3 times higher during the recovery phase.,,,2,hard_word_dense|number,10,66,6.6,1,0.1,3,0.3,,,
pilot_n20_v7_factuality_chase,gemini3_flash_preview_minimal,generated,laysumm_plos_1116,PLOS,1116,14,This specific bile acid shows that liver impact can last longer even after the initial fever passes.,,,0,causal_or_inferential,17,83,4.882352941176471,0,0.0,2,0.11764705882352941,,,
pilot_n20_v7_factuality_chase,gemini3_flash_preview_minimal,generated,laysumm_plos_1116,PLOS,1116,15,These findings suggest new therapeutic targets for managing severe dengue.,,,2,hard_word_dense|technical_density|hedged,10,64,6.4,1,0.1,3,0.3,,,
pilot_n20_v7_factuality_chase,gemini3_flash_preview_minimal,generated,laysumm_plos_1116,PLOS,1116,16,Understanding the disease pathogenesis helps in finding better medical treatments for patients.,,,4,long_word_dense|hard_word_dense,12,83,6.916666666666667,3,0.25,4,0.3333333333333333,,,
pilot_n20_v7_factuality_chase,gemini3_flash_preview_minimal,generated,laysumm_plos_1309,PLOS,1309,1,Cullin-RING ubiquitin ligases must have their substrate receptor subunits tightly controlled.,,,4,long_word_dense|hard_word_dense,11,81,7.363636363636363,2,0.18181818181818182,7,0.6363636363636364,,,
pilot_n20_v7_factuality_chase,gemini3_flash_preview_minimal,generated,laysumm_plos_1309,PLOS,1309,2,This control ensures the cell maintains a balanced variety of these ligase machines.,,,2,hard_word_dense,13,71,5.461538461538462,0,0.0,5,0.38461538461538464,,,
pilot_n20_v7_factuality_chase,gemini3_flash_preview_minimal,generated,laysumm_plos_1309,PLOS,1309,3,Unbalanced levels of substrate receptors can lead to the sequestration of core components.,,,4,long_word_dense|hard_word_dense,13,77,5.923076923076923,3,0.23076923076923078,5,0.38461538461538464,,,
pilot_n20_v7_factuality_chase,gemini3_flash_preview_minimal,generated,laysumm_plos_1309,PLOS,1309,4,This competition for parts disrupts normal cellular functions.,,,0,,8,54,6.75,1,0.125,2,0.25,,,
pilot_n20_v7_factuality_chase,gemini3_flash_preview_minimal,generated,laysumm_plos_1309,PLOS,1309,5,Misregulation of substrate receptor components in SCF ligases is associated with cancer.,,,4,long_word_dense|hard_word_dense|technical_density,12,76,6.333333333333333,3,0.25,6,0.5,,,
pilot_n20_v7_factuality_chase,gemini3_flash_preview_minimal,generated,laysumm_plos_1309,PLOS,1309,6,Many other diseases are also linked to these protein-marking errors.,,,0,,10,57,5.7,1,0.1,2,0.2,,,
pilot_n20_v7_factuality_chase,gemini3_flash_preview_minimal,generated,laysumm_plos_1309,PLOS,1309,7,F-box proteins are typically regulated by autocatalytic ubiquitylation and proteasome-mediated degradation.,,,4,long_word_dense|hard_word_dense,11,94,8.545454545454545,4,0.36363636363636365,6,0.5454545454545454,,,
pilot_n20_v7_factuality_chase,gemini3_flash_preview_minimal,generated,laysumm_plos_1309,PLOS,1309,8,This process happens when the proteins are part of an intact SCF complex.,,,0,,13,60,4.615384615384615,0,0.0,0,0.0,,,
pilot_n20_v7_factuality_chase,gemini3_flash_preview_minimal,generated,laysumm_plos_1309,PLOS,1309,9,Researchers identified a new degradation pathway for the yeast F-box protein Met30.,,,2,long_word_dense|number,12,68,5.666666666666667,3,0.25,3,0.25,,,
pilot_n20_v7_factuality_chase,gemini3_flash_preview_minimal,generated,laysumm_plos_1309,PLOS,1309,10,This pathway acts when Met30 is dissociated from the Skp1 protein.,,,0,number,11,52,4.7272727272727275,1,0.09090909090909091,1,0.09090909090909091,,,
pilot_n20_v7_factuality_chase,gemini3_flash_preview_minimal,generated,laysumm_plos_1309,PLOS,1309,11,The new Met30 degradation pathway requires Cdc53/Cul1 but is independent of Skp1.,,,0,number,13,62,4.769230769230769,2,0.15384615384615385,3,0.23076923076923078,,,
pilot_n20_v7_factuality_chase,gemini3_flash_preview_minimal,generated,laysumm_plos_1309,PLOS,1309,12,It uses only specific parts of the usual machine to function.,,,0,negation_or_contrast,11,50,4.545454545454546,0,0.0,2,0.18181818181818182,,,
pilot_n20_v7_factuality_chase,gemini3_flash_preview_minimal,generated,laysumm_plos_1309,PLOS,1309,13,This pathway is essential for chromosome stability and defense against heavy metal stress.,,,2,hard_word_dense,13,77,5.923076923076923,1,0.07692307692307693,4,0.3076923076923077,,,
pilot_n20_v7_factuality_chase,gemini3_flash_preview_minimal,generated,laysumm_plos_1309,PLOS,1309,14,It specifically helps yeast cells recover from stress caused by cadmium.,,,0,causal_or_inferential,11,61,5.545454545454546,1,0.09090909090909091,2,0.18181818181818182,,,
pilot_n20_v7_factuality_chase,gemini3_flash_preview_minimal,generated,laysumm_plos_1309,PLOS,1309,15,"The study assigns biological functions to a sub-complex of Cdc53, Rbx1, and Cdc34.",,,0,number,13,61,4.6923076923076925,2,0.15384615384615385,2,0.15384615384615385,,,
pilot_n20_v7_factuality_chase,gemini3_flash_preview_minimal,generated,laysumm_plos_1309,PLOS,1309,16,This smaller team of proteins works independently of the Skp1 component.,,,0,number,11,60,5.454545454545454,1,0.09090909090909091,2,0.18181818181818182,,,
pilot_n20_v7_factuality_chase,gemini3_flash_preview_minimal,rewritten,laysumm_elife_0006,eLife,6,1,Many decisions are thought to arise from the accumulation of noisy evidence until a threshold is reached.,,,0,,17,88,5.176470588235294,1,0.058823529411764705,4,0.23529411764705882,,,
pilot_n20_v7_factuality_chase,gemini3_flash_preview_minimal,rewritten,laysumm_elife_0006,eLife,6,2,This process continues until the gathered information hits a specific limit or bound.,,,2,hard_word_dense,13,72,5.538461538461538,1,0.07692307692307693,4,0.3076923076923077,,,
pilot_n20_v7_factuality_chase,gemini3_flash_preview_minimal,rewritten,laysumm_elife_0006,eLife,6,3,"This mechanism explains how stimulus strength affects decision speed, accuracy, and confidence.",,,2,hard_word_dense|technical_density|causal_or_inferential,12,81,6.75,1,0.08333333333333333,5,0.4166666666666667,,,
pilot_n20_v7_factuality_chase,gemini3_flash_preview_minimal,rewritten,laysumm_elife_0006,eLife,6,4,These three factors are the key observable parts of how a decision is formed.,,,0,,14,63,4.5,1,0.07142857142857142,2,0.14285714285714285,,,
pilot_n20_v7_factuality_chase,gemini3_flash_preview_minimal,rewritten,laysumm_elife_0006,eLife,6,5,Increased noise is predicted to lead to faster decisions and paradoxically higher confidence.,,,2,hard_word_dense,13,80,6.153846153846154,2,0.15384615384615385,5,0.38461538461538464,,,
pilot_n20_v7_factuality_chase,gemini3_flash_preview_minimal,rewritten,laysumm_elife_0006,eLife,6,6,The extra noise pushes the evidence toward the decision bounds more quickly.,,,0,,12,64,5.333333333333333,0,0.0,2,0.16666666666666666,,,
pilot_n20_v7_factuality_chase,gemini3_flash_preview_minimal,rewritten,laysumm_elife_0006,eLife,6,7,Researchers tested this using a sensory manipulation that mimics noise in the visual cortex.,,,0,,14,78,5.571428571428571,2,0.14285714285714285,3,0.21428571428571427,,,
pilot_n20_v7_factuality_chase,gemini3_flash_preview_minimal,rewritten,laysumm_elife_0006,eLife,6,8,They verified this method using neuronal recordings from macaque brain areas MT/MST.,,,2,hard_word_dense,13,71,5.461538461538462,1,0.07692307692307693,4,0.3076923076923077,,,
pilot_n20_v7_factuality_chase,gemini3_flash_preview_minimal,rewritten,laysumm_elife_0006,eLife,6,9,"In humans and monkeys, increased noise led to faster decisions and greater confidence.",,,0,,13,72,5.538461538461538,1,0.07692307692307693,3,0.23076923076923078,,,
pilot_n20_v7_factuality_chase,gemini3_flash_preview_minimal,rewritten,laysumm_elife_0006,eLife,6,10,These effects occurred while the accuracy of the choices was only minimally impaired.,,,2,hard_word_dense|negation_or_contrast,13,72,5.538461538461538,0,0.0,4,0.3076923076923077,,,
pilot_n20_v7_factuality_chase,gemini3_flash_preview_minimal,rewritten,laysumm_elife_0006,eLife,6,11,The results were in agreement with the predictions of the bounded evidence accumulation model.,,,0,,14,80,5.714285714285714,2,0.14285714285714285,4,0.2857142857142857,,,
pilot_n20_v7_factuality_chase,gemini3_flash_preview_minimal,rewritten,laysumm_elife_0006,eLife,6,12,The size of the observed effects matched what the mathematical model expected.,,,0,,12,66,5.5,1,0.08333333333333333,3,0.25,,,
pilot_n20_v7_factuality_chase,gemini3_flash_preview_minimal,rewritten,laysumm_elife_0006,eLife,6,13,The model suggests that volatility disperses the decision variable away from its expected path.,,,2,hard_word_dense|hedged,14,81,5.785714285714286,1,0.07142857142857142,5,0.35714285714285715,,,
pilot_n20_v7_factuality_chase,gemini3_flash_preview_minimal,rewritten,laysumm_elife_0006,eLife,6,14,This dispersion causes the brain to reach a final choice in less time.,,,0,causal_or_inferential,13,57,4.384615384615385,1,0.07692307692307693,1,0.07692307692307693,,,
pilot_n20_v7_factuality_chase,gemini3_flash_preview_minimal,rewritten,laysumm_elife_0006,eLife,6,15,The sensory manipulation added unbiased noise to regions of the brain that select motion.,,,0,,14,75,5.357142857142857,1,0.07142857142857142,3,0.21428571428571427,,,
pilot_n20_v7_factuality_chase,gemini3_flash_preview_minimal,rewritten,laysumm_elife_0006,eLife,6,16,The macaque recordings confirmed that the visual cortex responded to this added noise.,,,2,hard_word_dense,13,73,5.615384615384615,1,0.07692307692307693,4,0.3076923076923077,,,
pilot_n20_v7_factuality_chase,gemini3_flash_preview_minimal,rewritten,laysumm_elife_0006,eLife,6,17,The increase in confidence was observed across a range of different visual stimuli.,,,2,hard_word_dense,13,70,5.384615384615385,1,0.07692307692307693,5,0.38461538461538464,,,
pilot_n20_v7_factuality_chase,gemini3_flash_preview_minimal,rewritten,laysumm_elife_0006,eLife,6,18,Both species showed similar changes in how they reacted to the noisy signals.,,,0,,13,64,4.923076923076923,0,0.0,1,0.07692307692307693,,,
pilot_n20_v7_factuality_chase,gemini3_flash_preview_minimal,rewritten,laysumm_elife_0026,eLife,26,1,The bacterial enzyme OspI from Shigella flexneri changes a specific part of the human protein UBC13.,,,2,hard_word_dense|number,16,82,5.125,0,0.0,5,0.3125,,,
pilot_n20_v7_factuality_chase,gemini3_flash_preview_minimal,rewritten,laysumm_elife_0026,eLife,26,2,This enzyme converts a glutamine residue at site Q100 into a glutamate residue through a process called deamidation.,,,2,hard_word_dense|number,18,95,5.277777777777778,1,0.05555555555555555,6,0.3333333333333333,,,
pilot_n20_v7_factuality_chase,gemini3_flash_preview_minimal,rewritten,laysumm_elife_0026,eLife,26,3,This chemical change stops UBC13 from working with another protein called TRAF6.,,,0,number,12,65,5.416666666666667,0,0.0,2,0.16666666666666666,,,
pilot_n20_v7_factuality_chase,gemini3_flash_preview_minimal,rewritten,laysumm_elife_0026,eLife,26,4,"Normally, these two proteins work together to signal the immune system to fight the infection.",,,0,,15,78,5.2,0,0.0,4,0.26666666666666666,,,
pilot_n20_v7_factuality_chase,gemini3_flash_preview_minimal,rewritten,laysumm_elife_0026,eLife,26,5,"When they cannot work together, the body's NF-κB inflammatory response is silenced.",,,2,hard_word_dense|negation_or_contrast,12,67,5.583333333333333,1,0.08333333333333333,4,0.3333333333333333,,,
pilot_n20_v7_factuality_chase,gemini3_flash_preview_minimal,rewritten,laysumm_elife_0026,eLife,26,6,The modification inhibits the interaction between UBC13 and TRAF6 by disrupting their connections.,,,4,long_word_dense|hard_word_dense|number,13,82,6.3076923076923075,4,0.3076923076923077,5,0.38461538461538464,,,
pilot_n20_v7_factuality_chase,gemini3_flash_preview_minimal,rewritten,laysumm_elife_0026,eLife,26,7,"Even though the overall shape of the protein does not change, it loses its ability to stick to its partner.",,,1,long_sentence|negation_or_contrast,20,86,4.3,0,0.0,2,0.1,,,
pilot_n20_v7_factuality_chase,gemini3_flash_preview_minimal,rewritten,laysumm_elife_0026,eLife,26,8,It specifically perturbs both the stable native and temporary transient interactions between them.,,,2,hard_word_dense,13,85,6.538461538461538,2,0.15384615384615385,4,0.3076923076923077,,,
pilot_n20_v7_factuality_chase,gemini3_flash_preview_minimal,rewritten,laysumm_elife_0026,eLife,26,9,The change causes UBC13 to form a new intramolecular salt-bridge between residues R14 and E100.,,,0,causal_or_inferential|number,15,72,4.8,2,0.13333333333333333,3,0.2,,,
pilot_n20_v7_factuality_chase,gemini3_flash_preview_minimal,rewritten,laysumm_elife_0026,eLife,26,10,A salt-bridge is an electrical attraction between positive and negative parts of the proteins.,,,4,long_word_dense|hard_word_dense,14,79,5.642857142857143,3,0.21428571428571427,5,0.35714285714285715,,,
pilot_n20_v7_factuality_chase,gemini3_flash_preview_minimal,rewritten,laysumm_elife_0026,eLife,26,11,This internal bond competes with the intermolecular salt-bridge needed to bind to TRAF6.,,,2,hard_word_dense|number,13,73,5.615384615384615,2,0.15384615384615385,4,0.3076923076923077,,,
pilot_n20_v7_factuality_chase,gemini3_flash_preview_minimal,rewritten,laysumm_elife_0026,eLife,26,12,Electrostatic repulsion between the new glutamate and the surface of TRAF6 also prevents binding.,,,0,number,14,82,5.857142857142857,1,0.07142857142857142,4,0.2857142857142857,,,
pilot_n20_v7_factuality_chase,gemini3_flash_preview_minimal,rewritten,laysumm_elife_0026,eLife,26,13,The new negative charge on UBC13 repels the negatively charged surface of its partner.,,,0,number,14,70,5.0,1,0.07142857142857142,3,0.21428571428571427,,,
pilot_n20_v7_factuality_chase,gemini3_flash_preview_minimal,rewritten,laysumm_elife_0026,eLife,26,14,"Like two magnets with the same poles facing each other, the similar negative charges push the proteins away from one another.",,,1,long_sentence,21,103,4.904761904761905,0,0.0,3,0.14285714285714285,,,
pilot_n20_v7_factuality_chase,gemini3_flash_preview_minimal,rewritten,laysumm_elife_0026,eLife,26,15,Researchers used all-atom simulations and experimental data to show how this post-translational modification controls protein-protein association.,,,4,long_word_dense|hard_word_dense|technical_density,16,127,7.9375,7,0.4375,8,0.5,,,
pilot_n20_v7_factuality_chase,gemini3_flash_preview_minimal,rewritten,laysumm_elife_0026,eLife,26,16,Small chemical changes interfere with how transient complexes briefly touch and bind.,,,0,,12,73,6.083333333333333,0,0.0,3,0.25,,,
pilot_n20_v7_factuality_chase,gemini3_flash_preview_minimal,rewritten,laysumm_elife_0026,eLife,26,17,This discovery explains a subtle way that pathogens can hijack human cell signaling.,,,0,causal_or_inferential,13,71,5.461538461538462,0,0.0,3,0.23076923076923078,,,
pilot_n20_v7_factuality_chase,gemini3_flash_preview_minimal,rewritten,laysumm_elife_0028,eLife,28,1,Working memory emerges from large-scale network interactions in the brain.,,,4,long_word_dense|hard_word_dense,10,63,6.3,2,0.2,4,0.4,,,
pilot_n20_v7_factuality_chase,gemini3_flash_preview_minimal,rewritten,laysumm_elife_0028,eLife,28,2,This memory allows people to hold and use information for short periods.,,,0,,12,60,5.0,1,0.08333333333333333,2,0.16666666666666666,,,
pilot_n20_v7_factuality_chase,gemini3_flash_preview_minimal,rewritten,laysumm_elife_0028,eLife,28,3,It is an emergent property of many brain regions working together.,,,0,,11,55,5.0,0,0.0,3,0.2727272727272727,,,
pilot_n20_v7_factuality_chase,gemini3_flash_preview_minimal,rewritten,laysumm_elife_0028,eLife,28,4,Brain regions exchange information through the synchronization of rhythmic activity.,,,4,long_word_dense|hard_word_dense,10,74,7.4,2,0.2,4,0.4,,,
pilot_n20_v7_factuality_chase,gemini3_flash_preview_minimal,rewritten,laysumm_elife_0028,eLife,28,5,These rhythmic waves occur when many brain cells send signals together.,,,0,,11,60,5.454545454545454,0,0.0,1,0.09090909090909091,,,
pilot_n20_v7_factuality_chase,gemini3_flash_preview_minimal,rewritten,laysumm_elife_0028,eLife,28,6,This synchronization allows for coordination across long distances in the brain.,,,2,long_word_dense,11,69,6.2727272727272725,2,0.18181818181818182,3,0.2727272727272727,,,
pilot_n20_v7_factuality_chase,gemini3_flash_preview_minimal,rewritten,laysumm_elife_0028,eLife,28,7,Researchers used tACS to modulate the right frontoparietal network at 6 Hz.,,,0,number,12,62,5.166666666666667,2,0.16666666666666666,3,0.25,,,
pilot_n20_v7_factuality_chase,gemini3_flash_preview_minimal,rewritten,laysumm_elife_0028,eLife,28,8,This method uses mild electrical currents to influence brain wave timing.,,,0,,11,62,5.636363636363637,1,0.09090909090909091,2,0.18181818181818182,,,
pilot_n20_v7_factuality_chase,gemini3_flash_preview_minimal,rewritten,laysumm_elife_0028,eLife,28,9,The right frontoparietal network includes frontal and parietal regions that support memory.,,,2,hard_word_dense,12,79,6.583333333333333,1,0.08333333333333333,4,0.3333333333333333,,,
pilot_n20_v7_factuality_chase,gemini3_flash_preview_minimal,rewritten,laysumm_elife_0028,eLife,28,10,Induced synchronization improved performance when cognitive demands were high.,,,4,long_word_dense|hard_word_dense|technical_density,9,69,7.666666666666667,2,0.2222222222222222,5,0.5555555555555556,,,
pilot_n20_v7_factuality_chase,gemini3_flash_preview_minimal,rewritten,laysumm_elife_0028,eLife,28,11,Participants performed better on difficult tasks requiring them to remember sequences.,,,2,hard_word_dense|technical_density,11,75,6.818181818181818,1,0.09090909090909091,6,0.5454545454545454,,,
pilot_n20_v7_factuality_chase,gemini3_flash_preview_minimal,rewritten,laysumm_elife_0028,eLife,28,12,The improvement was seen in a 2-back task where people remember items from two steps back.,,,0,number,16,72,4.5,1,0.0625,2,0.125,,,
pilot_n20_v7_factuality_chase,gemini3_flash_preview_minimal,rewritten,laysumm_elife_0028,eLife,28,13,The effects of stimulation depend on the relative phase and cognitive state.,,,0,technical_density,12,64,5.333333333333333,1,0.08333333333333333,3,0.25,,,
pilot_n20_v7_factuality_chase,gemini3_flash_preview_minimal,rewritten,laysumm_elife_0028,eLife,28,14,Researchers used fMRI to track how these factors changed brain activity.,,,0,,11,61,5.545454545454546,1,0.09090909090909091,2,0.18181818181818182,,,
pilot_n20_v7_factuality_chase,gemini3_flash_preview_minimal,rewritten,laysumm_elife_0028,eLife,28,15,This imaging technique measures changes in blood flow to track active brain areas.,,,2,hard_word_dense,13,69,5.3076923076923075,0,0.0,4,0.3076923076923077,,,
pilot_n20_v7_factuality_chase,gemini3_flash_preview_minimal,rewritten,laysumm_elife_0028,eLife,28,16,Synchronous tACS increased parietal activity which correlated with behavioral performance.,,,4,long_word_dense|hard_word_dense|technical_density,10,80,8.0,4,0.4,7,0.7,,,
pilot_n20_v7_factuality_chase,gemini3_flash_preview_minimal,rewritten,laysumm_elife_0028,eLife,28,17,The parietal region helps the brain process sensory and spatial information.,,,0,,11,65,5.909090909090909,1,0.09090909090909091,3,0.2727272727272727,,,
pilot_n20_v7_factuality_chase,gemini3_flash_preview_minimal,rewritten,laysumm_elife_0028,eLife,28,18,Increased activity in the right inferior parietal lobe led to faster responses.,,,2,hard_word_dense,12,67,5.583333333333333,0,0.0,5,0.4166666666666667,,,
pilot_n20_v7_factuality_chase,gemini3_flash_preview_minimal,rewritten,laysumm_elife_0028,eLife,28,19,The relative phase of stimulation influences information flow within the network.,,,4,long_word_dense|hard_word_dense,11,70,6.363636363636363,3,0.2727272727272727,4,0.36363636363636365,,,
pilot_n20_v7_factuality_chase,gemini3_flash_preview_minimal,rewritten,laysumm_elife_0028,eLife,28,20,This flow describes how different brain parts send signals to each other.,,,0,,12,61,5.083333333333333,0,0.0,2,0.16666666666666666,,,
pilot_n20_v7_factuality_chase,gemini3_flash_preview_minimal,rewritten,laysumm_elife_0028,eLife,28,21,Altering phase synchrony shapes how these network interactions occur.,,,2,hard_word_dense,9,60,6.666666666666667,1,0.1111111111111111,3,0.3333333333333333,,,
pilot_n20_v7_factuality_chase,gemini3_flash_preview_minimal,rewritten,laysumm_elife_0028,eLife,28,22,There is a link between brain synchronization and success in a demanding task.,,,0,,13,65,5.0,1,0.07692307692307693,2,0.15384615384615385,,,
pilot_n20_v7_factuality_chase,gemini3_flash_preview_minimal,rewritten,laysumm_elife_0028,eLife,28,23,Helping brain regions sync up can improve performance on mental challenges.,,,2,long_word_dense,11,64,5.818181818181818,2,0.18181818181818182,3,0.2727272727272727,,,
pilot_n20_v7_factuality_chase,gemini3_flash_preview_minimal,rewritten,laysumm_elife_0028,eLife,28,24,This link shows that the beat of brain waves is vital for task success.,,,0,causal_or_inferential,14,57,4.071428571428571,0,0.0,0,0.0,,,
pilot_n20_v7_factuality_chase,gemini3_flash_preview_minimal,rewritten,laysumm_elife_0035,eLife,35,1,The granular retrosplenial cortex (RSG) is essential for both spatial and non-spatial behaviors.,,,2,hard_word_dense,13,80,6.153846153846154,2,0.15384615384615385,5,0.38461538461538464,,,
pilot_n20_v7_factuality_chase,gemini3_flash_preview_minimal,rewritten,laysumm_elife_0035,eLife,35,2,"This brain region helps with navigation, learning, and memory.",,,0,,9,51,5.666666666666667,1,0.1111111111111111,2,0.2222222222222222,,,
pilot_n20_v7_factuality_chase,gemini3_flash_preview_minimal,rewritten,laysumm_elife_0035,eLife,35,3,Damage to this area causes spatial disorientation.,,,0,causal_or_inferential,7,43,6.142857142857143,1,0.14285714285714285,2,0.2857142857142857,,,
pilot_n20_v7_factuality_chase,gemini3_flash_preview_minimal,rewritten,laysumm_elife_0035,eLife,35,4,This makes it hard to find your way home.,,,0,,9,32,3.5555555555555554,0,0.0,0,0.0,,,
pilot_n20_v7_factuality_chase,gemini3_flash_preview_minimal,rewritten,laysumm_elife_0035,eLife,35,5,It is one of the first regions to show altered activity in Alzheimer’s disease.,,,0,,15,64,4.266666666666667,0,0.0,4,0.26666666666666666,,,
pilot_n20_v7_factuality_chase,gemini3_flash_preview_minimal,rewritten,laysumm_elife_0035,eLife,35,6,Researchers used optogenetic circuit mapping in mice to study two types of excitatory neurons in the superficial layers.,,,2,long_word_dense,18,102,5.666666666666667,4,0.2222222222222222,4,0.2222222222222222,,,
pilot_n20_v7_factuality_chase,gemini3_flash_preview_minimal,rewritten,laysumm_elife_0035,eLife,35,7,These types are low-rheobase (LR) neurons and regular-spiking (RS) neurons.,,,2,long_word_dense,10,59,5.9,2,0.2,2,0.2,,,
pilot_n20_v7_factuality_chase,gemini3_flash_preview_minimal,rewritten,laysumm_elife_0035,eLife,35,8,Optogenetics is a technique that activates neurons using pulses of light.,,,0,,11,62,5.636363636363637,1,0.09090909090909091,3,0.2727272727272727,,,
pilot_n20_v7_factuality_chase,gemini3_flash_preview_minimal,rewritten,laysumm_elife_0035,eLife,35,9,These two types of neurons have very different physical shapes.,,,0,,10,53,5.3,0,0.0,2,0.2,,,
pilot_n20_v7_factuality_chase,gemini3_flash_preview_minimal,rewritten,laysumm_elife_0035,eLife,35,10,They also have different ways of firing electrical signals.,,,0,,9,50,5.555555555555555,1,0.1111111111111111,2,0.2222222222222222,,,
pilot_n20_v7_factuality_chase,gemini3_flash_preview_minimal,rewritten,laysumm_elife_0035,eLife,35,11,Spatial information from the anterior thalamus and dorsal subiculum is processed by LR cells.,,,2,hard_word_dense,14,79,5.642857142857143,1,0.07142857142857142,5,0.35714285714285715,,,
pilot_n20_v7_factuality_chase,gemini3_flash_preview_minimal,rewritten,laysumm_elife_0035,eLife,35,12,These LR cells are unique to the RSG and not found elsewhere.,,,0,negation_or_contrast,12,49,4.083333333333333,0,0.0,2,0.16666666666666666,,,
pilot_n20_v7_factuality_chase,gemini3_flash_preview_minimal,rewritten,laysumm_elife_0035,eLife,35,13,Brain areas involved in direction and position communicate with these cells.,,,2,hard_word_dense,11,65,5.909090909090909,1,0.09090909090909091,4,0.36363636363636365,,,
pilot_n20_v7_factuality_chase,gemini3_flash_preview_minimal,rewritten,laysumm_elife_0035,eLife,35,14,These excitable cells are unique among pyramidal cells in this region.,,,0,,11,59,5.363636363636363,0,0.0,3,0.2727272727272727,,,
pilot_n20_v7_factuality_chase,gemini3_flash_preview_minimal,rewritten,laysumm_elife_0035,eLife,35,15,Non-spatial information from the claustrum and anterior cingulate cortex is processed by RS cells.,,,2,hard_word_dense,14,83,5.928571428571429,2,0.14285714285714285,5,0.35714285714285715,,,
pilot_n20_v7_factuality_chase,gemini3_flash_preview_minimal,rewritten,laysumm_elife_0035,eLife,35,16,These RS cells focus on different inputs than their LR neighbors.,,,0,,11,54,4.909090909090909,0,0.0,1,0.09090909090909091,,,
pilot_n20_v7_factuality_chase,gemini3_flash_preview_minimal,rewritten,laysumm_elife_0035,eLife,35,17,Standard neurons in this cortex handle different signals.,,,0,,8,49,6.125,0,0.0,1,0.125,,,
pilot_n20_v7_factuality_chase,gemini3_flash_preview_minimal,rewritten,laysumm_elife_0035,eLife,35,18,They are preferentially controlled by sources of mostly non-spatial information.,,,4,long_word_dense|hard_word_dense,10,69,6.9,4,0.4,4,0.4,,,
pilot_n20_v7_factuality_chase,gemini3_flash_preview_minimal,rewritten,laysumm_elife_0035,eLife,35,19,Parallel processing is enabled by the anatomical organization of axons and dendrites in layer 1.,,,4,long_word_dense|hard_word_dense|number,15,80,5.333333333333333,3,0.2,6,0.4,,,
pilot_n20_v7_factuality_chase,gemini3_flash_preview_minimal,rewritten,laysumm_elife_0035,eLife,35,20,The physical overlap of these branches allows for specific communication.,,,2,hard_word_dense,10,63,6.3,1,0.1,4,0.4,,,
pilot_n20_v7_factuality_chase,gemini3_flash_preview_minimal,rewritten,laysumm_elife_0035,eLife,35,21,Precise overlap exists between apical dendrites and dense thalamic axons.,,,2,hard_word_dense,10,63,6.3,0,0.0,5,0.5,,,
pilot_n20_v7_factuality_chase,gemini3_flash_preview_minimal,rewritten,laysumm_elife_0035,eLife,35,22,This structure permits the separation of input streams.,,,0,,8,47,5.875,1,0.125,2,0.25,,,
pilot_n20_v7_factuality_chase,gemini3_flash_preview_minimal,rewritten,laysumm_elife_0035,eLife,35,23,LR neurons can compute the speed of head rotation from head direction inputs.,,,0,,13,64,4.923076923076923,0,0.0,3,0.23076923076923078,,,
pilot_n20_v7_factuality_chase,gemini3_flash_preview_minimal,rewritten,laysumm_elife_0035,eLife,35,24,Specific synaptic dynamics allow the brain to calculate how fast the head turns.,,,2,hard_word_dense,13,67,5.153846153846154,0,0.0,4,0.3076923076923077,,,
pilot_n20_v7_factuality_chase,gemini3_flash_preview_minimal,rewritten,laysumm_elife_0035,eLife,35,25,These neurons turn compass-like signals into a gyroscope signal.,,,0,,9,54,6.0,1,0.1111111111111111,2,0.2222222222222222,,,
pilot_n20_v7_factuality_chase,gemini3_flash_preview_minimal,rewritten,laysumm_elife_0035,eLife,35,26,This allows for the robust encoding of angular speed.,,,0,,9,44,4.888888888888889,0,0.0,2,0.2222222222222222,,,
pilot_n20_v7_factuality_chase,gemini3_flash_preview_minimal,rewritten,laysumm_elife_0035,eLife,35,27,The discovery of parallel input streams identifies a neuronal subtype that supports spatial orientation.,,,2,hard_word_dense,14,90,6.428571428571429,2,0.14285714285714285,6,0.42857142857142855,,,
pilot_n20_v7_factuality_chase,gemini3_flash_preview_minimal,rewritten,laysumm_elife_0057,eLife,57,1,Stable petal numbers ensure reliable attraction of pollinators and display of reproductive organs.,,,4,long_word_dense|hard_word_dense,13,85,6.538461538461538,3,0.23076923076923078,5,0.38461538461538464,,,
pilot_n20_v7_factuality_chase,gemini3_flash_preview_minimal,rewritten,laysumm_elife_0057,eLife,57,2,Petals are usually required to open the flower and help attract these insects.,,,0,,13,65,5.0,0,0.0,2,0.15384615384615385,,,
pilot_n20_v7_factuality_chase,gemini3_flash_preview_minimal,rewritten,laysumm_elife_0057,eLife,57,3,Different insects are attracted to flowers of different shapes and colors.,,,0,,11,63,5.7272727272727275,0,0.0,3,0.2727272727272727,,,
pilot_n20_v7_factuality_chase,gemini3_flash_preview_minimal,rewritten,laysumm_elife_0057,eLife,57,4,The plant Arabidopsis thaliana consistently produces four petals in its flowers.,,,4,long_word_dense|hard_word_dense,11,69,6.2727272727272725,2,0.18181818181818182,4,0.36363636363636365,,,
pilot_n20_v7_factuality_chase,gemini3_flash_preview_minimal,rewritten,laysumm_elife_0057,eLife,57,5,This petal count is invariant and does not change with genetic diversity.,,,0,negation_or_contrast,12,61,5.083333333333333,0,0.0,3,0.25,,,
pilot_n20_v7_factuality_chase,gemini3_flash_preview_minimal,rewritten,laysumm_elife_0057,eLife,57,6,This plant is often used in research studies.,,,0,,8,37,4.625,0,0.0,0,0.0,,,
pilot_n20_v7_factuality_chase,gemini3_flash_preview_minimal,rewritten,laysumm_elife_0057,eLife,57,7,The related species Cardamine hirsuta has a variable petal number.,,,2,hard_word_dense,10,56,5.6,0,0.0,4,0.4,,,
pilot_n20_v7_factuality_chase,gemini3_flash_preview_minimal,rewritten,laysumm_elife_0057,eLife,57,8,A single plant can have flowers with zero to four petals.,,,0,,11,46,4.181818181818182,0,0.0,0,0.0,,,
pilot_n20_v7_factuality_chase,gemini3_flash_preview_minimal,rewritten,laysumm_elife_0057,eLife,57,9,"Unlike Arabidopsis, this related species lacks robustness in its petal count.",,,4,long_word_dense|hard_word_dense,11,65,5.909090909090909,2,0.18181818181818182,4,0.36363636363636365,,,
pilot_n20_v7_factuality_chase,gemini3_flash_preview_minimal,rewritten,laysumm_elife_0057,eLife,57,10,Divergence in the pleiotropic floral regulator gene APETALA1 explains this species difference.,,,4,long_word_dense|hard_word_dense|causal_or_inferential|number,12,81,6.75,3,0.25,5,0.4166666666666667,,,
pilot_n20_v7_factuality_chase,gemini3_flash_preview_minimal,rewritten,laysumm_elife_0057,eLife,57,11,"This gene, also called AP1, is a major factor in petal evolution.",,,0,number,12,50,4.166666666666667,0,0.0,1,0.08333333333333333,,,
pilot_n20_v7_factuality_chase,gemini3_flash_preview_minimal,rewritten,laysumm_elife_0057,eLife,57,12,Mutations in this gene cause petal loss in both species.,,,0,causal_or_inferential,10,46,4.6,0,0.0,1,0.1,,,
pilot_n20_v7_factuality_chase,gemini3_flash_preview_minimal,rewritten,laysumm_elife_0057,eLife,57,13,Arabidopsis AP1 confers robustness by masking nine quantitative trait loci.,,,4,long_word_dense|hard_word_dense|number,10,64,6.4,3,0.3,3,0.3,,,
pilot_n20_v7_factuality_chase,gemini3_flash_preview_minimal,rewritten,laysumm_elife_0057,eLife,57,14,"These loci, or QTL, are other genes that control petal number.",,,0,,11,49,4.454545454545454,0,0.0,0,0.0,,,
pilot_n20_v7_factuality_chase,gemini3_flash_preview_minimal,rewritten,laysumm_elife_0057,eLife,57,15,Introducing the Arabidopsis version of the gene into Cardamine hirsuta stabilizes its petal count.,,,4,long_word_dense|hard_word_dense,14,84,6.0,3,0.21428571428571427,5,0.35714285714285715,,,
pilot_n20_v7_factuality_chase,gemini3_flash_preview_minimal,rewritten,laysumm_elife_0057,eLife,57,16,The Cardamine version of AP1 fails to complement this masking function.,,,0,number,11,59,5.363636363636363,1,0.09090909090909091,2,0.18181818181818182,,,
pilot_n20_v7_factuality_chase,gemini3_flash_preview_minimal,rewritten,laysumm_elife_0057,eLife,57,17,This difference is caused by regulatory regions rather than coding regions.,,,2,long_word_dense|causal_or_inferential,11,64,5.818181818181818,2,0.18181818181818182,2,0.18181818181818182,,,
pilot_n20_v7_factuality_chase,gemini3_flash_preview_minimal,rewritten,laysumm_elife_0057,eLife,57,18,The Cardamine version of the gene cannot restore a stable count of four petals.,,,0,negation_or_contrast,14,65,4.642857142857143,0,0.0,2,0.14285714285714285,,,
pilot_n20_v7_factuality_chase,gemini3_flash_preview_minimal,rewritten,laysumm_elife_0057,eLife,57,19,Cardamine hirsuta maintains variation despite having the potential for four petals.,,,2,hard_word_dense|hedged,11,72,6.545454545454546,0,0.0,5,0.45454545454545453,,,
pilot_n20_v7_factuality_chase,gemini3_flash_preview_minimal,rewritten,laysumm_elife_0057,eLife,57,20,Natural populations have enough standing genetic variation to produce four-petalled flowers through recombination.,,,4,long_word_dense|hard_word_dense|technical_density,13,100,7.6923076923076925,3,0.23076923076923078,7,0.5384615384615384,,,
pilot_n20_v7_factuality_chase,gemini3_flash_preview_minimal,rewritten,laysumm_elife_0057,eLife,57,21,These populations typically do not have four petals in nature.,,,2,hard_word_dense|technical_density|negation_or_contrast,10,52,5.2,1,0.1,3,0.3,,,
pilot_n20_v7_factuality_chase,gemini3_flash_preview_minimal,rewritten,laysumm_elife_0062,eLife,62,1,The way digestive organs undergo regeneration in planarians is not well understood.,,,4,long_word_dense|hard_word_dense|negation_or_contrast,12,71,5.916666666666667,3,0.25,5,0.4166666666666667,,,
pilot_n20_v7_factuality_chase,gemini3_flash_preview_minimal,rewritten,laysumm_elife_0062,eLife,62,2,Planarians are flatworms that can regrow their entire gut after an injury.,,,0,,12,62,5.166666666666667,1,0.08333333333333333,3,0.25,,,
pilot_n20_v7_factuality_chase,gemini3_flash_preview_minimal,rewritten,laysumm_elife_0062,eLife,62,3,Researchers used laser-capture microdissection and RNA-seq to study the Schmidtea mediterranea gut.,,,4,long_word_dense|hard_word_dense,12,85,7.083333333333333,4,0.3333333333333333,4,0.3333333333333333,,,
pilot_n20_v7_factuality_chase,gemini3_flash_preview_minimal,rewritten,laysumm_elife_0062,eLife,62,4,"Laser-capture microdissection, or LCM, allows scientists to isolate specific tissue regions from the planarian flatworm Schmidtea mediterranea.",,,4,long_word_dense|hard_word_dense,17,123,7.235294117647059,4,0.23529411764705882,6,0.35294117647058826,,,
pilot_n20_v7_factuality_chase,gemini3_flash_preview_minimal,rewritten,laysumm_elife_0062,eLife,62,5,The study identified 809 intestine-enriched transcripts that previous studies did not find.,,,2,long_word_dense|negation_or_contrast|number,12,75,6.25,3,0.25,2,0.16666666666666666,,,
pilot_n20_v7_factuality_chase,gemini3_flash_preview_minimal,rewritten,laysumm_elife_0062,eLife,62,6,These transcripts are genetic messages that are highly active in the gut and were missed by single-cell studies.,,,0,,18,93,5.166666666666667,2,0.1111111111111111,4,0.2222222222222222,,,
pilot_n20_v7_factuality_chase,gemini3_flash_preview_minimal,rewritten,laysumm_elife_0062,eLife,62,7,"The planarian gut transcriptome is similar to the human duodenum, small intestine, and liver.",,,2,hard_word_dense,14,77,5.5,1,0.07142857142857142,5,0.35714285714285715,,,
pilot_n20_v7_factuality_chase,gemini3_flash_preview_minimal,rewritten,laysumm_elife_0062,eLife,62,8,"This similarity includes genes used for metabolism, bile transport, and transporting nutrients like glucose and fats.",,,4,long_word_dense|hard_word_dense,16,99,6.1875,3,0.1875,5,0.3125,,,
pilot_n20_v7_factuality_chase,gemini3_flash_preview_minimal,rewritten,laysumm_elife_0062,eLife,62,9,Gene expression shows regionalization along the medio-lateral axis of the intestine.,,,4,long_word_dense|hard_word_dense|technical_density,11,72,6.545454545454546,3,0.2727272727272727,4,0.36363636363636365,,,
pilot_n20_v7_factuality_chase,gemini3_flash_preview_minimal,rewritten,laysumm_elife_0062,eLife,62,10,"This means different genes are active in the center versus the outer edges, especially among goblet cells.",,,0,,17,88,5.176470588235294,1,0.058823529411764705,3,0.17647058823529413,,,
pilot_n20_v7_factuality_chase,gemini3_flash_preview_minimal,rewritten,laysumm_elife_0062,eLife,62,11,The factor gli-1 controls the regeneration of goblet cells in the gut.,,,0,number,12,56,4.666666666666667,1,0.08333333333333333,1,0.08333333333333333,,,
pilot_n20_v7_factuality_chase,gemini3_flash_preview_minimal,rewritten,laysumm_elife_0062,eLife,62,12,A second factor called RREB2 is required for the maintenance and survival of these cells after they form.,,,0,number,18,86,4.777777777777778,1,0.05555555555555555,3,0.16666666666666666,,,
pilot_n20_v7_factuality_chase,gemini3_flash_preview_minimal,rewritten,laysumm_elife_0062,eLife,62,13,This intestinal map serves as a resource for studying regeneration and physiology.,,,4,long_word_dense|hard_word_dense,12,70,5.833333333333333,3,0.25,4,0.3333333333333333,,,
pilot_n20_v7_factuality_chase,gemini3_flash_preview_minimal,rewritten,laysumm_elife_0062,eLife,62,14,The data helps researchers understand how digestive tissues repair themselves after damage and provides insights into cellular processes.,,,2,hard_word_dense,18,119,6.611111111111111,3,0.16666666666666666,8,0.4444444444444444,,,
pilot_n20_v7_factuality_chase,gemini3_flash_preview_minimal,rewritten,laysumm_elife_0062,eLife,62,15,This genetic map helps scientists understand how other animals might better repair digestive damage.,,,2,hard_word_dense|hedged,14,86,6.142857142857143,2,0.14285714285714285,5,0.35714285714285715,,,
pilot_n20_v7_factuality_chase,gemini3_flash_preview_minimal,rewritten,laysumm_elife_0062,eLife,62,16,The study generates new insights into cellular processes whose dysregulation underlies human gastrointestinal pathologies.,,,4,long_word_dense|hard_word_dense|technical_density,14,108,7.714285714285714,3,0.21428571428571427,7,0.5,,,
pilot_n20_v7_factuality_chase,gemini3_flash_preview_minimal,rewritten,laysumm_elife_0070,eLife,70,1,Mitochondria are essential for cell energy and must remove misfolded proteins to function.,,,2,hard_word_dense,13,77,5.923076923076923,1,0.07692307692307693,5,0.38461538461538464,,,
pilot_n20_v7_factuality_chase,gemini3_flash_preview_minimal,rewritten,laysumm_elife_0070,eLife,70,2,Damaged proteins can cause these powerhouses to fail if they are not removed.,,,0,causal_or_inferential|negation_or_contrast,13,64,4.923076923076923,1,0.07692307692307693,3,0.23076923076923078,,,
pilot_n20_v7_factuality_chase,gemini3_flash_preview_minimal,rewritten,laysumm_elife_0070,eLife,70,3,These organelles are the primary source of energy for the cell.,,,0,,11,52,4.7272727272727275,1,0.09090909090909091,3,0.2727272727272727,,,
pilot_n20_v7_factuality_chase,gemini3_flash_preview_minimal,rewritten,laysumm_elife_0070,eLife,70,4,They are also vital for metabolism.,,,0,,6,29,4.833333333333333,1,0.16666666666666666,1,0.16666666666666666,,,
pilot_n20_v7_factuality_chase,gemini3_flash_preview_minimal,rewritten,laysumm_elife_0070,eLife,70,5,Ongoing damage can lead to organelle dysfunction.,,,2,hard_word_dense,7,42,6.0,1,0.14285714285714285,3,0.42857142857142855,,,
pilot_n20_v7_factuality_chase,gemini3_flash_preview_minimal,rewritten,laysumm_elife_0070,eLife,70,6,Researchers used Saccharomyces cerevisiae yeast with temperature-sensitive proteins to study this process.,,,4,long_word_dense|hard_word_dense,12,93,7.75,4,0.3333333333333333,4,0.3333333333333333,,,
pilot_n20_v7_factuality_chase,gemini3_flash_preview_minimal,rewritten,laysumm_elife_0070,eLife,70,7,These proteins misfold when the temperature is raised from 25°C to 37°C.,,,0,number,14,54,3.857142857142857,1,0.07142857142857142,1,0.07142857142857142,,,
pilot_n20_v7_factuality_chase,gemini3_flash_preview_minimal,rewritten,laysumm_elife_0070,eLife,70,8,This change allows scientists to trigger the damage.,,,0,,8,44,5.5,1,0.125,1,0.125,,,
pilot_n20_v7_factuality_chase,gemini3_flash_preview_minimal,rewritten,laysumm_elife_0070,eLife,70,9,The yeast serves as a model organism for the study.,,,0,,10,41,4.1,0,0.0,1,0.1,,,
pilot_n20_v7_factuality_chase,gemini3_flash_preview_minimal,rewritten,laysumm_elife_0070,eLife,70,10,This method helps observe the cleanup process in real time.,,,0,,10,49,4.9,0,0.0,1,0.1,,,
pilot_n20_v7_factuality_chase,gemini3_flash_preview_minimal,rewritten,laysumm_elife_0070,eLife,70,11,The ubiquitin-proteasome system breaks down these proteins at the mitochondrial outer membrane.,,,0,,12,82,6.833333333333333,2,0.16666666666666666,3,0.25,,,
pilot_n20_v7_factuality_chase,gemini3_flash_preview_minimal,rewritten,laysumm_elife_0070,eLife,70,12,This means the cleanup happens directly on the surface of the mitochondria.,,,0,,12,63,5.25,1,0.08333333333333333,3,0.25,,,
pilot_n20_v7_factuality_chase,gemini3_flash_preview_minimal,rewritten,laysumm_elife_0070,eLife,70,13,The proteins are degraded without being moved elsewhere.,,,0,negation_or_contrast,8,48,6.0,0,0.0,2,0.25,,,
pilot_n20_v7_factuality_chase,gemini3_flash_preview_minimal,rewritten,laysumm_elife_0070,eLife,70,14,The proteasome acts as a molecular machine for destruction.,,,4,long_word_dense|hard_word_dense,9,50,5.555555555555555,2,0.2222222222222222,4,0.4444444444444444,,,
pilot_n20_v7_factuality_chase,gemini3_flash_preview_minimal,rewritten,laysumm_elife_0070,eLife,70,15,This confirms the location of the quality control pathway.,,,0,causal_or_inferential,9,49,5.444444444444445,0,0.0,2,0.2222222222222222,,,
pilot_n20_v7_factuality_chase,gemini3_flash_preview_minimal,rewritten,laysumm_elife_0070,eLife,70,16,The ubiquitin ligase enzymes Ubr1 and San1 tag the misfolded proteins for destruction.,,,2,hard_word_dense|number,13,71,5.461538461538462,1,0.07692307692307693,5,0.38461538461538464,,,
pilot_n20_v7_factuality_chase,gemini3_flash_preview_minimal,rewritten,laysumm_elife_0070,eLife,70,17,These ligases act as markers to identify which proteins the cell should destroy.,,,0,,13,67,5.153846153846154,0,0.0,2,0.15384615384615385,,,
pilot_n20_v7_factuality_chase,gemini3_flash_preview_minimal,rewritten,laysumm_elife_0070,eLife,70,18,They function as components of the mitochondrial machinery.,,,4,long_word_dense|hard_word_dense,8,51,6.375,2,0.25,3,0.375,,,
pilot_n20_v7_factuality_chase,gemini3_flash_preview_minimal,rewritten,laysumm_elife_0070,eLife,70,19,The tags are molecular signals for the proteasome.,,,0,,8,42,5.25,1,0.125,2,0.25,,,
pilot_n20_v7_factuality_chase,gemini3_flash_preview_minimal,rewritten,laysumm_elife_0070,eLife,70,20,This specific tagging ensures only damaged proteins are removed.,,,2,hard_word_dense|negation_or_contrast,9,55,6.111111111111111,0,0.0,4,0.4444444444444444,,,
pilot_n20_v7_factuality_chase,gemini3_flash_preview_minimal,rewritten,laysumm_elife_0070,eLife,70,21,This cleanup requires Hsp70 chaperones from the SSA family and the Hsp40 chaperone Sis1.,,,0,number,14,69,4.928571428571429,1,0.07142857142857142,4,0.2857142857142857,,,
pilot_n20_v7_factuality_chase,gemini3_flash_preview_minimal,rewritten,laysumm_elife_0070,eLife,70,22,Chaperones are helper proteins that recognize and bind to the misshapen targets.,,,0,,12,68,5.666666666666667,1,0.08333333333333333,3,0.25,,,
pilot_n20_v7_factuality_chase,gemini3_flash_preview_minimal,rewritten,laysumm_elife_0070,eLife,70,23,This is the first evidence for chaperone involvement in this pathway.,,,0,,11,58,5.2727272727272725,1,0.09090909090909091,3,0.2727272727272727,,,
pilot_n20_v7_factuality_chase,gemini3_flash_preview_minimal,rewritten,laysumm_elife_0070,eLife,70,24,They position themselves to recognize the misfolded proteins.,,,2,hard_word_dense,8,53,6.625,1,0.125,4,0.5,,,
pilot_n20_v7_factuality_chase,gemini3_flash_preview_minimal,rewritten,laysumm_elife_0070,eLife,70,25,These helpers are essential for the degradation process.,,,0,,8,48,6.0,1,0.125,2,0.25,,,
pilot_n20_v7_factuality_chase,gemini3_flash_preview_minimal,rewritten,laysumm_elife_0070,eLife,70,26,The Cdc48-Npl4-Ufd1 complex and a mitochondrial pool of Ubx2 also help degrade the proteins.,,,0,number,14,71,5.071428571428571,1,0.07142857142857142,2,0.14285714285714285,,,
pilot_n20_v7_factuality_chase,gemini3_flash_preview_minimal,rewritten,laysumm_elife_0070,eLife,70,27,This complex acts as a molecular machine to process the tagged proteins.,,,0,,12,60,5.0,0,0.0,2,0.16666666666666666,,,
pilot_n20_v7_factuality_chase,gemini3_flash_preview_minimal,rewritten,laysumm_elife_0070,eLife,70,28,The protein Ubx2 was found to have a dedicated group specifically on the mitochondria.,,,0,number,14,71,5.071428571428571,2,0.14285714285714285,3,0.21428571428571427,,,
pilot_n20_v7_factuality_chase,gemini3_flash_preview_minimal,rewritten,laysumm_elife_0070,eLife,70,29,This study reveals a unique pathway that is distinct from the ER-associated degradation pathway.,,,0,,14,81,5.785714285714286,2,0.14285714285714285,3,0.21428571428571427,,,
pilot_n20_v7_factuality_chase,gemini3_flash_preview_minimal,rewritten,laysumm_elife_0163,eLife,163,1,MicroRNAs are noncoding RNAs that act as posttranscriptional regulators of gene expression.,,,4,long_word_dense|hard_word_dense|technical_density,12,79,6.583333333333333,3,0.25,5,0.4166666666666667,,,
pilot_n20_v7_factuality_chase,gemini3_flash_preview_minimal,rewritten,laysumm_elife_0163,eLife,163,2,One specific type called miR-9 is very common in the brain and neurons.,,,0,number,13,56,4.3076923076923075,0,0.0,1,0.07692307692307693,,,
pilot_n20_v7_factuality_chase,gemini3_flash_preview_minimal,rewritten,laysumm_elife_0163,eLife,163,3,The role of miR-9 in dendritic and synaptic development was previously unknown.,,,2,hard_word_dense|technical_density|number,12,65,5.416666666666667,2,0.16666666666666666,4,0.3333333333333333,,,
pilot_n20_v7_factuality_chase,gemini3_flash_preview_minimal,rewritten,laysumm_elife_0163,eLife,163,4,Dendrites are the tree-like branches that help neurons receive signals from others.,,,0,,12,70,5.833333333333333,0,0.0,3,0.25,,,
pilot_n20_v7_factuality_chase,gemini3_flash_preview_minimal,rewritten,laysumm_elife_0163,eLife,163,5,Researchers created the first conditional transgenic miRNA sponge mouse line to inactivate miR-9.,,,4,long_word_dense|hard_word_dense|number,13,82,6.3076923076923075,4,0.3076923076923077,4,0.3076923076923077,,,
pilot_n20_v7_factuality_chase,gemini3_flash_preview_minimal,rewritten,laysumm_elife_0163,eLife,163,6,This sponge mouse allows scientists to turn off the molecule at specific times.,,,0,,13,66,5.076923076923077,1,0.07692307692307693,2,0.15384615384615385,,,
pilot_n20_v7_factuality_chase,gemini3_flash_preview_minimal,rewritten,laysumm_elife_0163,eLife,163,7,The study found that miR-9 controls dendritic growth and synaptic transmission.,,,0,number,11,66,6.0,1,0.09090909090909091,3,0.2727272727272727,,,
pilot_n20_v7_factuality_chase,gemini3_flash_preview_minimal,rewritten,laysumm_elife_0163,eLife,163,8,Neurons in the hippocampus had shorter branches when this molecule was blocked.,,,0,,12,67,5.583333333333333,1,0.08333333333333333,2,0.16666666666666666,,,
pilot_n20_v7_factuality_chase,gemini3_flash_preview_minimal,rewritten,laysumm_elife_0163,eLife,163,9,The downregulation of a transcriptional repressor called REST is essential for growth.,,,2,hard_word_dense|technical_density,12,74,6.166666666666667,2,0.16666666666666666,4,0.3333333333333333,,,
pilot_n20_v7_factuality_chase,gemini3_flash_preview_minimal,rewritten,laysumm_elife_0163,eLife,163,10,The miR-9 molecule keeps REST levels low so that dendrites can grow properly.,,,0,number,13,62,4.769230769230769,0,0.0,3,0.23076923076923078,,,
pilot_n20_v7_factuality_chase,gemini3_flash_preview_minimal,rewritten,laysumm_elife_0163,eLife,163,11,High levels of REST prevent the normal development of these neuronal branches.,,,0,technical_density,12,66,5.5,1,0.08333333333333333,2,0.16666666666666666,,,
pilot_n20_v7_factuality_chase,gemini3_flash_preview_minimal,rewritten,laysumm_elife_0163,eLife,163,12,"By lowering REST, miR-9 ensures that the genes for growth stay active.",,,0,number,12,55,4.583333333333333,0,0.0,3,0.25,,,
pilot_n20_v7_factuality_chase,gemini3_flash_preview_minimal,rewritten,laysumm_elife_0163,eLife,163,13,Blocking miR-9 also led to reduced synaptic transmission and reduced excitability.,,,4,long_word_dense|hard_word_dense|number,11,69,6.2727272727272725,2,0.18181818181818182,5,0.45454545454545453,,,
pilot_n20_v7_factuality_chase,gemini3_flash_preview_minimal,rewritten,laysumm_elife_0163,eLife,163,14,This shows that the molecule is vital for healthy communication in the brain.,,,0,causal_or_inferential,13,64,4.923076923076923,1,0.07692307692307693,2,0.15384615384615385,,,
pilot_n20_v7_factuality_chase,gemini3_flash_preview_minimal,rewritten,laysumm_elife_0163,eLife,163,15,The new mouse model helped track these changes in a living system.,,,0,,12,54,4.5,0,0.0,0,0.0,,,
pilot_n20_v7_factuality_chase,gemini3_flash_preview_minimal,rewritten,laysumm_elife_0163,eLife,163,16,This method provides a way to study gene regulation in specific brain regions.,,,0,technical_density,13,65,5.0,1,0.07692307692307693,3,0.23076923076923078,,,
pilot_n20_v7_factuality_chase,gemini3_flash_preview_minimal,rewritten,laysumm_elife_0163,eLife,163,17,The transcriptional repressor REST is a direct target of the miR-9 molecule.,,,0,number,12,62,5.166666666666667,1,0.08333333333333333,3,0.25,,,
pilot_n20_v7_factuality_chase,gemini3_flash_preview_minimal,rewritten,laysumm_elife_0163,eLife,163,18,Increased REST levels are the major cause of reduced dendritic growth in these mice.,,,0,causal_or_inferential,14,70,5.0,0,0.0,3,0.21428571428571427,,,
pilot_n20_v7_factuality_chase,gemini3_flash_preview_minimal,rewritten,laysumm_elife_0163,eLife,163,19,The loss of miR-9 reduced the complexity of the dendritic arborization.,,,4,long_word_dense|hard_word_dense|number,11,58,5.2727272727272725,2,0.18181818181818182,4,0.36363636363636365,,,
pilot_n20_v7_factuality_chase,gemini3_flash_preview_minimal,rewritten,laysumm_elife_0163,eLife,163,20,This reduction in complexity impairs how neurons connect within the hippocampus.,,,2,long_word_dense,11,69,6.2727272727272725,2,0.18181818181818182,3,0.2727272727272727,,,
pilot_n20_v7_factuality_chase,gemini3_flash_preview_minimal,rewritten,laysumm_elife_0188,eLife,188,1,Disease transmission by insects peaks at intermediate temperatures and declines at extremes.,,,4,long_word_dense|hard_word_dense,12,80,6.666666666666667,3,0.25,6,0.5,,,
pilot_n20_v7_factuality_chase,gemini3_flash_preview_minimal,rewritten,laysumm_elife_0188,eLife,188,2,Mosquitoes are cold-blooded and depend on the temperature of their environment to survive and perform.,,,4,long_word_dense|hard_word_dense,15,86,5.733333333333333,4,0.26666666666666666,5,0.3333333333333333,,,
pilot_n20_v7_factuality_chase,gemini3_flash_preview_minimal,rewritten,laysumm_elife_0188,eLife,188,3,Researchers built a mechanistic model for the thermal response of Ross River virus.,,,0,,13,70,5.384615384615385,2,0.15384615384615385,3,0.23076923076923078,,,
pilot_n20_v7_factuality_chase,gemini3_flash_preview_minimal,rewritten,laysumm_elife_0188,eLife,188,4,"This virus is a significant mosquito-borne pathogen found in Australia and the Pacific that infects 2,000 to 9,000 people each year.",,,1,long_sentence|number,23,100,4.3478260869565215,2,0.08695652173913043,5,0.21739130434782608,,,
pilot_n20_v7_factuality_chase,gemini3_flash_preview_minimal,rewritten,laysumm_elife_0188,eLife,188,5,The virus causes debilitating symptoms like long-term joint pain and disability.,,,2,long_word_dense|causal_or_inferential,11,68,6.181818181818182,2,0.18181818181818182,2,0.18181818181818182,,,
pilot_n20_v7_factuality_chase,gemini3_flash_preview_minimal,rewritten,laysumm_elife_0188,eLife,188,6,It is the most common mosquito-borne disease in Australia and has the potential to emerge globally.,,,2,hard_word_dense|hedged,16,82,5.125,1,0.0625,6,0.375,,,
pilot_n20_v7_factuality_chase,gemini3_flash_preview_minimal,rewritten,laysumm_elife_0188,eLife,188,7,Transmission of Ross River virus reaches a peak at a moderate 26.4°C.,,,0,number,14,52,3.7142857142857144,1,0.07142857142857142,2,0.14285714285714285,,,
pilot_n20_v7_factuality_chase,gemini3_flash_preview_minimal,rewritten,laysumm_elife_0188,eLife,188,8,This temperature represents the ideal sweet spot for the virus to spread efficiently between mosquitoes and humans.,,,2,long_word_dense,17,98,5.764705882352941,4,0.23529411764705882,4,0.23529411764705882,,,
pilot_n20_v7_factuality_chase,gemini3_flash_preview_minimal,rewritten,laysumm_elife_0188,eLife,188,9,The spread declines to zero at thermal limits of 17.0°C and 31.5°C.,,,0,number,16,45,2.8125,0,0.0,1,0.0625,,,
pilot_n20_v7_factuality_chase,gemini3_flash_preview_minimal,rewritten,laysumm_elife_0188,eLife,188,10,Biological processes in the mosquito stop the disease from spreading outside this specific range.,,,2,hard_word_dense,14,83,5.928571428571429,1,0.07142857142857142,6,0.42857142857142855,,,
pilot_n20_v7_factuality_chase,gemini3_flash_preview_minimal,rewritten,laysumm_elife_0188,eLife,188,11,The virus is endemic year-round in the tropics but seasonal in temperate areas.,,,0,,13,65,5.0,0,0.0,3,0.23076923076923078,,,
pilot_n20_v7_factuality_chase,gemini3_flash_preview_minimal,rewritten,laysumm_elife_0188,eLife,188,12,Southern winters in Australia are currently too cold for the virus to spread effectively.,,,0,,14,75,5.357142857142857,1,0.07142857142857142,3,0.21428571428571427,,,
pilot_n20_v7_factuality_chase,gemini3_flash_preview_minimal,rewritten,laysumm_elife_0188,eLife,188,13,Climate warming will likely increase transmission in temperate areas where most Australians live.,,,2,hard_word_dense|hedged,13,84,6.461538461538462,2,0.15384615384615385,6,0.46153846153846156,,,
pilot_n20_v7_factuality_chase,gemini3_flash_preview_minimal,rewritten,laysumm_elife_0188,eLife,188,14,Warming pushes temperate regions closer to the ideal temperature but may push tropical regions past the upper limit.,,,0,hedged,18,98,5.444444444444445,1,0.05555555555555555,3,0.16666666666666666,,,
pilot_n20_v7_factuality_chase,gemini3_flash_preview_minimal,rewritten,laysumm_elife_0188,eLife,188,15,A nonlinear mechanistic model is more accurate for estimating temperature impacts on transmission.,,,4,long_word_dense|hard_word_dense,13,85,6.538461538461538,4,0.3076923076923077,6,0.46153846153846156,,,
pilot_n20_v7_factuality_chase,gemini3_flash_preview_minimal,rewritten,laysumm_elife_0188,eLife,188,16,"Simple models are inaccurate because temperature increases can have positive, negligible, or negative effects on biology.",,,4,long_word_dense|hard_word_dense|causal_or_inferential,16,103,6.4375,3,0.1875,8,0.5,,,
pilot_n20_v7_factuality_chase,gemini3_flash_preview_minimal,rewritten,laysumm_elife_0188,eLife,188,17,"In northern Australia, the temperature remains suitable for transmission throughout the year.",,,4,long_word_dense|hard_word_dense,12,80,6.666666666666667,3,0.25,4,0.3333333333333333,,,
pilot_n20_v7_factuality_chase,gemini3_flash_preview_minimal,rewritten,laysumm_elife_0188,eLife,188,18,This results in a nationwide seasonal peak in human cases across the country as different regions reach their limits.,,,1,long_sentence,19,98,5.157894736842105,1,0.05263157894736842,3,0.15789473684210525,,,
pilot_n20_v7_factuality_chase,gemini3_flash_preview_minimal,rewritten,laysumm_elife_0189,eLife,189,1,Motor cortical beta oscillations have been known for decades.,,,2,hard_word_dense,9,52,5.777777777777778,1,0.1111111111111111,3,0.3333333333333333,,,
pilot_n20_v7_factuality_chase,gemini3_flash_preview_minimal,rewritten,laysumm_elife_0189,eLife,189,2,These brain waves occur at twenty-five to forty cycles per second in the motor system.,,,0,,15,70,4.666666666666667,1,0.06666666666666667,1,0.06666666666666667,,,
pilot_n20_v7_factuality_chase,gemini3_flash_preview_minimal,rewritten,laysumm_elife_0189,eLife,189,3,"However, their exact behavioral correlates remain unresolved in neuroscience.",,,4,long_word_dense|hard_word_dense|technical_density|negation_or_contrast,9,67,7.444444444444445,4,0.4444444444444444,5,0.5555555555555556,,,
pilot_n20_v7_factuality_chase,gemini3_flash_preview_minimal,rewritten,laysumm_elife_0189,eLife,189,4,These waves often emerge when individuals are paying attention or waiting to move.,,,0,,13,69,5.3076923076923075,1,0.07692307692307693,3,0.23076923076923078,,,
pilot_n20_v7_factuality_chase,gemini3_flash_preview_minimal,rewritten,laysumm_elife_0189,eLife,189,5,Researchers studied three male rhesus macaques to investigate these brain waves.,,,2,long_word_dense,11,69,6.2727272727272725,2,0.18181818181818182,3,0.2727272727272727,,,
pilot_n20_v7_factuality_chase,gemini3_flash_preview_minimal,rewritten,laysumm_elife_0189,eLife,189,6,They recorded activity from the motor cortex using electrode arrays.,,,2,hard_word_dense,10,58,5.8,0,0.0,3,0.3,,,
pilot_n20_v7_factuality_chase,gemini3_flash_preview_minimal,rewritten,laysumm_elife_0189,eLife,189,7,The monkeys were implanted with microwire electrodes in specific brain regions.,,,2,hard_word_dense,11,68,6.181818181818182,1,0.09090909090909091,4,0.36363636363636365,,,
pilot_n20_v7_factuality_chase,gemini3_flash_preview_minimal,rewritten,laysumm_elife_0189,eLife,189,8,These electrodes recorded activity from the primary motor cortex and dorsal premotor cortex.,,,2,hard_word_dense,13,79,6.076923076923077,1,0.07692307692307693,5,0.38461538461538464,,,
pilot_n20_v7_factuality_chase,gemini3_flash_preview_minimal,rewritten,laysumm_elife_0189,eLife,189,9,The monkeys used neurofeedback to volitionally control their beta power.,,,2,long_word_dense,10,62,6.2,2,0.2,2,0.2,,,
pilot_n20_v7_factuality_chase,gemini3_flash_preview_minimal,rewritten,laysumm_elife_0189,eLife,189,10,"After reaching a specific power state, they performed an arm reach to a target.",,,0,,14,64,4.571428571428571,0,0.0,2,0.14285714285714285,,,
pilot_n20_v7_factuality_chase,gemini3_flash_preview_minimal,rewritten,laysumm_elife_0189,eLife,189,11,A reduction in beta power led to faster movement onset times.,,,0,,11,50,4.545454545454546,0,0.0,2,0.18181818181818182,,,
pilot_n20_v7_factuality_chase,gemini3_flash_preview_minimal,rewritten,laysumm_elife_0189,eLife,189,12,"In contrast, an increase in power caused slower movement onset times for the arm reach.",,,0,causal_or_inferential,15,71,4.733333333333333,0,0.0,2,0.13333333333333333,,,
pilot_n20_v7_factuality_chase,gemini3_flash_preview_minimal,rewritten,laysumm_elife_0189,eLife,189,13,"During beta oscillations, population neural activity shifts farther from movement.",,,4,long_word_dense|hard_word_dense|technical_density,10,71,7.1,2,0.2,4,0.4,,,
pilot_n20_v7_factuality_chase,gemini3_flash_preview_minimal,rewritten,laysumm_elife_0189,eLife,189,14,The collective activity of many neurons moves away from the required movement onset state.,,,0,,14,76,5.428571428571429,1,0.07142857142857142,4,0.2857142857142857,,,
pilot_n20_v7_factuality_chase,gemini3_flash_preview_minimal,rewritten,laysumm_elife_0189,eLife,189,15,The distance to the movement threshold is greatest during high beta.,,,0,,11,57,5.181818181818182,0,0.0,2,0.18181818181818182,,,
pilot_n20_v7_factuality_chase,gemini3_flash_preview_minimal,rewritten,laysumm_elife_0189,eLife,189,16,This distance explains why it takes longer to start a reach when these waves are present.,,,0,causal_or_inferential,16,73,4.5625,0,0.0,1,0.0625,,,
pilot_n20_v7_factuality_chase,gemini3_flash_preview_minimal,rewritten,laysumm_elife_0189,eLife,189,17,This finding establishes a neural basis for slowed movement onset.,,,0,,10,56,5.6,1,0.1,2,0.2,,,
pilot_n20_v7_factuality_chase,gemini3_flash_preview_minimal,rewritten,laysumm_elife_0189,eLife,189,18,These oscillations compromise the readiness of the motor system to initiate new actions.,,,2,hard_word_dense,13,75,5.769230769230769,2,0.15384615384615385,4,0.3076923076923077,,,
pilot_n20_v7_factuality_chase,gemini3_flash_preview_minimal,rewritten,laysumm_elife_0189,eLife,189,19,Beta oscillations are linked to patterns that slow new movements.,,,0,,10,55,5.5,1,0.1,2,0.2,,,
pilot_n20_v7_factuality_chase,gemini3_flash_preview_minimal,rewritten,laysumm_elife_0189,eLife,189,20,The brain favors a low-risk state over immediate movement readiness during these periods.,,,0,,13,75,5.769230769230769,0,0.0,3,0.23076923076923078,,,
pilot_n20_v7_factuality_chase,gemini3_flash_preview_minimal,rewritten,laysumm_plos_0051,PLOS,51,1,Some viruses like Marburg and Dengue benefit from the Nrf2 protein.,,,0,number,11,55,5.0,0,0.0,2,0.18181818181818182,,,
pilot_n20_v7_factuality_chase,gemini3_flash_preview_minimal,rewritten,laysumm_plos_0051,PLOS,51,2,Nrf2 is a protein that helps cells turn on genes to protect against damage.,,,0,number,14,60,4.285714285714286,0,0.0,1,0.07142857142857142,,,
pilot_n20_v7_factuality_chase,gemini3_flash_preview_minimal,rewritten,laysumm_plos_0051,PLOS,51,3,Sulforaphane is a natural product found in cruciferous vegetables that activates Nrf2.,,,4,long_word_dense|hard_word_dense|number,12,73,6.083333333333333,3,0.25,5,0.4166666666666667,,,
pilot_n20_v7_factuality_chase,gemini3_flash_preview_minimal,rewritten,laysumm_plos_0051,PLOS,51,4,This compound is produced in vegetables like broccoli when they are damaged or chewed.,,,0,,14,72,5.142857142857143,1,0.07142857142857142,4,0.2857142857142857,,,
pilot_n20_v7_factuality_chase,gemini3_flash_preview_minimal,rewritten,laysumm_plos_0051,PLOS,51,5,Sulforaphane blocks HIV infection in primary human macrophages but not in T cells.,,,2,hard_word_dense|negation_or_contrast,13,69,5.3076923076923075,2,0.15384615384615385,4,0.3076923076923077,,,
pilot_n20_v7_factuality_chase,gemini3_flash_preview_minimal,rewritten,laysumm_plos_0051,PLOS,51,6,Macrophages and T cells are both types of immune cells in the human body.,,,0,,14,59,4.214285714285714,1,0.07142857142857142,2,0.14285714285714285,,,
pilot_n20_v7_factuality_chase,gemini3_flash_preview_minimal,rewritten,laysumm_plos_0051,PLOS,51,7,Reducing Nrf2 levels using siRNA boosted HIV infectivity in macrophages.,,,4,long_word_dense|hard_word_dense|number,10,61,6.1,2,0.2,3,0.3,,,
pilot_n20_v7_factuality_chase,gemini3_flash_preview_minimal,rewritten,laysumm_plos_0051,PLOS,51,8,This depletion also made the Sulforaphane treatment less effective at stopping the virus.,,,0,,13,76,5.846153846153846,1,0.07692307692307693,3,0.23076923076923078,,,
pilot_n20_v7_factuality_chase,gemini3_flash_preview_minimal,rewritten,laysumm_plos_0051,PLOS,51,9,The anti-viral effects of Sulforaphane are specifically mediated through Nrf2 activation.,,,4,long_word_dense|hard_word_dense|number,11,76,6.909090909090909,3,0.2727272727272727,5,0.45454545454545453,,,
pilot_n20_v7_factuality_chase,gemini3_flash_preview_minimal,rewritten,laysumm_plos_0051,PLOS,51,10,This confirms the compound works by triggering the cell's own defense system.,,,0,causal_or_inferential,12,64,5.333333333333333,1,0.08333333333333333,2,0.16666666666666666,,,
pilot_n20_v7_factuality_chase,gemini3_flash_preview_minimal,rewritten,laysumm_plos_0051,PLOS,51,11,Sulforaphane blocks HIV after entry but before formation of 2-LTR circles.,,,0,number,11,61,5.545454545454546,1,0.09090909090909091,3,0.2727272727272727,,,
pilot_n20_v7_factuality_chase,gemini3_flash_preview_minimal,rewritten,laysumm_plos_0051,PLOS,51,12,The treatment stops the virus before its genetic material is ready for integration.,,,2,hard_word_dense,13,70,5.384615384615385,1,0.07692307692307693,4,0.3076923076923077,,,
pilot_n20_v7_factuality_chase,gemini3_flash_preview_minimal,rewritten,laysumm_plos_0051,PLOS,51,13,Common anti-viral proteins like SAMHD1 or MX2 were not upregulated.,,,0,negation_or_contrast|number,10,54,5.4,1,0.1,2,0.2,,,
pilot_n20_v7_factuality_chase,gemini3_flash_preview_minimal,rewritten,laysumm_plos_0051,PLOS,51,14,This suggests that Nrf2 uses a different mechanism to fight the virus.,,,0,technical_density|hedged|number,12,57,4.75,0,0.0,2,0.16666666666666666,,,
pilot_n20_v7_factuality_chase,gemini3_flash_preview_minimal,rewritten,laysumm_plos_0051,PLOS,51,15,Activating Nrf2 is a novel way to trigger a potent block against HIV.,,,0,number,13,55,4.230769230769231,1,0.07692307692307693,1,0.07692307692307693,,,
pilot_n20_v7_factuality_chase,gemini3_flash_preview_minimal,rewritten,laysumm_plos_0051,PLOS,51,16,This discovery highlights new therapeutic alternatives for controlling infection in immune cells.,,,4,long_word_dense|hard_word_dense|technical_density,12,85,7.083333333333333,4,0.3333333333333333,6,0.5,,,
pilot_n20_v7_factuality_chase,gemini3_flash_preview_minimal,rewritten,laysumm_plos_0178,PLOS,178,1,Aedes-borne arboviruses like dengue and Zika cause increasing illness and death worldwide.,,,4,long_word_dense|hard_word_dense|causal_or_inferential,12,77,6.416666666666667,3,0.25,4,0.3333333333333333,,,
pilot_n20_v7_factuality_chase,gemini3_flash_preview_minimal,rewritten,laysumm_plos_0178,PLOS,178,2,Arboviruses are specific types of viruses that spread to people through mosquito bites.,,,2,hard_word_dense,13,74,5.6923076923076925,1,0.07692307692307693,4,0.3076923076923077,,,
pilot_n20_v7_factuality_chase,gemini3_flash_preview_minimal,rewritten,laysumm_plos_0178,PLOS,178,3,Researchers compared transmission drivers for these viruses using data from the Dominican Republic.,,,2,hard_word_dense,13,86,6.615384615384615,2,0.15384615384615385,6,0.46153846153846156,,,
pilot_n20_v7_factuality_chase,gemini3_flash_preview_minimal,rewritten,laysumm_plos_0178,PLOS,178,4,Transmission drivers are the factors that influence how a disease spreads through a population.,,,0,technical_density,14,81,5.785714285714286,2,0.14285714285714285,4,0.2857142857142857,,,
pilot_n20_v7_factuality_chase,gemini3_flash_preview_minimal,rewritten,laysumm_plos_0178,PLOS,178,5,About 75% of dengue cases occurred in people age <20.,,,0,number,10,37,3.7,0,0.0,1,0.1,,,
pilot_n20_v7_factuality_chase,gemini3_flash_preview_minimal,rewritten,laysumm_plos_0178,PLOS,178,6,"In contrast, only 42% of Zika cases occurred in that same young age group.",,,0,negation_or_contrast|number,14,56,4.0,0,0.0,1,0.07142857142857142,,,
pilot_n20_v7_factuality_chase,gemini3_flash_preview_minimal,rewritten,laysumm_plos_0178,PLOS,178,7,Reported Zika infections were highly concentrated among females at 73.8% of cases.,,,2,hard_word_dense|number,13,65,5.0,2,0.15384615384615385,4,0.3076923076923077,,,
pilot_n20_v7_factuality_chase,gemini3_flash_preview_minimal,rewritten,laysumm_plos_0178,PLOS,178,8,This shows a much higher proportion of women affected compared to the dengue outbreak.,,,0,,14,72,5.142857142857143,1,0.07142857142857142,3,0.21428571428571427,,,
pilot_n20_v7_factuality_chase,gemini3_flash_preview_minimal,rewritten,laysumm_plos_0178,PLOS,178,9,"GBS rates were 0.62 per 10,000 in males and 0.57 in females.",,,0,number,15,34,2.2666666666666666,0,0.0,1,0.06666666666666667,,,
pilot_n20_v7_factuality_chase,gemini3_flash_preview_minimal,rewritten,laysumm_plos_0178,PLOS,178,10,GBS is a rare condition where the immune system attacks the body's own nerves.,,,0,,14,63,4.5,0,0.0,2,0.14285714285714285,,,
pilot_n20_v7_factuality_chase,gemini3_flash_preview_minimal,rewritten,laysumm_plos_0178,PLOS,178,11,Existing dengue immunity had little impact on the rates of Zika infection.,,,0,,12,62,5.166666666666667,0,0.0,3,0.25,,,
pilot_n20_v7_factuality_chase,gemini3_flash_preview_minimal,rewritten,laysumm_plos_0178,PLOS,178,12,Having had dengue before did not seem to protect people from catching the Zika virus.,,,0,negation_or_contrast,15,70,4.666666666666667,0,0.0,1,0.06666666666666667,,,
pilot_n20_v7_factuality_chase,gemini3_flash_preview_minimal,rewritten,laysumm_plos_0178,PLOS,178,13,Health-seeking behavior is the most plausible mechanism for increased reporting among women of reproductive age.,,,2,hard_word_dense|technical_density,15,96,6.4,2,0.13333333333333333,7,0.4666666666666667,,,
pilot_n20_v7_factuality_chase,gemini3_flash_preview_minimal,rewritten,laysumm_plos_0178,PLOS,178,14,Awareness campaigns likely influenced this choice to visit a doctor when symptoms appear.,,,0,hedged,13,76,5.846153846153846,1,0.07692307692307693,3,0.23076923076923078,,,
pilot_n20_v7_factuality_chase,gemini3_flash_preview_minimal,rewritten,laysumm_plos_0178,PLOS,178,15,Experts recommend media campaigns and screening for women of reproductive age during outbreaks.,,,0,,13,82,6.3076923076923075,1,0.07692307692307693,2,0.15384615384615385,,,
pilot_n20_v7_factuality_chase,gemini3_flash_preview_minimal,rewritten,laysumm_plos_0178,PLOS,178,16,Screening involves testing people for the virus even if they do not feel very sick.,,,0,negation_or_contrast,15,68,4.533333333333333,0,0.0,1,0.06666666666666667,,,
pilot_n20_v7_factuality_chase,gemini3_flash_preview_minimal,rewritten,laysumm_plos_0209,PLOS,209,1,Anabaena filaments develop a pattern of nitrogen-fixing heterocysts under nitrogen deprivation.,,,4,long_word_dense|hard_word_dense,11,83,7.545454545454546,3,0.2727272727272727,7,0.6363636363636364,,,
pilot_n20_v7_factuality_chase,gemini3_flash_preview_minimal,rewritten,laysumm_plos_0209,PLOS,209,2,These specialized cells are separated by about ten photosynthetic cells.,,,4,long_word_dense|hard_word_dense,10,62,6.2,2,0.2,3,0.3,,,
pilot_n20_v7_factuality_chase,gemini3_flash_preview_minimal,rewritten,laysumm_plos_0209,PLOS,209,3,The study used a chromosomally-encoded hetR-gfp fusion to measure fluctuations using fluorescence.,,,4,long_word_dense|hard_word_dense,12,84,7.0,3,0.25,4,0.3333333333333333,,,
pilot_n20_v7_factuality_chase,gemini3_flash_preview_minimal,rewritten,laysumm_plos_0209,PLOS,209,4,This tracked the transcription factor HetR at the individual cell level.,,,2,long_word_dense,11,61,5.545454545454546,2,0.18181818181818182,2,0.18181818181818182,,,
pilot_n20_v7_factuality_chase,gemini3_flash_preview_minimal,rewritten,laysumm_plos_0209,PLOS,209,5,HetR expression fluctuations in nearby cells are coupled over two to three cells.,,,0,technical_density,13,68,5.230769230769231,2,0.15384615384615385,2,0.15384615384615385,,,
pilot_n20_v7_factuality_chase,gemini3_flash_preview_minimal,rewritten,laysumm_plos_0209,PLOS,209,6,This coupling shows that neighboring cells coordinate their internal gene activity.,,,4,long_word_dense|hard_word_dense|causal_or_inferential,11,72,6.545454545454546,2,0.18181818181818182,4,0.36363636363636365,,,
pilot_n20_v7_factuality_chase,gemini3_flash_preview_minimal,rewritten,laysumm_plos_0209,PLOS,209,7,Correlations arise from intercellular molecular transfer rather than cell division.,,,4,long_word_dense|hard_word_dense,10,73,7.3,2,0.2,5,0.5,,,
pilot_n20_v7_factuality_chase,gemini3_flash_preview_minimal,rewritten,laysumm_plos_0209,PLOS,209,8,Cells communicate by swapping molecules instead of just inheriting traits from parents.,,,0,,12,75,6.25,2,0.16666666666666666,3,0.25,,,
pilot_n20_v7_factuality_chase,gemini3_flash_preview_minimal,rewritten,laysumm_plos_0209,PLOS,209,9,Fluctuations under nitrogen-poor conditions build up on those in nitrogen-replete conditions.,,,4,long_word_dense|hard_word_dense,11,80,7.2727272727272725,5,0.45454545454545453,5,0.45454545454545453,,,
pilot_n20_v7_factuality_chase,gemini3_flash_preview_minimal,rewritten,laysumm_plos_0209,PLOS,209,10,Small differences already exist before the cells face a lack of nitrogen.,,,2,hard_word_dense,12,61,5.083333333333333,1,0.08333333333333333,4,0.3333333333333333,,,
pilot_n20_v7_factuality_chase,gemini3_flash_preview_minimal,rewritten,laysumm_plos_0209,PLOS,209,11,"The inhibitor PatS, septal protein SepJ, and HetR auto-regulation determine fluctuation distribution.",,,4,long_word_dense|hard_word_dense|technical_density,12,86,7.166666666666667,3,0.25,5,0.4166666666666667,,,
pilot_n20_v7_factuality_chase,gemini3_flash_preview_minimal,rewritten,laysumm_plos_0209,PLOS,209,12,These factors act as controls to manage how gene signals spread.,,,0,,11,53,4.818181818181818,0,0.0,1,0.09090909090909091,,,
pilot_n20_v7_factuality_chase,gemini3_flash_preview_minimal,rewritten,laysumm_plos_0209,PLOS,209,13,Different inhibitors and septal proteins act at different stages of development.,,,4,long_word_dense|hard_word_dense|technical_density,11,69,6.2727272727272725,2,0.18181818181818182,4,0.36363636363636365,,,
pilot_n20_v7_factuality_chase,gemini3_flash_preview_minimal,rewritten,laysumm_plos_0209,PLOS,209,14,The study noted specificity between inhibitors PatS and HetN and septal proteins FraC/FraD.,,,0,,14,77,5.5,2,0.14285714285714285,2,0.14285714285714285,,,
pilot_n20_v7_factuality_chase,gemini3_flash_preview_minimal,rewritten,laysumm_plos_0209,PLOS,209,15,Cell-cell communication controls noise to ensure correct developmental patterns.,,,4,long_word_dense|hard_word_dense|technical_density,9,70,7.777777777777778,2,0.2222222222222222,3,0.3333333333333333,,,
pilot_n20_v7_factuality_chase,gemini3_flash_preview_minimal,rewritten,laysumm_plos_0209,PLOS,209,16,Managing stochasticity prevents cells from choosing the wrong cell fates.,,,0,,10,63,6.3,1,0.1,2,0.2,,,
pilot_n20_v7_factuality_chase,gemini3_flash_preview_minimal,rewritten,laysumm_plos_0228,PLOS,228,1,Humans can learn and store multiple visuomotor mappings through a process called dual-adaptation.,,,0,,13,83,6.384615384615385,2,0.15384615384615385,3,0.23076923076923078,,,
pilot_n20_v7_factuality_chase,gemini3_flash_preview_minimal,rewritten,laysumm_plos_0228,PLOS,228,2,This coordination happens when the brain receives feedback for different movements alternately.,,,2,hard_word_dense,12,83,6.916666666666667,2,0.16666666666666666,5,0.4166666666666667,,,
pilot_n20_v7_factuality_chase,gemini3_flash_preview_minimal,rewritten,laysumm_plos_0228,PLOS,228,3,Researchers used a target-pointing task on a graphics tablet to change visual feedback.,,,0,,13,73,5.615384615384615,2,0.15384615384615385,2,0.15384615384615385,,,
pilot_n20_v7_factuality_chase,gemini3_flash_preview_minimal,rewritten,laysumm_plos_0228,PLOS,228,4,Participants could not see their own arm during these environmental shifts.,,,2,long_word_dense|technical_density|hedged|negation_or_contrast,11,64,5.818181818181818,2,0.18181818181818182,2,0.18181818181818182,,,
pilot_n20_v7_factuality_chase,gemini3_flash_preview_minimal,rewritten,laysumm_plos_0228,PLOS,228,5,The visual feedback included horizontal offsets of 75 mm based on target shape.,,,0,number,13,64,4.923076923076923,1,0.07692307692307693,2,0.15384615384615385,,,
pilot_n20_v7_factuality_chase,gemini3_flash_preview_minimal,rewritten,laysumm_plos_0228,PLOS,228,6,Participants saw shapes that ranged from spiky to circular during the training.,,,0,technical_density,12,67,5.583333333333333,1,0.08333333333333333,2,0.16666666666666666,,,
pilot_n20_v7_factuality_chase,gemini3_flash_preview_minimal,rewritten,laysumm_plos_0228,PLOS,228,7,The team tested how well participants handled novel target shapes without visual feedback.,,,0,technical_density|negation_or_contrast,13,77,5.923076923076923,1,0.07692307692307693,1,0.07692307692307693,,,
pilot_n20_v7_factuality_chase,gemini3_flash_preview_minimal,rewritten,laysumm_plos_0228,PLOS,228,8,These catch trials showed if the learned skills transferred to new situations.,,,0,,12,66,5.5,2,0.16666666666666666,2,0.16666666666666666,,,
pilot_n20_v7_factuality_chase,gemini3_flash_preview_minimal,rewritten,laysumm_plos_0228,PLOS,228,9,A Bayesian learning model called a Mixture-of-Kalman-Filters was developed for the study.,,,0,,12,74,6.166666666666667,1,0.08333333333333333,2,0.16666666666666666,,,
pilot_n20_v7_factuality_chase,gemini3_flash_preview_minimal,rewritten,laysumm_plos_0228,PLOS,228,10,This model describes how the brain learns to associate cues with actions.,,,0,,12,61,5.083333333333333,0,0.0,2,0.16666666666666666,,,
pilot_n20_v7_factuality_chase,gemini3_flash_preview_minimal,rewritten,laysumm_plos_0228,PLOS,228,11,Participants applied the mapping for the trained shape most similar to the current one.,,,0,technical_density,14,73,5.214285714285714,1,0.07142857142857142,2,0.14285714285714285,,,
pilot_n20_v7_factuality_chase,gemini3_flash_preview_minimal,rewritten,laysumm_plos_0228,PLOS,228,12,They did not learn a linear relationship between the shapes and the movements.,,,0,negation_or_contrast,13,65,5.0,1,0.07692307692307693,2,0.15384615384615385,,,
pilot_n20_v7_factuality_chase,gemini3_flash_preview_minimal,rewritten,laysumm_plos_0228,PLOS,228,13,The learning rate decreases as the number of training pairs increases.,,,0,,11,59,5.363636363636363,0,0.0,2,0.18181818181818182,,,
pilot_n20_v7_factuality_chase,gemini3_flash_preview_minimal,rewritten,laysumm_plos_0228,PLOS,228,14,Learning slows down when the brain must manage many different associations at once.,,,0,technical_density,13,70,5.384615384615385,1,0.07692307692307693,3,0.23076923076923078,,,
pilot_n20_v7_factuality_chase,gemini3_flash_preview_minimal,rewritten,laysumm_plos_0228,PLOS,228,15,The Bayesian model provides a possible mechanism for learning multiple mappings simultaneously.,,,2,hard_word_dense|technical_density,12,83,6.916666666666667,1,0.08333333333333333,5,0.4166666666666667,,,
pilot_n20_v7_factuality_chase,gemini3_flash_preview_minimal,rewritten,laysumm_plos_0228,PLOS,228,16,It explains how the brain keeps separate learning processes for different visual cues.,,,0,causal_or_inferential,13,73,5.615384615384615,0,0.0,3,0.23076923076923078,,,
pilot_n20_v7_factuality_chase,gemini3_flash_preview_minimal,rewritten,laysumm_plos_0285,PLOS,285,1,Many countries where neglected tropical diseases are common lack the baseline data needed for planning.,,,0,,15,88,5.866666666666666,0,0.0,4,0.26666666666666666,,,
pilot_n20_v7_factuality_chase,gemini3_flash_preview_minimal,rewritten,laysumm_plos_0285,PLOS,285,2,"Without this initial data, health officials cannot prove a disease has passed a treatment threshold.",,,0,negation_or_contrast,15,84,5.6,0,0.0,3,0.2,,,
pilot_n20_v7_factuality_chase,gemini3_flash_preview_minimal,rewritten,laysumm_plos_0285,PLOS,285,3,Researchers created a new system called Integrated Threshold Mapping to map four diseases at once.,,,0,,15,83,5.533333333333333,2,0.13333333333333333,3,0.2,,,
pilot_n20_v7_factuality_chase,gemini3_flash_preview_minimal,rewritten,laysumm_plos_0285,PLOS,285,4,"This ITM system targets lymphatic filariasis, trachoma, schistosomiasis, and soil-transmitted helminths.",,,4,long_word_dense|hard_word_dense,11,89,8.090909090909092,3,0.2727272727272727,5,0.45454545454545453,,,
pilot_n20_v7_factuality_chase,gemini3_flash_preview_minimal,rewritten,laysumm_plos_0285,PLOS,285,5,The ITM tool tells health officials if a disease is common enough for public health interventions.,,,0,technical_density,16,82,5.125,1,0.0625,3,0.1875,,,
pilot_n20_v7_factuality_chase,gemini3_flash_preview_minimal,rewritten,laysumm_plos_0285,PLOS,285,6,It focuses on whether a specific treatment limit has been hit rather than exact numbers.,,,0,,15,73,4.866666666666666,0,0.0,2,0.13333333333333333,,,
pilot_n20_v7_factuality_chase,gemini3_flash_preview_minimal,rewritten,laysumm_plos_0285,PLOS,285,7,The new mapping system uses WHO-recommended indicators and specific age groups.,,,2,long_word_dense,11,67,6.090909090909091,2,0.18181818181818182,3,0.2727272727272727,,,
pilot_n20_v7_factuality_chase,gemini3_flash_preview_minimal,rewritten,laysumm_plos_0285,PLOS,285,8,This ensures the data collected is consistent with international standards for disease monitoring.,,,4,long_word_dense|hard_word_dense,13,85,6.538461538461538,3,0.23076923076923078,6,0.46153846153846156,,,
pilot_n20_v7_factuality_chase,gemini3_flash_preview_minimal,rewritten,laysumm_plos_0285,PLOS,285,9,Researchers tested the ITM protocol in one district each in Mali and Senegal against WHO mapping methodologies.,,,0,,17,94,5.529411764705882,2,0.11764705882352941,4,0.23529411764705882,,,
pilot_n20_v7_factuality_chase,gemini3_flash_preview_minimal,rewritten,laysumm_plos_0285,PLOS,285,10,The test evaluated how well the integrated approach worked compared to doing separate surveys.,,,0,,14,80,5.714285714285714,1,0.07142857142857142,4,0.2857142857142857,,,
pilot_n20_v7_factuality_chase,gemini3_flash_preview_minimal,rewritten,laysumm_plos_0285,PLOS,285,11,The ITM method reached the same conclusions as standard methods for three diseases.,,,0,,13,70,5.384615384615385,1,0.07692307692307693,2,0.15384615384615385,,,
pilot_n20_v7_factuality_chase,gemini3_flash_preview_minimal,rewritten,laysumm_plos_0285,PLOS,285,12,"However, it provided more targeted recommendations for treating schistosomiasis in specific sub-districts.",,,4,long_word_dense|hard_word_dense|negation_or_contrast,12,92,7.666666666666667,3,0.25,7,0.5833333333333334,,,
pilot_n20_v7_factuality_chase,gemini3_flash_preview_minimal,rewritten,laysumm_plos_0285,PLOS,285,13,"The integrated approach was practical, feasible, and resulted in an overall cost saving.",,,2,hard_word_dense|causal_or_inferential,13,73,5.615384615384615,1,0.07692307692307693,5,0.38461538461538464,,,
pilot_n20_v7_factuality_chase,gemini3_flash_preview_minimal,rewritten,laysumm_plos_0285,PLOS,285,14,Combining the surveys led to savings of 31% in Mali and 19% in Senegal.,,,0,number,14,51,3.642857142857143,0,0.0,2,0.14285714285714285,,,
pilot_n20_v7_factuality_chase,gemini3_flash_preview_minimal,rewritten,laysumm_plos_0285,PLOS,285,15,This new mapping tool could facilitate the implementation of treatment programs in endemic countries.,,,0,hedged,14,87,6.214285714285714,2,0.14285714285714285,3,0.21428571428571427,,,
pilot_n20_v7_factuality_chase,gemini3_flash_preview_minimal,rewritten,laysumm_plos_0285,PLOS,285,16,Making the first step of mapping more affordable helps start broader disease control efforts.,,,0,,14,79,5.642857142857143,1,0.07142857142857142,2,0.14285714285714285,,,
pilot_n20_v7_factuality_chase,gemini3_flash_preview_minimal,rewritten,laysumm_plos_0457,PLOS,457,1,Organ aging is associated with a reduction in the number of stem cells.,,,0,,13,58,4.461538461538462,1,0.07692307692307693,2,0.15384615384615385,,,
pilot_n20_v7_factuality_chase,gemini3_flash_preview_minimal,rewritten,laysumm_plos_0457,PLOS,457,2,These cells live in a specialized environment known as the niche.,,,2,long_word_dense,11,54,4.909090909090909,2,0.18181818181818182,2,0.18181818181818182,,,
pilot_n20_v7_factuality_chase,gemini3_flash_preview_minimal,rewritten,laysumm_plos_0457,PLOS,457,3,This niche provides the necessary support for stem cell maintenance.,,,2,hard_word_dense,10,58,5.8,1,0.1,3,0.3,,,
pilot_n20_v7_factuality_chase,gemini3_flash_preview_minimal,rewritten,laysumm_plos_0457,PLOS,457,4,"As organs age, fewer stem cells remain in these specialized homes.",,,0,,11,54,4.909090909090909,1,0.09090909090909091,1,0.09090909090909091,,,
pilot_n20_v7_factuality_chase,gemini3_flash_preview_minimal,rewritten,laysumm_plos_0457,PLOS,457,5,"In Drosophila female germline stem cells, Notch signaling levels increase with age.",,,2,hard_word_dense,12,70,5.833333333333333,1,0.08333333333333333,5,0.4166666666666667,,,
pilot_n20_v7_factuality_chase,gemini3_flash_preview_minimal,rewritten,laysumm_plos_0457,PLOS,457,6,This increase in signaling promotes the removal of cells from the niche.,,,2,hard_word_dense,12,60,5.0,0,0.0,4,0.3333333333333333,,,
pilot_n20_v7_factuality_chase,gemini3_flash_preview_minimal,rewritten,laysumm_plos_0457,PLOS,457,7,Researchers used the fruit fly ovary as an excellent model to study these changes.,,,0,,14,68,4.857142857142857,1,0.07142857142857142,3,0.21428571428571427,,,
pilot_n20_v7_factuality_chase,gemini3_flash_preview_minimal,rewritten,laysumm_plos_0457,PLOS,457,8,The germline stem cells are often called GSCs for short.,,,0,,10,46,4.6,0,0.0,1,0.1,,,
pilot_n20_v7_factuality_chase,gemini3_flash_preview_minimal,rewritten,laysumm_plos_0457,PLOS,457,9,Notch signaling regulates the adhesion of germline stem cells to the niche.,,,2,hard_word_dense,12,63,5.25,0,0.0,4,0.3333333333333333,,,
pilot_n20_v7_factuality_chase,gemini3_flash_preview_minimal,rewritten,laysumm_plos_0457,PLOS,457,10,It controls this sticking by altering the expression of E-cadherin.,,,2,hard_word_dense|technical_density,10,56,5.6,1,0.1,3,0.3,,,
pilot_n20_v7_factuality_chase,gemini3_flash_preview_minimal,rewritten,laysumm_plos_0457,PLOS,457,11,E-cadherin acts like a glue that holds the GSCs in place.,,,0,,11,45,4.090909090909091,0,0.0,1,0.09090909090909091,,,
pilot_n20_v7_factuality_chase,gemini3_flash_preview_minimal,rewritten,laysumm_plos_0457,PLOS,457,12,High levels of Notch signaling reduce this E-cadherin glue.,,,2,hard_word_dense,9,49,5.444444444444445,0,0.0,3,0.3333333333333333,,,
pilot_n20_v7_factuality_chase,gemini3_flash_preview_minimal,rewritten,laysumm_plos_0457,PLOS,457,13,This reduction makes the cells less competitive for space.,,,0,,9,49,5.444444444444445,1,0.1111111111111111,2,0.2222222222222222,,,
pilot_n20_v7_factuality_chase,gemini3_flash_preview_minimal,rewritten,laysumm_plos_0457,PLOS,457,14,The age-dependent induction of Notch signaling is partially mediated by Sxl.,,,2,hard_word_dense,11,64,5.818181818181818,1,0.09090909090909091,5,0.45454545454545453,,,
pilot_n20_v7_factuality_chase,gemini3_flash_preview_minimal,rewritten,laysumm_plos_0457,PLOS,457,15,Sxl is a protein that normally suppresses Notch signaling in these cells.,,,0,,12,61,5.083333333333333,1,0.08333333333333333,3,0.25,,,
pilot_n20_v7_factuality_chase,gemini3_flash_preview_minimal,rewritten,laysumm_plos_0457,PLOS,457,16,It is also known as Sex lethal.,,,0,,7,24,3.4285714285714284,0,0.0,0,0.0,,,
pilot_n20_v7_factuality_chase,gemini3_flash_preview_minimal,rewritten,laysumm_plos_0457,PLOS,457,17,The levels of Sxl drop as the flies age.,,,0,,9,31,3.4444444444444446,0,0.0,0,0.0,,,
pilot_n20_v7_factuality_chase,gemini3_flash_preview_minimal,rewritten,laysumm_plos_0457,PLOS,457,18,This drop allows Notch signaling to increase over time.,,,0,,9,46,5.111111111111111,0,0.0,2,0.2222222222222222,,,
pilot_n20_v7_factuality_chase,gemini3_flash_preview_minimal,rewritten,laysumm_plos_0457,PLOS,457,19,Notch signaling in the niche cells decreases as the organism ages.,,,0,,11,55,5.0,0,0.0,3,0.2727272727272727,,,
pilot_n20_v7_factuality_chase,gemini3_flash_preview_minimal,rewritten,laysumm_plos_0457,PLOS,457,20,This decrease reduces niche integrity and the ability to keep stem cells.,,,2,hard_word_dense,12,61,5.083333333333333,0,0.0,4,0.3333333333333333,,,
pilot_n20_v7_factuality_chase,gemini3_flash_preview_minimal,rewritten,laysumm_plos_0457,PLOS,457,21,"While signaling goes up in the GSCs, it goes down in the surrounding niche.",,,0,,14,60,4.285714285714286,1,0.07142857142857142,2,0.14285714285714285,,,
pilot_n20_v7_factuality_chase,gemini3_flash_preview_minimal,rewritten,laysumm_plos_0457,PLOS,457,22,This loss of integrity affects the stem cells from the outside.,,,0,,11,52,4.7272727272727275,0,0.0,2,0.18181818181818182,,,
pilot_n20_v7_factuality_chase,gemini3_flash_preview_minimal,rewritten,laysumm_plos_0457,PLOS,457,23,These findings regarding cell adhesion may be relevant to metastatic cancer.,,,2,hard_word_dense|hedged,11,65,5.909090909090909,1,0.09090909090909091,4,0.36363636363636365,,,
pilot_n20_v7_factuality_chase,gemini3_flash_preview_minimal,rewritten,laysumm_plos_0501,PLOS,501,1,HIV infection currently cannot be cured but can be controlled using combinations of multiple anti-retroviral drugs.,,,4,long_word_dense|hard_word_dense|negation_or_contrast,16,98,6.125,3,0.1875,6,0.375,,,
pilot_n20_v7_factuality_chase,gemini3_flash_preview_minimal,rewritten,laysumm_plos_0501,PLOS,501,2,These drugs work together to stop the virus from making copies of itself.,,,0,,13,60,4.615384615384615,0,0.0,1,0.07692307692307693,,,
pilot_n20_v7_factuality_chase,gemini3_flash_preview_minimal,rewritten,laysumm_plos_0501,PLOS,501,3,"Because HIV genotypes vary between individual patients, it is difficult to determine which drug combination will provide effective treatment.",,,3,long_sentence|hard_word_dense|causal_or_inferential,19,121,6.368421052631579,2,0.10526315789473684,8,0.42105263157894735,,,
pilot_n20_v7_factuality_chase,gemini3_flash_preview_minimal,rewritten,laysumm_plos_0501,PLOS,501,4,A genotype is the specific genetic makeup of the virus in a person.,,,0,,13,54,4.153846153846154,0,0.0,3,0.23076923076923078,,,
pilot_n20_v7_factuality_chase,gemini3_flash_preview_minimal,rewritten,laysumm_plos_0501,PLOS,501,5,Existing HIV treatment models are typically based only on sequence data and do not account for the chemical similarity of drugs.,,,1,long_sentence|negation_or_contrast,21,107,5.095238095238095,1,0.047619047619047616,5,0.23809523809523808,,,
pilot_n20_v7_factuality_chase,gemini3_flash_preview_minimal,rewritten,laysumm_plos_0501,PLOS,501,6,Sequence data refers to the order of genetic building blocks in the virus.,,,0,,13,61,4.6923076923076925,0,0.0,2,0.15384615384615385,,,
pilot_n20_v7_factuality_chase,gemini3_flash_preview_minimal,rewritten,laysumm_plos_0501,PLOS,501,7,Researchers applied proteochemometric models that combine chemical properties and protein target properties into a single bioactivity model.,,,4,long_word_dense|hard_word_dense,17,123,7.235294117647059,5,0.29411764705882354,7,0.4117647058823529,,,
pilot_n20_v7_factuality_chase,gemini3_flash_preview_minimal,rewritten,laysumm_plos_0501,PLOS,501,8,This method looks at both the drug structure and the virus proteins simultaneously.,,,0,,13,70,5.384615384615385,1,0.07692307692307693,2,0.15384615384615385,,,
pilot_n20_v7_factuality_chase,gemini3_flash_preview_minimal,rewritten,laysumm_plos_0501,PLOS,501,9,"Researchers constructed robust models to predict HIV drug resistance based on 300,000 bioactivity data points.",,,2,long_word_dense|number,16,88,5.5,4,0.25,4,0.25,,,
pilot_n20_v7_factuality_chase,gemini3_flash_preview_minimal,rewritten,laysumm_plos_0501,PLOS,501,10,"The study included three major drug classes known as NRTIs, PIs, and NNRTIs.",,,0,,13,61,4.6923076923076925,0,0.0,1,0.07692307692307693,,,
pilot_n20_v7_factuality_chase,gemini3_flash_preview_minimal,rewritten,laysumm_plos_0501,PLOS,501,11,Proteochemometric models outperform sequence-only models in classifying resistance and predicting changes in drug susceptibility.,,,4,long_word_dense|hard_word_dense|negation_or_contrast,14,114,8.142857142857142,7,0.5,7,0.5,,,
pilot_n20_v7_factuality_chase,gemini3_flash_preview_minimal,rewritten,laysumm_plos_0501,PLOS,501,12,Susceptibility describes how sensitive the virus is to a specific medication.,,,4,long_word_dense|hard_word_dense,11,66,6.0,2,0.18181818181818182,5,0.45454545454545453,,,
pilot_n20_v7_factuality_chase,gemini3_flash_preview_minimal,rewritten,laysumm_plos_0501,PLOS,501,13,The study identified previously unpublished mutations in HIV Reverse Transcriptase and HIV Protease that confer drug resistance.,,,4,long_word_dense|hard_word_dense,17,111,6.529411764705882,5,0.29411764705882354,8,0.47058823529411764,,,
pilot_n20_v7_factuality_chase,gemini3_flash_preview_minimal,rewritten,laysumm_plos_0501,PLOS,501,14,One such novel mutation identified by the model is known as T216M.,,,0,number,12,51,4.25,1,0.08333333333333333,2,0.16666666666666666,,,
pilot_n20_v7_factuality_chase,gemini3_flash_preview_minimal,rewritten,laysumm_plos_0501,PLOS,501,15,The proteochemometric models achieved an 84% correct resistance prediction rate on the Stanford University HIV resistance database.,,,4,long_word_dense|hard_word_dense|number,17,111,6.529411764705882,5,0.29411764705882354,7,0.4117647058823529,,,
pilot_n20_v7_factuality_chase,gemini3_flash_preview_minimal,rewritten,laysumm_plos_0501,PLOS,501,16,This database is a public record used by scientists to track viral changes.,,,0,,13,62,4.769230769230769,1,0.07692307692307693,1,0.07692307692307693,,,
pilot_n20_v7_factuality_chase,gemini3_flash_preview_minimal,rewritten,laysumm_plos_0501,PLOS,501,17,The researchers added an applicability domain to the prediction tool to inform users about the reliability of specific predictions.,,,5,long_sentence|long_word_dense|hard_word_dense,19,112,5.894736842105263,5,0.2631578947368421,6,0.3157894736842105,,,
pilot_n20_v7_factuality_chase,gemini3_flash_preview_minimal,rewritten,laysumm_plos_0563,PLOS,563,1,The protein clumping factor B helps S. aureus colonize the nose.,,,0,,11,52,4.7272727272727275,0,0.0,1,0.09090909090909091,,,
pilot_n20_v7_factuality_chase,gemini3_flash_preview_minimal,rewritten,laysumm_plos_0563,PLOS,563,2,It does this by binding to the cornified envelope in the nostrils.,,,0,,12,54,4.5,0,0.0,2,0.16666666666666666,,,
pilot_n20_v7_factuality_chase,gemini3_flash_preview_minimal,rewritten,laysumm_plos_0563,PLOS,563,3,Clumping factor B is a cell wall-anchored protein.,,,0,,8,41,5.125,1,0.125,1,0.125,,,
pilot_n20_v7_factuality_chase,gemini3_flash_preview_minimal,rewritten,laysumm_plos_0563,PLOS,563,4,This surface protein allows the bacteria to attach to host tissues.,,,0,,11,56,5.090909090909091,0,0.0,2,0.18181818181818182,,,
pilot_n20_v7_factuality_chase,gemini3_flash_preview_minimal,rewritten,laysumm_plos_0563,PLOS,563,5,ClfB is also a major virulence determinant during S. aureus skin infection.,,,0,,12,62,5.166666666666667,1,0.08333333333333333,3,0.25,,,
pilot_n20_v7_factuality_chase,gemini3_flash_preview_minimal,rewritten,laysumm_plos_0563,PLOS,563,6,This means the protein helps the bacteria cause disease in skin tissue.,,,0,causal_or_inferential,12,59,4.916666666666667,0,0.0,2,0.16666666666666666,,,
pilot_n20_v7_factuality_chase,gemini3_flash_preview_minimal,rewritten,laysumm_plos_0563,PLOS,563,7,Researchers found this new role for the protein beyond its known function in the nose.,,,0,,15,71,4.733333333333333,1,0.06666666666666667,1,0.06666666666666667,,,
pilot_n20_v7_factuality_chase,gemini3_flash_preview_minimal,rewritten,laysumm_plos_0563,PLOS,563,8,ClfB promotes skin abscess formation by binding to the host protein loricrin.,,,0,,12,65,5.416666666666667,0,0.0,3,0.25,,,
pilot_n20_v7_factuality_chase,gemini3_flash_preview_minimal,rewritten,laysumm_plos_0563,PLOS,563,9,This interaction increases the bacterial burden within the infected skin site.,,,2,hard_word_dense,11,67,6.090909090909091,1,0.09090909090909091,4,0.36363636363636365,,,
pilot_n20_v7_factuality_chase,gemini3_flash_preview_minimal,rewritten,laysumm_plos_0563,PLOS,563,10,Loricrin is a protein found in the protective barrier of the skin.,,,0,,12,54,4.5,1,0.08333333333333333,2,0.16666666666666666,,,
pilot_n20_v7_factuality_chase,gemini3_flash_preview_minimal,rewritten,laysumm_plos_0563,PLOS,563,11,Loricrin is a critical ligand that the bacteria use to build abscesses.,,,2,hard_word_dense,12,59,4.916666666666667,0,0.0,4,0.3333333333333333,,,
pilot_n20_v7_factuality_chase,gemini3_flash_preview_minimal,rewritten,laysumm_plos_0563,PLOS,563,12,An abscess is a pocket of infection that forms in the skin.,,,0,,12,47,3.9166666666666665,0,0.0,1,0.08333333333333333,,,
pilot_n20_v7_factuality_chase,gemini3_flash_preview_minimal,rewritten,laysumm_plos_0563,PLOS,563,13,The bacteria hijack this host ligand to create a robust structure for the infection.,,,0,,14,70,5.0,0,0.0,3,0.21428571428571427,,,
pilot_n20_v7_factuality_chase,gemini3_flash_preview_minimal,rewritten,laysumm_plos_0563,PLOS,563,14,Vaccination with ClfB induces protective humoral and cellular responses.,,,4,long_word_dense|hard_word_dense,9,63,7.0,2,0.2222222222222222,6,0.6666666666666666,,,
pilot_n20_v7_factuality_chase,gemini3_flash_preview_minimal,rewritten,laysumm_plos_0563,PLOS,563,15,These immune responses provide protection and reduce the severity of skin infections.,,,2,hard_word_dense,12,73,6.083333333333333,2,0.16666666666666666,7,0.5833333333333334,,,
pilot_n20_v7_factuality_chase,gemini3_flash_preview_minimal,rewritten,laysumm_plos_0563,PLOS,563,16,The vaccine triggers the immune system to produce antibodies and T cells.,,,2,hard_word_dense,12,61,5.083333333333333,1,0.08333333333333333,4,0.3333333333333333,,,
pilot_n20_v7_factuality_chase,gemini3_flash_preview_minimal,rewritten,laysumm_plos_0563,PLOS,563,17,The vaccine significantly lowers the number of bacteria found in the skin.,,,0,technical_density,12,62,5.166666666666667,1,0.08333333333333333,3,0.25,,,
pilot_n20_v7_factuality_chase,gemini3_flash_preview_minimal,rewritten,laysumm_plos_0563,PLOS,563,18,This reduction helps the body clear the infection more effectively.,,,2,hard_word_dense,10,57,5.7,1,0.1,3,0.3,,,
pilot_n20_v7_factuality_chase,gemini3_flash_preview_minimal,rewritten,laysumm_plos_0563,PLOS,563,19,A lower bacterial burden means the infection is less severe for the host.,,,0,,13,60,4.615384615384615,0,0.0,3,0.23076923076923078,,,
pilot_n20_v7_factuality_chase,gemini3_flash_preview_minimal,rewritten,laysumm_plos_0563,PLOS,563,20,ClfB is an important antigen for next-generation vaccines targeting SSTI.,,,2,hard_word_dense,10,62,6.2,1,0.1,5,0.5,,,
pilot_n20_v7_factuality_chase,gemini3_flash_preview_minimal,rewritten,laysumm_plos_0563,PLOS,563,21,SSTI refers to common skin and soft tissue infections caused by bacteria.,,,0,causal_or_inferential,12,61,5.083333333333333,1,0.08333333333333333,2,0.16666666666666666,,,
pilot_n20_v7_factuality_chase,gemini3_flash_preview_minimal,rewritten,laysumm_plos_0563,PLOS,563,22,Identifying this therapeutic target is a key step for future medical treatments.,,,4,long_word_dense|hard_word_dense|technical_density,12,68,5.666666666666667,3,0.25,4,0.3333333333333333,,,
pilot_n20_v7_factuality_chase,gemini3_flash_preview_minimal,rewritten,laysumm_plos_1116,PLOS,1116,1,Dengue virus causes about 100 million symptomatic infections every year.,,,4,long_word_dense|hard_word_dense|causal_or_inferential|number,10,59,5.9,2,0.2,3,0.3,,,
pilot_n20_v7_factuality_chase,gemini3_flash_preview_minimal,rewritten,laysumm_plos_1116,PLOS,1116,2,This virus is the most common mosquito-borne virus in the world and half of the world’s population is now at risk.,,,1,long_sentence|technical_density,22,91,4.136363636363637,2,0.09090909090909091,2,0.09090909090909091,,,
pilot_n20_v7_factuality_chase,gemini3_flash_preview_minimal,rewritten,laysumm_plos_1116,PLOS,1116,3,Infection ranges from mild dengue fever to life-threatening dengue hemorrhagic fever.,,,2,long_word_dense,11,73,6.636363636363637,2,0.18181818181818182,3,0.2727272727272727,,,
pilot_n20_v7_factuality_chase,gemini3_flash_preview_minimal,rewritten,laysumm_plos_1116,PLOS,1116,4,Dengue fever is called DF and the severe form is DHF.,,,0,,11,42,3.8181818181818183,0,0.0,1,0.09090909090909091,,,
pilot_n20_v7_factuality_chase,gemini3_flash_preview_minimal,rewritten,laysumm_plos_1116,PLOS,1116,5,Researchers used mass spectrometry for metabolomic profiling of adult patient sera.,,,4,long_word_dense|hard_word_dense,11,72,6.545454545454546,3,0.2727272727272727,4,0.36363636363636365,,,
pilot_n20_v7_factuality_chase,gemini3_flash_preview_minimal,rewritten,laysumm_plos_1116,PLOS,1116,6,This method identifies small molecules in the blood called metabolites to see how they differ between mild and severe cases.,,,1,long_sentence,20,104,5.2,2,0.1,4,0.2,,,
pilot_n20_v7_factuality_chase,gemini3_flash_preview_minimal,rewritten,laysumm_plos_1116,PLOS,1116,7,The study found 29 metabolites that differed during the critical phase.,,,0,number,11,58,5.2727272727272725,1,0.09090909090909091,3,0.2727272727272727,,,
pilot_n20_v7_factuality_chase,gemini3_flash_preview_minimal,rewritten,laysumm_plos_1116,PLOS,1116,8,The critical phase occurs five to seven days after fever starts and is when severe symptoms usually appear.,,,0,,18,89,4.944444444444445,0,0.0,3,0.16666666666666666,,,
pilot_n20_v7_factuality_chase,gemini3_flash_preview_minimal,rewritten,laysumm_plos_1116,PLOS,1116,9,Bile acids were 5 fold higher in DHF and linked to liver injury.,,,0,number,13,50,3.8461538461538463,0,0.0,1,0.07692307692307693,,,
pilot_n20_v7_factuality_chase,gemini3_flash_preview_minimal,rewritten,laysumm_plos_1116,PLOS,1116,10,These levels correlated with higher liver enzymes called AST and ALT which are markers of liver damage.,,,0,,17,86,5.0588235294117645,1,0.058823529411764705,3,0.17647058823529413,,,
pilot_n20_v7_factuality_chase,gemini3_flash_preview_minimal,rewritten,laysumm_plos_1116,PLOS,1116,11,Uric acid was 1.5 fold lower in patients with severe DHF.,,,0,number,12,43,3.5833333333333335,0,0.0,1,0.08333333333333333,,,
pilot_n20_v7_factuality_chase,gemini3_flash_preview_minimal,rewritten,laysumm_plos_1116,PLOS,1116,12,Low levels may lead to a decreased capacity for antioxidant defense against cellular stress.,,,2,hard_word_dense|hedged,14,78,5.571428571428571,1,0.07142857142857142,5,0.35714285714285715,,,
pilot_n20_v7_factuality_chase,gemini3_flash_preview_minimal,rewritten,laysumm_plos_1116,PLOS,1116,13,Chenodeoxyglycocholic acid remained 3 times higher during the recovery phase.,,,2,hard_word_dense|number,10,66,6.6,1,0.1,3,0.3,,,
pilot_n20_v7_factuality_chase,gemini3_flash_preview_minimal,rewritten,laysumm_plos_1116,PLOS,1116,14,This specific bile acid shows that liver impact can last longer even after the initial fever passes.,,,0,causal_or_inferential,17,83,4.882352941176471,0,0.0,2,0.11764705882352941,,,
pilot_n20_v7_factuality_chase,gemini3_flash_preview_minimal,rewritten,laysumm_plos_1116,PLOS,1116,15,These findings suggest new therapeutic targets for managing severe dengue.,,,2,hard_word_dense|technical_density|hedged,10,64,6.4,1,0.1,3,0.3,,,
pilot_n20_v7_factuality_chase,gemini3_flash_preview_minimal,rewritten,laysumm_plos_1116,PLOS,1116,16,Understanding the disease pathogenesis helps in finding better medical treatments for patients.,,,4,long_word_dense|hard_word_dense,12,83,6.916666666666667,3,0.25,4,0.3333333333333333,,,
pilot_n20_v7_factuality_chase,gemini3_flash_preview_minimal,rewritten,laysumm_plos_1309,PLOS,1309,1,Cullin-RING ubiquitin ligases must have their substrate receptor subunits tightly controlled.,,,4,long_word_dense|hard_word_dense,11,81,7.363636363636363,2,0.18181818181818182,7,0.6363636363636364,,,
pilot_n20_v7_factuality_chase,gemini3_flash_preview_minimal,rewritten,laysumm_plos_1309,PLOS,1309,2,This control ensures the cell maintains a balanced variety of these ligase machines.,,,2,hard_word_dense,13,71,5.461538461538462,0,0.0,5,0.38461538461538464,,,
pilot_n20_v7_factuality_chase,gemini3_flash_preview_minimal,rewritten,laysumm_plos_1309,PLOS,1309,3,Unbalanced levels of substrate receptors can lead to the sequestration of core components.,,,4,long_word_dense|hard_word_dense,13,77,5.923076923076923,3,0.23076923076923078,5,0.38461538461538464,,,
pilot_n20_v7_factuality_chase,gemini3_flash_preview_minimal,rewritten,laysumm_plos_1309,PLOS,1309,4,This competition for parts disrupts normal cellular functions.,,,0,,8,54,6.75,1,0.125,2,0.25,,,
pilot_n20_v7_factuality_chase,gemini3_flash_preview_minimal,rewritten,laysumm_plos_1309,PLOS,1309,5,Misregulation of substrate receptor components in SCF ligases is associated with cancer.,,,4,long_word_dense|hard_word_dense|technical_density,12,76,6.333333333333333,3,0.25,6,0.5,,,
pilot_n20_v7_factuality_chase,gemini3_flash_preview_minimal,rewritten,laysumm_plos_1309,PLOS,1309,6,Many other diseases are also linked to these protein-marking errors.,,,0,,10,57,5.7,1,0.1,2,0.2,,,
pilot_n20_v7_factuality_chase,gemini3_flash_preview_minimal,rewritten,laysumm_plos_1309,PLOS,1309,7,F-box proteins are typically regulated by autocatalytic ubiquitylation and proteasome-mediated degradation.,,,4,long_word_dense|hard_word_dense,11,94,8.545454545454545,4,0.36363636363636365,6,0.5454545454545454,,,
pilot_n20_v7_factuality_chase,gemini3_flash_preview_minimal,rewritten,laysumm_plos_1309,PLOS,1309,8,This process happens when the proteins are part of an intact SCF complex.,,,0,,13,60,4.615384615384615,0,0.0,0,0.0,,,
pilot_n20_v7_factuality_chase,gemini3_flash_preview_minimal,rewritten,laysumm_plos_1309,PLOS,1309,9,Researchers identified a new degradation pathway for the yeast F-box protein Met30.,,,2,long_word_dense|number,12,68,5.666666666666667,3,0.25,3,0.25,,,
pilot_n20_v7_factuality_chase,gemini3_flash_preview_minimal,rewritten,laysumm_plos_1309,PLOS,1309,10,This pathway acts when Met30 is dissociated from the Skp1 protein.,,,0,number,11,52,4.7272727272727275,1,0.09090909090909091,1,0.09090909090909091,,,
pilot_n20_v7_factuality_chase,gemini3_flash_preview_minimal,rewritten,laysumm_plos_1309,PLOS,1309,11,The new Met30 degradation pathway requires Cdc53/Cul1 but is independent of Skp1.,,,0,number,13,62,4.769230769230769,2,0.15384615384615385,3,0.23076923076923078,,,
pilot_n20_v7_factuality_chase,gemini3_flash_preview_minimal,rewritten,laysumm_plos_1309,PLOS,1309,12,It uses only specific parts of the usual machine to function.,,,0,negation_or_contrast,11,50,4.545454545454546,0,0.0,2,0.18181818181818182,,,
pilot_n20_v7_factuality_chase,gemini3_flash_preview_minimal,rewritten,laysumm_plos_1309,PLOS,1309,13,This pathway is essential for chromosome stability and defense against heavy metal stress.,,,2,hard_word_dense,13,77,5.923076923076923,1,0.07692307692307693,4,0.3076923076923077,,,
pilot_n20_v7_factuality_chase,gemini3_flash_preview_minimal,rewritten,laysumm_plos_1309,PLOS,1309,14,It specifically helps yeast cells recover from stress caused by cadmium.,,,0,causal_or_inferential,11,61,5.545454545454546,1,0.09090909090909091,2,0.18181818181818182,,,
pilot_n20_v7_factuality_chase,gemini3_flash_preview_minimal,rewritten,laysumm_plos_1309,PLOS,1309,15,"The study assigns biological functions to a sub-complex of Cdc53, Rbx1, and Cdc34.",,,0,number,13,61,4.6923076923076925,2,0.15384615384615385,2,0.15384615384615385,,,
pilot_n20_v7_factuality_chase,gemini3_flash_preview_minimal,rewritten,laysumm_plos_1309,PLOS,1309,16,This smaller team of proteins works independently of the Skp1 component.,,,0,number,11,60,5.454545454545454,1,0.09090909090909091,2,0.18181818181818182,,,
pilot_n20_v7_factuality_chase,gpt41_mini,generated,laysumm_elife_0006,eLife,6,1,Many decisions arise by gathering noisy evidence until it reaches a threshold or bound.,,,0,,14,73,5.214285714285714,0,0.0,4,0.2857142857142857,,,
pilot_n20_v7_factuality_chase,gpt41_mini,generated,laysumm_elife_0006,eLife,6,2,This process is called bounded evidence accumulation.,,,0,,7,46,6.571428571428571,1,0.14285714285714285,2,0.2857142857142857,,,
pilot_n20_v7_factuality_chase,gpt41_mini,generated,laysumm_elife_0006,eLife,6,3,"In perception, stimulus strength affects decision speed, accuracy, and confidence through this evidence accumulation.",,,4,long_word_dense|hard_word_dense,14,100,7.142857142857143,3,0.21428571428571427,7,0.5,,,
pilot_n20_v7_factuality_chase,gpt41_mini,generated,laysumm_elife_0006,eLife,6,4,Stimulus strength is measured by the signal-to-noise ratio.,,,2,hard_word_dense,8,49,6.125,1,0.125,3,0.375,,,
pilot_n20_v7_factuality_chase,gpt41_mini,generated,laysumm_elife_0006,eLife,6,5,"Increasing noise leads to faster decisions, lower accuracy, and paradoxically higher confidence.",,,4,long_word_dense|hard_word_dense|causal_or_inferential,12,82,6.833333333333333,3,0.25,5,0.4166666666666667,,,
pilot_n20_v7_factuality_chase,gpt41_mini,generated,laysumm_elife_0006,eLife,6,6,Noise here means more variability in the momentary evidence used to decide.,,,2,hard_word_dense,12,63,5.25,1,0.08333333333333333,4,0.3333333333333333,,,
pilot_n20_v7_factuality_chase,gpt41_mini,generated,laysumm_elife_0006,eLife,6,7,The study used a new sensory manipulation that adds unbiased noise to motion-selective areas in the visual cortex.,,,0,,18,95,5.277777777777778,2,0.1111111111111111,4,0.2222222222222222,,,
pilot_n20_v7_factuality_chase,gpt41_mini,generated,laysumm_elife_0006,eLife,6,8,This was confirmed by recording neurons in macaque brain areas MT and MST.,,,0,,13,61,4.6923076923076925,0,0.0,3,0.23076923076923078,,,
pilot_n20_v7_factuality_chase,gpt41_mini,generated,laysumm_elife_0006,eLife,6,9,"In humans and monkeys, increasing noise caused faster decisions and higher confidence with little loss in accuracy.",,,0,causal_or_inferential,17,97,5.705882352941177,2,0.11764705882352941,4,0.23529411764705882,,,
pilot_n20_v7_factuality_chase,gpt41_mini,generated,laysumm_elife_0006,eLife,6,10,This effect was seen across different stimulus strengths and was statistically significant when data were pooled.,,,0,,16,97,6.0625,2,0.125,4,0.25,,,
pilot_n20_v7_factuality_chase,gpt41_mini,generated,laysumm_elife_0006,eLife,6,11,The size of these effects matched predictions from a bounded evidence accumulation model.,,,0,,13,76,5.846153846153846,2,0.15384615384615385,3,0.23076923076923078,,,
pilot_n20_v7_factuality_chase,gpt41_mini,generated,laysumm_elife_0006,eLife,6,12,"This model explains how motion strength and noise affect choice, speed, and confidence.",,,0,causal_or_inferential,13,72,5.538461538461538,1,0.07692307692307693,1,0.07692307692307693,,,
pilot_n20_v7_factuality_chase,gpt41_mini,generated,laysumm_elife_0026,eLife,26,1,The enzyme OspI from Shigella flexneri changes glutamine 100 in UBC13 to glutamate.,,,2,hard_word_dense|number,13,65,5.0,0,0.0,5,0.38461538461538464,,,
pilot_n20_v7_factuality_chase,gpt41_mini,generated,laysumm_elife_0026,eLife,26,2,This chemical change is called deamidation and is specific to one amino acid in UBC13.,,,0,number,15,69,4.6,1,0.06666666666666667,4,0.26666666666666666,,,
pilot_n20_v7_factuality_chase,gpt41_mini,generated,laysumm_elife_0026,eLife,26,3,This change silences UBC13’s polyubiquitination activity with TRAF6 and blocks the NF-κB inflammatory response.,,,2,hard_word_dense|number,15,91,6.066666666666666,2,0.13333333333333333,5,0.3333333333333333,,,
pilot_n20_v7_factuality_chase,gpt41_mini,generated,laysumm_elife_0026,eLife,26,4,Polyubiquitination is a process that helps trigger immune signals through TRAF6 and NF-κB.,,,0,number,13,74,5.6923076923076925,1,0.07692307692307693,2,0.15384615384615385,,,
pilot_n20_v7_factuality_chase,gpt41_mini,generated,laysumm_elife_0026,eLife,26,5,Deamidation stops UBC13 from binding to the TRAF6 RING domain without changing UBC13’s shape or enzyme function.,,,0,negation_or_contrast|number,18,89,4.944444444444445,1,0.05555555555555555,2,0.1111111111111111,,,
pilot_n20_v7_factuality_chase,gpt41_mini,generated,laysumm_elife_0026,eLife,26,6,Binding to TRAF6 is needed for UBC13 to activate immune signaling.,,,0,number,11,52,4.7272727272727275,0,0.0,3,0.2727272727272727,,,
pilot_n20_v7_factuality_chase,gpt41_mini,generated,laysumm_elife_0026,eLife,26,7,Deamidation creates a new internal salt-bridge in UBC13 that competes with a key salt-bridge at the UBC13/TRAF6 interface.,,,3,long_sentence|hard_word_dense|number,19,96,5.052631578947368,3,0.15789473684210525,6,0.3157894736842105,,,
pilot_n20_v7_factuality_chase,gpt41_mini,generated,laysumm_elife_0026,eLife,26,8,Salt-bridges are bonds between charged parts of proteins that help them stick together.,,,0,,13,73,5.615384615384615,1,0.07692307692307693,2,0.15384615384615385,,,
pilot_n20_v7_factuality_chase,gpt41_mini,generated,laysumm_elife_0026,eLife,26,9,This salt-bridge competition also disrupts transient interactions needed to form the UBC13/TRAF6 complex.,,,2,long_word_dense|number,14,87,6.214285714285714,3,0.21428571428571427,3,0.21428571428571427,,,
pilot_n20_v7_factuality_chase,gpt41_mini,generated,laysumm_elife_0026,eLife,26,10,Transient interactions are temporary contacts that help proteins find and bind each other.,,,0,,13,77,5.923076923076923,1,0.07692307692307693,2,0.15384615384615385,,,
pilot_n20_v7_factuality_chase,gpt41_mini,generated,laysumm_elife_0026,eLife,26,11,"The negative charge on E100 repels the negatively charged surface of TRAF6 RING, further blocking transient interactions.",,,0,number,17,99,5.823529411764706,2,0.11764705882352941,4,0.23529411764705882,,,
pilot_n20_v7_factuality_chase,gpt41_mini,generated,laysumm_elife_0026,eLife,26,12,Electrostatic repulsion occurs when like charges push proteins apart.,,,0,,9,60,6.666666666666667,1,0.1111111111111111,2,0.2222222222222222,,,
pilot_n20_v7_factuality_chase,gpt41_mini,generated,laysumm_elife_0026,eLife,26,13,This post-translational modification weakens transient complexes and stops protein-protein association.,,,4,long_word_dense|hard_word_dense|technical_density,10,91,9.1,4,0.4,5,0.5,,,
pilot_n20_v7_factuality_chase,gpt41_mini,generated,laysumm_elife_0026,eLife,26,14,Post-translational modifications are chemical changes made to proteins after they are made.,,,0,,12,78,6.5,2,0.16666666666666666,3,0.25,,,
pilot_n20_v7_factuality_chase,gpt41_mini,generated,laysumm_elife_0028,eLife,28,1,"Working memory depends on coordinated interactions among large-scale brain networks, especially frontal and parietal regions.",,,4,long_word_dense|hard_word_dense,15,108,7.2,4,0.26666666666666666,6,0.4,,,
pilot_n20_v7_factuality_chase,gpt41_mini,generated,laysumm_elife_0028,eLife,28,2,These brain areas communicate across long distances to support memory tasks.,,,0,,11,65,5.909090909090909,1,0.09090909090909091,3,0.2727272727272727,,,
pilot_n20_v7_factuality_chase,gpt41_mini,generated,laysumm_elife_0028,eLife,28,3,Oscillatory synchronization in the theta frequency range helps coordinate neuronal activity during working memory.,,,4,long_word_dense|hard_word_dense,14,100,7.142857142857143,3,0.21428571428571427,7,0.5,,,
pilot_n20_v7_factuality_chase,gpt41_mini,generated,laysumm_elife_0028,eLife,28,4,Theta waves are brain rhythms between 4 and 8 Hz that organize activity across brain regions.,,,0,number,16,75,4.6875,0,0.0,2,0.125,,,
pilot_n20_v7_factuality_chase,gpt41_mini,generated,laysumm_elife_0028,eLife,28,5,Direct causal evidence that oscillatory activity shapes brain network dynamics and behavior in humans is limited.,,,2,hard_word_dense,16,97,6.0625,1,0.0625,6,0.375,,,
pilot_n20_v7_factuality_chase,gpt41_mini,generated,laysumm_elife_0028,eLife,28,6,It is unclear how changing brain waves affects human behavior.,,,0,,10,52,5.2,0,0.0,1,0.1,,,
pilot_n20_v7_factuality_chase,gpt41_mini,generated,laysumm_elife_0028,eLife,28,7,The study used transcranial alternating current stimulation (tACS) to modulate oscillations in a right frontoparietal network supporting working memory. tACS is a non-invasive electrical method that applies rhythmic currents to specific brain areas.,,,6,long_sentence|very_long_sentence|long_word_dense|hard_word_dense,33,212,6.424242424242424,8,0.24242424242424243,11,0.3333333333333333,,,
pilot_n20_v7_factuality_chase,gpt41_mini,generated,laysumm_elife_0028,eLife,28,8,Synchronous tACS improved working memory performance during high-demand tasks like the 2-back test.,,,4,long_word_dense|hard_word_dense|number,13,83,6.384615384615385,3,0.23076923076923078,5,0.38461538461538464,,,
pilot_n20_v7_factuality_chase,gpt41_mini,generated,laysumm_elife_0028,eLife,28,9,Synchronizing brain waves with tACS made participants respond faster in difficult memory tasks.,,,2,hard_word_dense|technical_density,13,82,6.3076923076923075,2,0.15384615384615385,4,0.3076923076923077,,,
pilot_n20_v7_factuality_chase,gpt41_mini,generated,laysumm_elife_0028,eLife,28,10,"The effects of tACS depend on the relative phase of stimulation and the cognitive state, as shown by fMRI.",,,1,long_sentence|technical_density,19,86,4.526315789473684,1,0.05263157894736842,3,0.15789473684210525,,,
pilot_n20_v7_factuality_chase,gpt41_mini,generated,laysumm_elife_0028,eLife,28,11,Brain scans revealed that timing between stimulation and brain activity changes how networks respond.,,,0,,14,87,6.214285714285714,1,0.07142857142857142,3,0.21428571428571427,,,
pilot_n20_v7_factuality_chase,gpt41_mini,generated,laysumm_elife_0028,eLife,28,12,Synchronous tACS during a verbal working memory task increased parietal brain activity linked to better performance.,,,2,hard_word_dense,16,100,6.25,2,0.125,6,0.375,,,
pilot_n20_v7_factuality_chase,gpt41_mini,generated,laysumm_elife_0028,eLife,28,13,Higher activity in the parietal region correlated with faster responses in the memory task.,,,2,hard_word_dense,14,77,5.5,1,0.07142857142857142,5,0.35714285714285715,,,
pilot_n20_v7_factuality_chase,gpt41_mini,generated,laysumm_elife_0028,eLife,28,14,The relative phase of frontoparietal tACS influences functional connectivity and information flow within the working memory network.,,,4,long_word_dense|hard_word_dense,17,115,6.764705882352941,5,0.29411764705882354,7,0.4117647058823529,,,
pilot_n20_v7_factuality_chase,gpt41_mini,generated,laysumm_elife_0028,eLife,28,15,"Synchronous stimulation increased frontal-parietal connections, while desynchronous stimulation changed posterior interactions.",,,4,long_word_dense|hard_word_dense,11,114,10.363636363636363,7,0.6363636363636364,9,0.8181818181818182,,,
pilot_n20_v7_factuality_chase,gpt41_mini,generated,laysumm_elife_0028,eLife,28,16,Working memory performance is linked to large-scale brain synchronization across a right frontoparietal network activated by the task.,,,4,long_word_dense|hard_word_dense,18,115,6.388888888888889,4,0.2222222222222222,6,0.3333333333333333,,,
pilot_n20_v7_factuality_chase,gpt41_mini,generated,laysumm_elife_0028,eLife,28,17,This shows that brain wave timing across distant regions supports demanding memory tasks.,,,0,causal_or_inferential,13,76,5.846153846153846,0,0.0,2,0.15384615384615385,,,
pilot_n20_v7_factuality_chase,gpt41_mini,generated,laysumm_elife_0035,eLife,35,1,The granular retrosplenial cortex (RSG) is important for both spatial and non-spatial behaviors.,,,2,hard_word_dense,13,80,6.153846153846154,2,0.15384615384615385,5,0.38461538461538464,,,
pilot_n20_v7_factuality_chase,gpt41_mini,generated,laysumm_elife_0035,eLife,35,2,"The RSG is a brain area involved in different types of behaviors, including those related to space and other functions.",,,1,long_sentence,20,98,4.9,0,0.0,5,0.25,,,
pilot_n20_v7_factuality_chase,gpt41_mini,generated,laysumm_elife_0035,eLife,35,3,Researchers used optogenetic circuit mapping in mice to study parallel circuits in the superficial RSG.,,,2,long_word_dense,15,88,5.866666666666666,3,0.2,4,0.26666666666666666,,,
pilot_n20_v7_factuality_chase,gpt41_mini,generated,laysumm_elife_0035,eLife,35,4,This method activates neurons with light to measure how different brain areas connect to the RSG.,,,0,,16,81,5.0625,0,0.0,3,0.1875,,,
pilot_n20_v7_factuality_chase,gpt41_mini,generated,laysumm_elife_0035,eLife,35,5,The anterior thalamus and dorsal subiculum send spatial information that strongly activates low-rheobase (LR) neurons in the RSG.,,,2,hard_word_dense,18,108,6.0,2,0.1111111111111111,6,0.3333333333333333,,,
pilot_n20_v7_factuality_chase,gpt41_mini,generated,laysumm_elife_0035,eLife,35,6,LR neurons are a special type of pyramidal cell that respond strongly to these spatial inputs.,,,0,,16,78,4.875,0,0.0,1,0.0625,,,
pilot_n20_v7_factuality_chase,gpt41_mini,generated,laysumm_elife_0035,eLife,35,7,Nearby regular-spiking (RS) neurons in the RSG are mainly controlled by claustral and anterior cingulate inputs carrying mostly non-spatial information.,,,5,long_sentence|long_word_dense|hard_word_dense,20,128,6.4,4,0.2,6,0.3,,,
pilot_n20_v7_factuality_chase,gpt41_mini,generated,laysumm_elife_0035,eLife,35,8,RS neurons are a different type of pyramidal cell that respond to non-spatial signals.,,,0,,14,71,5.071428571428571,1,0.07142857142857142,3,0.21428571428571427,,,
pilot_n20_v7_factuality_chase,gpt41_mini,generated,laysumm_elife_0035,eLife,35,9,Precise layering of axons and dendrites in layer 1 of the RSG allows separate processing of spatial and non-spatial inputs.,,,1,long_sentence|number,20,101,5.05,2,0.1,5,0.25,,,
pilot_n20_v7_factuality_chase,gpt41_mini,generated,laysumm_elife_0035,eLife,35,10,This arrangement lets LR and RS neurons receive different input types without overlap.,,,2,hard_word_dense|negation_or_contrast,13,73,5.615384615384615,1,0.07692307692307693,4,0.3076923076923077,,,
pilot_n20_v7_factuality_chase,gpt41_mini,generated,laysumm_elife_0035,eLife,35,11,Thalamocortical synaptic dynamics let LR neurons compute head rotation speed from head direction inputs that do not encode speed.,,,3,long_sentence|hard_word_dense|negation_or_contrast,19,110,5.7894736842105265,1,0.05263157894736842,7,0.3684210526315789,,,
pilot_n20_v7_factuality_chase,gpt41_mini,generated,laysumm_elife_0035,eLife,35,12,The way these inputs weaken over time helps LR neurons turn direction signals into speed signals.,,,0,,16,81,5.0625,0,0.0,1,0.0625,,,
pilot_n20_v7_factuality_chase,gpt41_mini,generated,laysumm_elife_0035,eLife,35,13,These parallel input streams show that LR neurons are well positioned to support spatial orientation computations in the RSG.,,,1,long_sentence,19,106,5.578947368421052,3,0.15789473684210525,4,0.21052631578947367,,,
pilot_n20_v7_factuality_chase,gpt41_mini,generated,laysumm_elife_0035,eLife,35,14,LR neurons combine information about direction and speed to help with spatial orientation.,,,2,hard_word_dense,13,77,5.923076923076923,2,0.15384615384615385,4,0.3076923076923077,,,
pilot_n20_v7_factuality_chase,gpt41_mini,generated,laysumm_elife_0057,eLife,57,1,A stable number of petals helps ensure reliable display of reproductive organs and consistent cues for pollinators.,,,0,,17,98,5.764705882352941,3,0.17647058823529413,5,0.29411764705882354,,,
pilot_n20_v7_factuality_chase,gpt41_mini,generated,laysumm_elife_0057,eLife,57,2,"Petals open the flower and attract pollinators, so their number affects how flowers signal to insects.",,,0,,16,85,5.3125,1,0.0625,1,0.0625,,,
pilot_n20_v7_factuality_chase,gpt41_mini,generated,laysumm_elife_0057,eLife,57,3,Arabidopsis thaliana flowers consistently produce four petals across different genetic types.,,,4,long_word_dense|hard_word_dense,11,82,7.454545454545454,2,0.18181818181818182,6,0.5454545454545454,,,
pilot_n20_v7_factuality_chase,gpt41_mini,generated,laysumm_elife_0057,eLife,57,4,This shows that petal number is a robust trait in this species.,,,0,causal_or_inferential,12,51,4.25,0,0.0,0,0.0,,,
pilot_n20_v7_factuality_chase,gpt41_mini,generated,laysumm_elife_0057,eLife,57,5,"In contrast, the related species Cardamine hirsuta shows variation in petal number from zero to four.",,,0,,16,84,5.25,0,0.0,4,0.25,,,
pilot_n20_v7_factuality_chase,gpt41_mini,generated,laysumm_elife_0057,eLife,57,6,This means petal number is not stable in Cardamine hirsuta like it is in Arabidopsis thaliana.,,,0,negation_or_contrast,16,78,4.875,1,0.0625,4,0.25,,,
pilot_n20_v7_factuality_chase,gpt41_mini,generated,laysumm_elife_0057,eLife,57,7,Differences in the floral regulator gene APETALA1 explain why petal number is stable in Arabidopsis but variable in Cardamine hirsuta.,,,3,long_sentence|hard_word_dense|number,20,113,5.65,2,0.1,7,0.35,,,
pilot_n20_v7_factuality_chase,gpt41_mini,generated,laysumm_elife_0057,eLife,57,8,APETALA1 is a key gene controlling petal number robustness between these species.,,,0,number,12,68,5.666666666666667,2,0.16666666666666666,3,0.25,,,
pilot_n20_v7_factuality_chase,gpt41_mini,generated,laysumm_elife_0057,eLife,57,9,Arabidopsis thaliana APETALA1 makes petal number stable by hiding the effects of other genes that control petal number in Cardamine hirsuta.,,,1,long_sentence|number,21,118,5.619047619047619,1,0.047619047619047616,5,0.23809523809523808,,,
pilot_n20_v7_factuality_chase,gpt41_mini,generated,laysumm_elife_0057,eLife,57,10,These other genes are called quantitative trait loci and normally cause petal number to vary.,,,0,causal_or_inferential,15,78,5.2,1,0.06666666666666667,2,0.13333333333333333,,,
pilot_n20_v7_factuality_chase,gpt41_mini,generated,laysumm_elife_0057,eLife,57,11,The Cardamine hirsuta version of APETALA1 cannot replace the Arabidopsis version to stabilize petal number.,,,2,hard_word_dense|negation_or_contrast|number,15,91,6.066666666666666,1,0.06666666666666667,6,0.4,,,
pilot_n20_v7_factuality_chase,gpt41_mini,generated,laysumm_elife_0057,eLife,57,12,Differences in gene regulation regions of APETALA1 contribute to this failure.,,,4,long_word_dense|hard_word_dense|technical_density|number,11,66,6.0,3,0.2727272727272727,5,0.45454545454545453,,,
pilot_n20_v7_factuality_chase,gpt41_mini,generated,laysumm_elife_0057,eLife,57,13,Cardamine hirsuta keeps variable petal number even though natural genetic variation can produce four-petalled flowers.,,,2,hard_word_dense,15,102,6.8,1,0.06666666666666667,8,0.5333333333333333,,,
pilot_n20_v7_factuality_chase,gpt41_mini,generated,laysumm_elife_0057,eLife,57,14,This shows that genetic variation alone does not fix petal number in this species.,,,0,causal_or_inferential|negation_or_contrast,14,68,4.857142857142857,0,0.0,3,0.21428571428571427,,,
pilot_n20_v7_factuality_chase,gpt41_mini,generated,laysumm_elife_0062,eLife,62,1,Proper function and repair of the digestive system are vital to most animals.,,,0,,13,64,4.923076923076923,0,0.0,2,0.15384615384615385,,,
pilot_n20_v7_factuality_chase,gpt41_mini,generated,laysumm_elife_0062,eLife,62,2,"The digestive system is essential for animal survival, so its proper function and ability to repair damage are critical.",,,3,long_sentence|hard_word_dense,19,100,5.2631578947368425,0,0.0,7,0.3684210526315789,,,
pilot_n20_v7_factuality_chase,gpt41_mini,generated,laysumm_elife_0062,eLife,62,3,Understanding digestive system function and repair requires an atlas of gene expression and cell types.,,,0,technical_density,15,88,5.866666666666666,2,0.13333333333333333,4,0.26666666666666666,,,
pilot_n20_v7_factuality_chase,gpt41_mini,generated,laysumm_elife_0062,eLife,62,4,An atlas is a detailed map showing which genes are active in which cell types.,,,0,,15,63,4.2,0,0.0,2,0.13333333333333333,,,
pilot_n20_v7_factuality_chase,gpt41_mini,generated,laysumm_elife_0062,eLife,62,5,Laser-capture microdissection and RNA sequencing were used to study gene activity in the gut of the planarian Schmidtea mediterranea.,,,5,long_sentence|long_word_dense|hard_word_dense,19,113,5.947368421052632,4,0.21052631578947367,6,0.3157894736842105,,,
pilot_n20_v7_factuality_chase,gpt41_mini,generated,laysumm_elife_0062,eLife,62,6,"This flatworm can regenerate all organs, including the gut.",,,0,,9,49,5.444444444444445,1,0.1111111111111111,2,0.2222222222222222,,,
pilot_n20_v7_factuality_chase,gpt41_mini,generated,laysumm_elife_0062,eLife,62,7,Hundreds of genes active in the planarian intestine were found that previous methods had missed.,,,0,,15,81,5.4,0,0.0,3,0.2,,,
pilot_n20_v7_factuality_chase,gpt41_mini,generated,laysumm_elife_0062,eLife,62,8,This shows the method is more sensitive than earlier approaches.,,,0,,10,54,5.4,1,0.1,2,0.2,,,
pilot_n20_v7_factuality_chase,gpt41_mini,generated,laysumm_elife_0062,eLife,62,9,The digestive physiology and cell types of Schmidtea mediterranea are similar to those in humans and other animals.,,,0,,18,97,5.388888888888889,2,0.1111111111111111,5,0.2777777777777778,,,
pilot_n20_v7_factuality_chase,gpt41_mini,generated,laysumm_elife_0062,eLife,62,10,Many genes and cell types are conserved across species.,,,0,,9,46,5.111111111111111,0,0.0,1,0.1111111111111111,,,
pilot_n20_v7_factuality_chase,gpt41_mini,generated,laysumm_elife_0062,eLife,62,11,Spatial laser-capture microdissection revealed that gene expression varies across regions of the planarian intestine.,,,4,long_word_dense|hard_word_dense|technical_density,14,102,7.285714285714286,3,0.21428571428571427,6,0.42857142857142855,,,
pilot_n20_v7_factuality_chase,gpt41_mini,generated,laysumm_elife_0062,eLife,62,12,This regionalization is especially clear in intestinal goblet cells along the medio-lateral axis.,,,4,long_word_dense|hard_word_dense,13,83,6.384615384615385,4,0.3076923076923077,4,0.3076923076923077,,,
pilot_n20_v7_factuality_chase,gpt41_mini,generated,laysumm_elife_0062,eLife,62,13,"Two transcription factors, gli-1 and RREB2, control regeneration and maintenance of goblet cells in Schmidtea mediterranea.",,,2,long_word_dense|number,16,102,6.375,4,0.25,4,0.25,,,
pilot_n20_v7_factuality_chase,gpt41_mini,generated,laysumm_elife_0062,eLife,62,14,"Gli-1 regulates goblet cell regrowth, while RREB2 supports their survival.",,,0,number,10,60,6.0,0,0.0,2,0.2,,,
pilot_n20_v7_factuality_chase,gpt41_mini,generated,laysumm_elife_0062,eLife,62,15,"The planarian intestinal transcriptome and methods provide resources to study gut function, repair, and regeneration.",,,4,long_word_dense|hard_word_dense,15,100,6.666666666666667,3,0.2,6,0.4,,,
pilot_n20_v7_factuality_chase,gpt41_mini,generated,laysumm_elife_0062,eLife,62,16,These tools will support future research on digestive systems across animals.,,,0,,11,66,6.0,0,0.0,3,0.2727272727272727,,,
pilot_n20_v7_factuality_chase,gpt41_mini,generated,laysumm_elife_0070,eLife,70,1,Mitochondria need quality control to remove misfolded proteins and keep working properly.,,,2,hard_word_dense,12,77,6.416666666666667,1,0.08333333333333333,5,0.4166666666666667,,,
pilot_n20_v7_factuality_chase,gpt41_mini,generated,laysumm_elife_0070,eLife,70,2,Misfolded proteins can damage mitochondria and affect their essential functions.,,,2,hard_word_dense,10,70,7.0,1,0.1,4,0.4,,,
pilot_n20_v7_factuality_chase,gpt41_mini,generated,laysumm_elife_0070,eLife,70,3,Quality control pathways for misfolded mitochondrial proteins are not well understood.,,,4,long_word_dense|hard_word_dense|negation_or_contrast,11,75,6.818181818181818,2,0.18181818181818182,4,0.36363636363636365,,,
pilot_n20_v7_factuality_chase,gpt41_mini,generated,laysumm_elife_0070,eLife,70,4,"While cells remove misfolded proteins in general, how this happens in mitochondria is unclear.",,,0,,14,79,5.642857142857143,1,0.07142857142857142,4,0.2857142857142857,,,
pilot_n20_v7_factuality_chase,gpt41_mini,generated,laysumm_elife_0070,eLife,70,5,Researchers used temperature-sensitive mitochondrial outer membrane proteins in yeast as models to study quality control.,,,4,long_word_dense|hard_word_dense,15,105,7.0,3,0.2,5,0.3333333333333333,,,
pilot_n20_v7_factuality_chase,gpt41_mini,generated,laysumm_elife_0070,eLife,70,6,"These proteins unfold at higher temperatures, mimicking damaged proteins on mitochondria.",,,4,long_word_dense|hard_word_dense,11,77,7.0,2,0.18181818181818182,4,0.36363636363636365,,,
pilot_n20_v7_factuality_chase,gpt41_mini,generated,laysumm_elife_0070,eLife,70,7,The damaged proteins sen2-1HAts and sam35-2HAts are broken down at the mitochondrial outer membrane by the ubiquitin-proteasome system.,,,0,number,18,109,6.055555555555555,2,0.1111111111111111,4,0.2222222222222222,,,
pilot_n20_v7_factuality_chase,gpt41_mini,generated,laysumm_elife_0070,eLife,70,8,The cell tags these proteins with ubiquitin to mark them for destruction by the proteasome.,,,0,,15,76,5.066666666666666,2,0.13333333333333333,3,0.2,,,
pilot_n20_v7_factuality_chase,gpt41_mini,generated,laysumm_elife_0070,eLife,70,9,"The ubiquitin ligase Ubr1 tags sen2-1HAts, while San1 tags sam35-2HAts for degradation.",,,0,number,12,65,5.416666666666667,1,0.08333333333333333,3,0.25,,,
pilot_n20_v7_factuality_chase,gpt41_mini,generated,laysumm_elife_0070,eLife,70,10,These enzymes attach ubiquitin to the damaged proteins to signal their removal.,,,2,hard_word_dense,12,67,5.583333333333333,0,0.0,4,0.3333333333333333,,,
pilot_n20_v7_factuality_chase,gpt41_mini,generated,laysumm_elife_0070,eLife,70,11,Chaperone proteins from the SSA family and Hsp40 Sis1 are needed to degrade both damaged mitochondrial proteins.,,,0,number,17,92,5.411764705882353,1,0.058823529411764705,5,0.29411764705882354,,,
pilot_n20_v7_factuality_chase,gpt41_mini,generated,laysumm_elife_0070,eLife,70,12,Chaperones help recognize misfolded proteins and assist in their tagging for destruction.,,,2,hard_word_dense,12,77,6.416666666666667,2,0.16666666666666666,4,0.3333333333333333,,,
pilot_n20_v7_factuality_chase,gpt41_mini,generated,laysumm_elife_0070,eLife,70,13,"The Cdc48-Npl4-Ufd1 complex, Doa1, and the mitochondrial adaptor Ubx2 help remove these damaged proteins from the membrane.",,,0,number,17,96,5.647058823529412,1,0.058823529411764705,5,0.29411764705882354,,,
pilot_n20_v7_factuality_chase,gpt41_mini,generated,laysumm_elife_0070,eLife,70,14,These protein machines extract tagged proteins to deliver them to the proteasome.,,,0,,12,69,5.75,1,0.08333333333333333,3,0.25,,,
pilot_n20_v7_factuality_chase,gpt41_mini,generated,laysumm_elife_0070,eLife,70,15,This study defines a unique mitochondrial quality control pathway using both cytosolic and mitochondrial factors.,,,2,hard_word_dense,15,98,6.533333333333333,2,0.13333333333333333,6,0.4,,,
pilot_n20_v7_factuality_chase,gpt41_mini,generated,laysumm_elife_0070,eLife,70,16,This pathway is different from other cellular quality control systems and works at the mitochondrial outer membrane.,,,0,,17,99,5.823529411764706,1,0.058823529411764705,5,0.29411764705882354,,,
pilot_n20_v7_factuality_chase,gpt41_mini,generated,laysumm_elife_0163,eLife,163,1,MicroRNAs are small RNAs that regulate gene expression after transcription; miR-9 is abundant in the brain.,,,2,hard_word_dense|technical_density|number,16,88,5.5,2,0.125,5,0.3125,,,
pilot_n20_v7_factuality_chase,gpt41_mini,generated,laysumm_elife_0163,eLife,163,2,Posttranscriptional regulation means controlling gene activity after RNA is made from DNA. miR-9’s role in dendritic and synaptic development is not well understood despite its known function in early neurons.,,,2,long_sentence|very_long_sentence|technical_density|negation_or_contrast|number,31,175,5.645161290322581,5,0.16129032258064516,9,0.2903225806451613,,,
pilot_n20_v7_factuality_chase,gpt41_mini,generated,laysumm_elife_0163,eLife,163,3,Dendrites and synapses are parts of neurons that connect and communicate with other cells.,,,0,,14,76,5.428571428571429,1,0.07142857142857142,3,0.21428571428571427,,,
pilot_n20_v7_factuality_chase,gpt41_mini,generated,laysumm_elife_0163,eLife,163,4,Researchers created a transgenic mouse with a miRNA sponge to block miR-9 in specific brain areas and times.,,,0,number,18,88,4.888888888888889,2,0.1111111111111111,3,0.16666666666666666,,,
pilot_n20_v7_factuality_chase,gpt41_mini,generated,laysumm_elife_0163,eLife,163,5,A miRNA sponge is a genetic tool that binds and inactivates miR-9 molecules.,,,0,number,13,61,4.6923076923076925,1,0.07692307692307693,3,0.23076923076923078,,,
pilot_n20_v7_factuality_chase,gpt41_mini,generated,laysumm_elife_0163,eLife,163,6,Blocking miR-9 in mice reduced dendritic growth and changed synaptic transmission in living neurons.,,,0,number,14,84,6.0,1,0.07142857142857142,4,0.2857142857142857,,,
pilot_n20_v7_factuality_chase,gpt41_mini,generated,laysumm_elife_0163,eLife,163,7,"Synaptic transmission is the process of sending signals between neurons. miR-9 lowers levels of REST, a protein that represses gene activity, to allow normal dendritic growth.",,,2,long_sentence|very_long_sentence|number,26,144,5.538461538461538,1,0.038461538461538464,5,0.19230769230769232,,,
pilot_n20_v7_factuality_chase,gpt41_mini,generated,laysumm_elife_0163,eLife,163,8,REST is a transcriptional repressor that blocks genes needed for dendrite development.,,,2,hard_word_dense|technical_density,12,74,6.166666666666667,2,0.16666666666666666,4,0.3333333333333333,,,
pilot_n20_v7_factuality_chase,gpt41_mini,generated,laysumm_elife_0163,eLife,163,9,Elevated REST protein levels were found in neurons where miR-9 was blocked.,,,0,number,12,61,5.083333333333333,0,0.0,1,0.08333333333333333,,,
pilot_n20_v7_factuality_chase,gpt41_mini,generated,laysumm_elife_0163,eLife,163,10,This increase in REST is linked to the observed defects in dendritic growth.,,,0,,13,63,4.846153846153846,0,0.0,3,0.23076923076923078,,,
pilot_n20_v7_factuality_chase,gpt41_mini,generated,laysumm_elife_0188,eLife,188,1,Vector-borne disease transmission peaks at intermediate temperatures and drops at high and low temperatures.,,,4,long_word_dense|hard_word_dense,14,93,6.642857142857143,5,0.35714285714285715,6,0.42857142857142855,,,
pilot_n20_v7_factuality_chase,gpt41_mini,generated,laysumm_elife_0188,eLife,188,2,Mosquitoes spread diseases best when it is not too cold or too hot because their survival and reproduction decline outside this range.,,,3,long_sentence|hard_word_dense|causal_or_inferential|negation_or_contrast,22,112,5.090909090909091,2,0.09090909090909091,7,0.3181818181818182,,,
pilot_n20_v7_factuality_chase,gpt41_mini,generated,laysumm_elife_0188,eLife,188,3,We built a mechanistic model to study how temperature affects Ross River virus spread in Australia and the Pacific Islands.,,,1,long_sentence,20,103,5.15,2,0.1,4,0.2,,,
pilot_n20_v7_factuality_chase,gpt41_mini,generated,laysumm_elife_0188,eLife,188,4,The model uses temperature effects on mosquitoes and the virus to predict transmission patterns.,,,2,long_word_dense,14,82,5.857142857142857,3,0.21428571428571427,3,0.21428571428571427,,,
pilot_n20_v7_factuality_chase,gpt41_mini,generated,laysumm_elife_0188,eLife,188,5,Ross River virus transmission peaks at 26.4°C and stops below 17.0°C or above 31.5°C.,,,1,long_sentence|number,20,56,2.8,1,0.05,2,0.1,,,
pilot_n20_v7_factuality_chase,gpt41_mini,generated,laysumm_elife_0188,eLife,188,6,These temperatures mark the thermal limits where the virus can no longer spread.,,,0,negation_or_contrast,13,67,5.153846153846154,1,0.07692307692307693,1,0.07692307692307693,,,
pilot_n20_v7_factuality_chase,gpt41_mini,generated,laysumm_elife_0188,eLife,188,7,The optimal temperature is largely determined by adult mosquito lifespan.,,,4,long_word_dense|hard_word_dense,10,63,6.3,2,0.2,6,0.6,,,
pilot_n20_v7_factuality_chase,gpt41_mini,generated,laysumm_elife_0188,eLife,188,8,The model predicts year-round virus spread in tropical regions and seasonal spread in temperate areas.,,,0,,15,86,5.733333333333333,0,0.0,3,0.2,,,
pilot_n20_v7_factuality_chase,gpt41_mini,generated,laysumm_elife_0188,eLife,188,9,This matches the seasonal peak in human cases seen across Australia.,,,0,,11,57,5.181818181818182,0,0.0,2,0.18181818181818182,,,
pilot_n20_v7_factuality_chase,gpt41_mini,generated,laysumm_elife_0188,eLife,188,10,"Temperature suitability varies seasonally, forcing transmission to zero part of the year in temperate zones.",,,4,long_word_dense|hard_word_dense,15,92,6.133333333333334,4,0.26666666666666666,5,0.3333333333333333,,,
pilot_n20_v7_factuality_chase,gpt41_mini,generated,laysumm_elife_0188,eLife,188,11,Climate warming will likely increase virus transmission in temperate areas but decrease it in tropical areas near the thermal optimum.,,,3,long_sentence|hard_word_dense|hedged,20,114,5.7,1,0.05,8,0.4,,,
pilot_n20_v7_factuality_chase,gpt41_mini,generated,laysumm_elife_0188,eLife,188,12,Most Australians live in temperate zones where warming makes conditions better for spread.,,,0,,13,77,5.923076923076923,2,0.15384615384615385,3,0.23076923076923078,,,
pilot_n20_v7_factuality_chase,gpt41_mini,generated,laysumm_elife_0188,eLife,188,13,"In tropical areas, warming may push temperatures above the upper thermal limit for much of the year.",,,0,hedged,17,82,4.823529411764706,1,0.058823529411764705,3,0.17647058823529413,,,
pilot_n20_v7_factuality_chase,gpt41_mini,generated,laysumm_elife_0188,eLife,188,14,Nonlinear models are needed because small temperature changes can increase or decrease virus spread depending on current temperatures.,,,2,hard_word_dense|causal_or_inferential,18,116,6.444444444444445,2,0.1111111111111111,7,0.3888888888888889,,,
pilot_n20_v7_factuality_chase,gpt41_mini,generated,laysumm_elife_0188,eLife,188,15,"The effect of warming varies along the thermal response curve of transmission, causing positive, negligible, or negative impacts on spread.",,,1,long_sentence,20,116,5.8,2,0.1,5,0.25,,,
pilot_n20_v7_factuality_chase,gpt41_mini,generated,laysumm_elife_0189,eLife,189,1,"Motor cortical beta oscillations are brain waves seen in motor cortex, but their behavioral correlates remain unclear.",,,0,technical_density,17,100,5.882352941176471,3,0.17647058823529413,4,0.23529411764705882,,,
pilot_n20_v7_factuality_chase,gpt41_mini,generated,laysumm_elife_0189,eLife,189,2,These oscillations have been reported for decades without a clear link to specific behaviors.,,,2,hard_word_dense|negation_or_contrast,14,79,5.642857142857143,1,0.07142857142857142,5,0.35714285714285715,,,
pilot_n20_v7_factuality_chase,gpt41_mini,generated,laysumm_elife_0189,eLife,189,3,Three macaque monkeys were trained to control their motor cortical beta oscillations using a neurofeedback task before reaching with their arm.,,,1,long_sentence,21,122,5.809523809523809,2,0.09523809523809523,5,0.23809523809523808,,,
pilot_n20_v7_factuality_chase,gpt41_mini,generated,laysumm_elife_0189,eLife,189,4,Neurofeedback means the monkeys learned to change their brain waves by watching a cursor linked to beta power.,,,0,,18,92,5.111111111111111,1,0.05555555555555555,1,0.05555555555555555,,,
pilot_n20_v7_factuality_chase,gpt41_mini,generated,laysumm_elife_0189,eLife,189,5,Monkeys adjusted their beta oscillatory power to target levels before performing arm-reaching movements.,,,4,long_word_dense|hard_word_dense,13,90,6.923076923076923,3,0.23076923076923078,6,0.46153846153846156,,,
pilot_n20_v7_factuality_chase,gpt41_mini,generated,laysumm_elife_0189,eLife,189,6,"They held the beta power steady to move a cursor, then reached to get a reward.",,,0,,16,62,3.875,0,0.0,0,0.0,,,
pilot_n20_v7_factuality_chase,gpt41_mini,generated,laysumm_elife_0189,eLife,189,7,"Lower beta power before reaching was linked to faster movement starts, while higher beta power slowed movement onset.",,,0,,18,98,5.444444444444445,0,0.0,3,0.16666666666666666,,,
pilot_n20_v7_factuality_chase,gpt41_mini,generated,laysumm_elife_0189,eLife,189,8,This effect was consistent across all three monkeys and across trials.,,,0,,11,59,5.363636363636363,1,0.09090909090909091,1,0.09090909090909091,,,
pilot_n20_v7_factuality_chase,gpt41_mini,generated,laysumm_elife_0189,eLife,189,9,"Neural population activity patterns moved farther from movement onset states during beta oscillations, whether induced or natural.",,,2,hard_word_dense|technical_density,17,112,6.588235294117647,2,0.11764705882352941,6,0.35294117647058826,,,
pilot_n20_v7_factuality_chase,gpt41_mini,generated,laysumm_elife_0189,eLife,189,10,This means neurons were in a state less ready to start moving during high beta periods.,,,0,,16,71,4.4375,0,0.0,0,0.0,,,
pilot_n20_v7_factuality_chase,gpt41_mini,generated,laysumm_elife_0189,eLife,189,11,Beta oscillations in motor cortex correspond to neural patterns that slow the start of movement.,,,0,,15,81,5.4,2,0.13333333333333333,3,0.2,,,
pilot_n20_v7_factuality_chase,gpt41_mini,generated,laysumm_elife_0189,eLife,189,12,This provides a neural basis for why movement onset is delayed after beta activity.,,,0,,14,69,4.928571428571429,0,0.0,3,0.21428571428571427,,,
pilot_n20_v7_factuality_chase,gpt41_mini,generated,laysumm_plos_0051,PLOS,51,1,"Some viruses like Marburg, KSHV, and Dengue use Nrf2 to help infection, but HIV is blocked by Nrf2 activation.",,,1,long_sentence|number,19,86,4.526315789473684,1,0.05263157894736842,3,0.15789473684210525,,,
pilot_n20_v7_factuality_chase,gpt41_mini,generated,laysumm_plos_0051,PLOS,51,2,"Before this study, the effect of Nrf2 activation on HIV infection was unknown.",,,0,number,13,63,4.846153846153846,1,0.07692307692307693,3,0.23076923076923078,,,
pilot_n20_v7_factuality_chase,gpt41_mini,generated,laysumm_plos_0051,PLOS,51,3,"Sulforaphane (SFN), found in cruciferous vegetables, activates Nrf2 and changes cell gene expression.",,,4,long_word_dense|hard_word_dense|technical_density|number,13,83,6.384615384615385,4,0.3076923076923077,5,0.38461538461538464,,,
pilot_n20_v7_factuality_chase,gpt41_mini,generated,laysumm_plos_0051,PLOS,51,4,"SFN is produced when these vegetables are damaged, triggering Nrf2 inside cells.",,,2,hard_word_dense|number,12,66,5.5,2,0.16666666666666666,5,0.4166666666666667,,,
pilot_n20_v7_factuality_chase,gpt41_mini,generated,laysumm_plos_0051,PLOS,51,5,SFN blocks HIV infection in primary macrophages but not in primary T cells.,,,2,hard_word_dense|negation_or_contrast,13,62,4.769230769230769,1,0.07692307692307693,4,0.3076923076923077,,,
pilot_n20_v7_factuality_chase,gpt41_mini,generated,laysumm_plos_0051,PLOS,51,6,Macrophages and T cells are different types of immune cells targeted by HIV.,,,2,hard_word_dense,13,63,4.846153846153846,1,0.07692307692307693,4,0.3076923076923077,,,
pilot_n20_v7_factuality_chase,gpt41_mini,generated,laysumm_plos_0051,PLOS,51,7,Removing Nrf2 increases HIV infection in macrophages and reduces SFN’s antiviral effect.,,,2,hard_word_dense|number,13,74,5.6923076923076925,1,0.07692307692307693,6,0.46153846153846156,,,
pilot_n20_v7_factuality_chase,gpt41_mini,generated,laysumm_plos_0051,PLOS,51,8,This shows Nrf2 is needed for SFN to block HIV in these cells.,,,0,number,13,48,3.6923076923076925,0,0.0,0,0.0,,,
pilot_n20_v7_factuality_chase,gpt41_mini,generated,laysumm_plos_0051,PLOS,51,9,SFN blocks HIV after the virus enters macrophages but before viral DNA forms 2-LTR circles.,,,0,number,15,74,4.933333333333334,1,0.06666666666666667,2,0.13333333333333333,,,
pilot_n20_v7_factuality_chase,gpt41_mini,generated,laysumm_plos_0051,PLOS,51,10,2-LTR circles are a step before the virus inserts its DNA into the cell genome.,,,0,number,15,62,4.133333333333334,0,0.0,2,0.13333333333333333,,,
pilot_n20_v7_factuality_chase,gpt41_mini,generated,laysumm_plos_0051,PLOS,51,11,SFN does not increase known antiviral proteins SAMHD1 or MX2 during HIV inhibition.,,,0,negation_or_contrast|number,13,68,5.230769230769231,1,0.07692307692307693,3,0.23076923076923078,,,
pilot_n20_v7_factuality_chase,gpt41_mini,generated,laysumm_plos_0051,PLOS,51,12,This means SFN blocks HIV by a different method than these proteins.,,,0,,12,56,4.666666666666667,0,0.0,1,0.08333333333333333,,,
pilot_n20_v7_factuality_chase,gpt41_mini,generated,laysumm_plos_0051,PLOS,51,13,"Activating Nrf2 can strongly block HIV infection, revealing a new antiviral mechanism.",,,2,hard_word_dense|technical_density|number,12,72,6.0,1,0.08333333333333333,5,0.4166666666666667,,,
pilot_n20_v7_factuality_chase,gpt41_mini,generated,laysumm_plos_0178,PLOS,178,1,Aedes-borne arboviruses such as dengue and Zika continue to cause epidemics worldwide.,,,2,hard_word_dense|causal_or_inferential,12,73,6.083333333333333,2,0.16666666666666666,5,0.4166666666666667,,,
pilot_n20_v7_factuality_chase,gpt41_mini,generated,laysumm_plos_0178,PLOS,178,2,"In the Dominican Republic, a large dengue epidemic was followed closely by Zika virus cases, allowing study of their different transmission drivers.",,,3,long_sentence|hard_word_dense,22,124,5.636363636363637,1,0.045454545454545456,8,0.36363636363636365,,,
pilot_n20_v7_factuality_chase,gpt41_mini,generated,laysumm_plos_0178,PLOS,178,3,"Researchers used retrospective surveillance data to analyze national outbreaks of dengue, Zika, and Guillain-Barre syndrome.",,,4,long_word_dense|hard_word_dense,15,106,7.066666666666666,4,0.26666666666666666,7,0.4666666666666667,,,
pilot_n20_v7_factuality_chase,gpt41_mini,generated,laysumm_plos_0178,PLOS,178,4,Retrospective data means looking back at already collected health records.,,,2,hard_word_dense,10,64,6.4,1,0.1,3,0.3,,,
pilot_n20_v7_factuality_chase,gpt41_mini,generated,laysumm_plos_0178,PLOS,178,5,"Dengue cases mostly occurred in people under 20 years old, while Zika infections were spread more evenly across ages.",,,1,long_sentence|number,19,95,5.0,1,0.05263157894736842,3,0.15789473684210525,,,
pilot_n20_v7_factuality_chase,gpt41_mini,generated,laysumm_plos_0178,PLOS,178,6,Dengue attack rates were slightly higher in males than females in the Dominican Republic.,,,0,,14,75,5.357142857142857,0,0.0,3,0.21428571428571427,,,
pilot_n20_v7_factuality_chase,gpt41_mini,generated,laysumm_plos_0178,PLOS,178,7,"Attack rate means the number of cases per 10,000 people.",,,0,number,11,40,3.6363636363636362,0,0.0,0,0.0,,,
pilot_n20_v7_factuality_chase,gpt41_mini,generated,laysumm_plos_0178,PLOS,178,8,"Zika infections were much more common in females, with 73.8% of cases and higher age-adjusted attack rates than males.",,,1,long_sentence|number,20,92,4.6,2,0.1,3,0.15,,,
pilot_n20_v7_factuality_chase,gpt41_mini,generated,laysumm_plos_0178,PLOS,178,9,Age-adjusted rates account for differences in age distribution between sexes.,,,4,long_word_dense|hard_word_dense,10,66,6.6,3,0.3,3,0.3,,,
pilot_n20_v7_factuality_chase,gpt41_mini,generated,laysumm_plos_0178,PLOS,178,10,"The basic reproduction number (R0) for Zika was higher in females (1.84) than males (1.72), indicating greater transmission potential among women.",,,1,long_sentence|hedged|number,23,109,4.739130434782608,3,0.13043478260869565,5,0.21739130434782608,,,
pilot_n20_v7_factuality_chase,gpt41_mini,generated,laysumm_plos_0178,PLOS,178,11,R0 measures how many people one infected person can infect on average.,,,0,number,12,57,4.75,0,0.0,3,0.25,,,
pilot_n20_v7_factuality_chase,gpt41_mini,generated,laysumm_plos_0178,PLOS,178,12,"Guillain-Barre syndrome attack rates were slightly higher in males (0.62 per 10,000) than females (0.57 per 10,000) during the Zika outbreak.",,,2,long_sentence|very_long_sentence|number,25,95,3.8,1,0.04,3,0.12,,,
pilot_n20_v7_factuality_chase,gpt41_mini,generated,laysumm_plos_0178,PLOS,178,13,Guillain-Barre syndrome is a nerve disease linked to Zika infection.,,,2,hard_word_dense,10,57,5.7,1,0.1,4,0.4,,,
pilot_n20_v7_factuality_chase,gpt41_mini,generated,laysumm_plos_0178,PLOS,178,14,Existing dengue immunity appears to have little effect on Zika attack rates at the population level.,,,0,technical_density,16,84,5.25,1,0.0625,3,0.1875,,,
pilot_n20_v7_factuality_chase,gpt41_mini,generated,laysumm_plos_0178,PLOS,178,15,"Community awareness campaigns likely caused increased reporting of Zika infections among women of reproductive age, though biological susceptibility cannot be excluded.",,,5,long_sentence|long_word_dense|hard_word_dense|hedged|causal_or_inferential|negation_or_contrast,21,146,6.9523809523809526,4,0.19047619047619047,10,0.47619047619047616,,,
pilot_n20_v7_factuality_chase,gpt41_mini,generated,laysumm_plos_0178,PLOS,178,16,Health campaigns may have made women more likely to seek care and get diagnosed.,,,0,hedged,14,66,4.714285714285714,0,0.0,2,0.14285714285714285,,,
pilot_n20_v7_factuality_chase,gpt41_mini,generated,laysumm_plos_0178,PLOS,178,17,Media campaigns and screening are recommended for women of reproductive age during Zika outbreaks.,,,0,,14,84,6.0,2,0.14285714285714285,2,0.14285714285714285,,,
pilot_n20_v7_factuality_chase,gpt41_mini,generated,laysumm_plos_0209,PLOS,209,1,"When nitrogen is scarce, Anabaena filaments form a one-dimensional pattern of nitrogen-fixing heterocysts spaced by about ten photosynthetic vegetative cells.",,,5,long_sentence|long_word_dense|hard_word_dense,20,135,6.75,5,0.25,8,0.4,,,
pilot_n20_v7_factuality_chase,gpt41_mini,generated,laysumm_plos_0209,PLOS,209,2,"Heterocysts are specialized cells that fix nitrogen, while vegetative cells perform photosynthesis.",,,4,long_word_dense|hard_word_dense,12,86,7.166666666666667,4,0.3333333333333333,5,0.4166666666666667,,,
pilot_n20_v7_factuality_chase,gpt41_mini,generated,laysumm_plos_0209,PLOS,209,3,"The HetR protein, essential for heterocyst formation, was studied using a chromosomal hetR-gfp fusion to track its gene expression under both nitrogen-rich and nitrogen-poor conditions.",,,6,long_sentence|very_long_sentence|long_word_dense|hard_word_dense|technical_density,25,155,6.2,6,0.24,8,0.32,,,
pilot_n20_v7_factuality_chase,gpt41_mini,generated,laysumm_plos_0209,PLOS,209,4,The hetR-gfp fusion produces a fluorescent signal that shows HetR activity in individual cells.,,,0,,14,80,5.714285714285714,2,0.14285714285714285,4,0.2857142857142857,,,
pilot_n20_v7_factuality_chase,gpt41_mini,generated,laysumm_plos_0209,PLOS,209,5,"Expression fluctuations of hetR are linked between nearby cells along Anabaena filaments, with this coupling extending over about two to three cells.",,,1,long_sentence|technical_density,22,126,5.7272727272727275,2,0.09090909090909091,5,0.22727272727272727,,,
pilot_n20_v7_factuality_chase,gpt41_mini,generated,laysumm_plos_0209,PLOS,209,6,This means cells close to each other show similar patterns of HetR activity.,,,0,,13,63,4.846153846153846,0,0.0,2,0.15384615384615385,,,
pilot_n20_v7_factuality_chase,gpt41_mini,generated,laysumm_plos_0209,PLOS,209,7,These linked expression patterns mainly result from molecules moving between cells rather than from recent cell division.,,,0,technical_density,17,104,6.117647058823529,1,0.058823529411764705,3,0.17647058823529413,,,
pilot_n20_v7_factuality_chase,gpt41_mini,generated,laysumm_plos_0209,PLOS,209,8,Intercellular molecular transfer allows cells to share regulatory signals affecting HetR levels.,,,2,hard_word_dense,12,84,7.0,2,0.16666666666666666,4,0.3333333333333333,,,
pilot_n20_v7_factuality_chase,gpt41_mini,generated,laysumm_plos_0209,PLOS,209,9,"Even under nitrogen-rich conditions, HetR expression fluctuates due to developmental controls and forms clusters that grow after nitrogen removal before resolving into single heterocysts.",,,5,long_sentence|long_word_dense|hard_word_dense|technical_density,24,161,6.708333333333333,6,0.25,10,0.4166666666666667,,,
pilot_n20_v7_factuality_chase,gpt41_mini,generated,laysumm_plos_0209,PLOS,209,10,Clusters are groups of cells with linked HetR activity that precede the formation of individual heterocysts.,,,2,hard_word_dense,16,92,5.75,2,0.125,5,0.3125,,,
pilot_n20_v7_factuality_chase,gpt41_mini,generated,laysumm_plos_0209,PLOS,209,11,"Under nitrogen-rich conditions, the HetR inhibitor PatS, cell communication via the septal protein SepJ, and HetR’s positive feedback regulate hetR expression fluctuations along filaments.",,,6,long_sentence|very_long_sentence|long_word_dense|hard_word_dense|technical_density,25,159,6.36,5,0.2,9,0.36,,,
pilot_n20_v7_factuality_chase,gpt41_mini,generated,laysumm_plos_0209,PLOS,209,12,"PatS and HetN inhibit heterocyst formation at early and later stages, respectively, while septal proteins SepJ and FraC/FraD differ in how they affect cell communication and hetR expression.",,,2,long_sentence|very_long_sentence|technical_density,29,159,5.482758620689655,4,0.13793103448275862,6,0.20689655172413793,,,
pilot_n20_v7_factuality_chase,gpt41_mini,generated,laysumm_plos_0209,PLOS,209,13,"Proteins that activate, inhibit, and enable cell communication work with natural gene expression randomness to control coupled fluctuations that create the one-dimensional pattern in Anabaena filaments.",,,6,long_sentence|very_long_sentence|long_word_dense|hard_word_dense|technical_density,26,173,6.653846153846154,5,0.19230769230769232,11,0.4230769230769231,,,
pilot_n20_v7_factuality_chase,gpt41_mini,generated,laysumm_plos_0228,PLOS,228,1,Humans can learn and store multiple visuomotor mappings when feedback for each mapping is given alternately.,,,0,,16,92,5.75,2,0.125,3,0.1875,,,
pilot_n20_v7_factuality_chase,gpt41_mini,generated,laysumm_plos_0228,PLOS,228,2,Visuomotor mappings are ways the brain links visual input to hand movements.,,,0,,12,64,5.333333333333333,1,0.08333333333333333,2,0.16666666666666666,,,
pilot_n20_v7_factuality_chase,gpt41_mini,generated,laysumm_plos_0228,PLOS,228,3,People use learned context cues to switch between different stored visuomotor mappings.,,,0,,12,75,6.25,1,0.08333333333333333,2,0.16666666666666666,,,
pilot_n20_v7_factuality_chase,gpt41_mini,generated,laysumm_plos_0228,PLOS,228,4,Context cues are signals from the environment that help select the right movement pattern.,,,0,,14,76,5.428571428571429,1,0.07142857142857142,2,0.14285714285714285,,,
pilot_n20_v7_factuality_chase,gpt41_mini,generated,laysumm_plos_0228,PLOS,228,5,It is unclear how associative learning between cues and visuomotor mappings generalises to new but similar conditions.,,,2,long_word_dense,17,101,5.9411764705882355,4,0.23529411764705882,5,0.29411764705882354,,,
pilot_n20_v7_factuality_chase,gpt41_mini,generated,laysumm_plos_0228,PLOS,228,6,Generalisation means applying learned movements to new situations with related cues.,,,4,long_word_dense|hard_word_dense,11,73,6.636363636363637,2,0.18181818181818182,4,0.36363636363636365,,,
pilot_n20_v7_factuality_chase,gpt41_mini,generated,laysumm_plos_0228,PLOS,228,7,Participants performed a rapid target-pointing task with visual feedback offsets that depended on the target's shape.,,,0,technical_density,16,99,6.1875,2,0.125,4,0.25,,,
pilot_n20_v7_factuality_chase,gpt41_mini,generated,laysumm_plos_0228,PLOS,228,8,"The feedback was shifted sideways, forcing different movements for different shapes.",,,2,hard_word_dense,11,72,6.545454545454546,0,0.0,4,0.36363636363636365,,,
pilot_n20_v7_factuality_chase,gpt41_mini,generated,laysumm_plos_0228,PLOS,228,9,Target shapes formed a continuous set morphed between spiky and circular shapes.,,,0,,12,68,5.666666666666667,1,0.08333333333333333,2,0.16666666666666666,,,
pilot_n20_v7_factuality_chase,gpt41_mini,generated,laysumm_plos_0228,PLOS,228,10,This created a smooth range of shape cues linked to different movements.,,,0,,12,60,5.0,0,0.0,2,0.16666666666666666,,,
pilot_n20_v7_factuality_chase,gpt41_mini,generated,laysumm_plos_0228,PLOS,228,11,"After training, participants were tested without feedback on novel target shapes they had not seen before.",,,0,technical_density|negation_or_contrast,16,89,5.5625,1,0.0625,2,0.125,,,
pilot_n20_v7_factuality_chase,gpt41_mini,generated,laysumm_plos_0228,PLOS,228,12,This tested how well they could generalise learned movements to new shapes.,,,0,hedged,12,63,5.25,1,0.08333333333333333,2,0.16666666666666666,,,
pilot_n20_v7_factuality_chase,gpt41_mini,generated,laysumm_plos_0228,PLOS,228,13,The study compared an explicit linear generalisation hypothesis with an implicit Bayesian learning model predicting categorisation-like generalisation.,,,4,long_word_dense|hard_word_dense,17,133,7.823529411764706,5,0.29411764705882354,8,0.47058823529411764,,,
pilot_n20_v7_factuality_chase,gpt41_mini,generated,laysumm_plos_0228,PLOS,228,14,The Bayesian model assumes people choose the closest learned movement rather than a smooth rule.,,,0,,15,81,5.4,0,0.0,2,0.13333333333333333,,,
pilot_n20_v7_factuality_chase,gpt41_mini,generated,laysumm_plos_0228,PLOS,228,15,Participants needed explicit awareness of the cue's role to learn and applied the mapping of the trained shape most similar to the current one.,,,1,long_sentence|technical_density,24,118,4.916666666666667,1,0.041666666666666664,4,0.16666666666666666,,,
pilot_n20_v7_factuality_chase,gpt41_mini,generated,laysumm_plos_0228,PLOS,228,16,"The Bayesian learning model predicted that learning slows down as the number of training pairs increases, which the results confirmed.",,,1,long_sentence,20,113,5.65,0,0.0,3,0.15,,,
pilot_n20_v7_factuality_chase,gpt41_mini,generated,laysumm_plos_0228,PLOS,228,17,The Bayesian learning model matches the data and offers a possible mechanism for learning multiple visuomotor mappings simultaneously.,,,0,technical_density,18,116,6.444444444444445,2,0.1111111111111111,5,0.2777777777777778,,,
pilot_n20_v7_factuality_chase,gpt41_mini,generated,laysumm_plos_0285,PLOS,285,1,Vertical control and elimination programs targeting specific neglected tropical diseases can reduce infection prevalence and intensity.,,,2,hard_word_dense,16,119,7.4375,2,0.125,11,0.6875,,,
pilot_n20_v7_factuality_chase,gpt41_mini,generated,laysumm_plos_0285,PLOS,285,2,Many NTD-endemic countries lack baseline data needed to start or expand control programs.,,,0,,13,75,5.769230769230769,1,0.07692307692307693,2,0.15384615384615385,,,
pilot_n20_v7_factuality_chase,gpt41_mini,generated,laysumm_plos_0285,PLOS,285,3,Baseline data are basic information needed for planning and advocacy.,,,2,hard_word_dense,10,59,5.9,1,0.1,3,0.3,,,
pilot_n20_v7_factuality_chase,gpt41_mini,generated,laysumm_plos_0285,PLOS,285,4,"Because neglected tropical diseases often overlap geographically, integrated mapping can save resources and improve efficiency.",,,4,long_word_dense|hard_word_dense|causal_or_inferential,15,111,7.4,3,0.2,10,0.6666666666666666,,,
pilot_n20_v7_factuality_chase,gpt41_mini,generated,laysumm_plos_0285,PLOS,285,5,"A new integrated mapping protocol called Integrated Threshold Mapping (ITM) was developed for four NTDs: lymphatic filariasis, trachoma, schistosomiasis, and soil-transmitted helminths.",,,5,long_sentence|long_word_dense|hard_word_dense,22,156,7.090909090909091,5,0.22727272727272727,9,0.4090909090909091,,,
pilot_n20_v7_factuality_chase,gpt41_mini,generated,laysumm_plos_0285,PLOS,285,6,The ITM protocol is resource-efficient and determines if disease levels have reached thresholds for public health interventions.,,,2,long_word_dense|technical_density,17,110,6.470588235294118,4,0.23529411764705882,5,0.29411764705882354,,,
pilot_n20_v7_factuality_chase,gpt41_mini,generated,laysumm_plos_0285,PLOS,285,7,Thresholds indicate when action is needed in a specific area called an implementation unit.,,,0,,14,77,5.5,2,0.14285714285714285,3,0.21428571428571427,,,
pilot_n20_v7_factuality_chase,gpt41_mini,generated,laysumm_plos_0285,PLOS,285,8,"ITM uses WHO-recommended disease indicators and age groups, sampling mostly at the district level except for schistosomiasis, which uses sub-district sampling.",,,3,long_sentence|long_word_dense,21,134,6.380952380952381,4,0.19047619047619047,5,0.23809523809523808,,,
pilot_n20_v7_factuality_chase,gpt41_mini,generated,laysumm_plos_0285,PLOS,285,9,WHO indicators are standard signs and measures for each disease.,,,2,hard_word_dense,10,54,5.4,1,0.1,3,0.3,,,
pilot_n20_v7_factuality_chase,gpt41_mini,generated,laysumm_plos_0285,PLOS,285,10,The ITM protocol was tested by comparing it to WHO mapping methods in one district each in Mali and Senegal.,,,1,long_sentence,20,88,4.4,0,0.0,3,0.15,,,
pilot_n20_v7_factuality_chase,gpt41_mini,generated,laysumm_plos_0285,PLOS,285,11,"ITM agreed with WHO methods on interventions for trachoma, lymphatic filariasis, and soil-transmitted helminths but gave more targeted recommendations for schistosomiasis.",,,5,long_sentence|long_word_dense|hard_word_dense|technical_density,21,147,7.0,5,0.23809523809523808,8,0.38095238095238093,,,
pilot_n20_v7_factuality_chase,gpt41_mini,generated,laysumm_plos_0285,PLOS,285,12,"ITM was practical, feasible, and showed overall cost savings compared to standard WHO methods.",,,0,,14,78,5.571428571428571,0,0.0,4,0.2857142857142857,,,
pilot_n20_v7_factuality_chase,gpt41_mini,generated,laysumm_plos_0285,PLOS,285,13,"ITM used fewer vehicles, smaller teams, and took about half the time to implement.",,,0,,14,66,4.714285714285714,0,0.0,2,0.14285714285714285,,,
pilot_n20_v7_factuality_chase,gpt41_mini,generated,laysumm_plos_0285,PLOS,285,14,This integrated mapping tool could help start and run needed NTD control programs in endemic countries.,,,0,hedged,16,87,5.4375,1,0.0625,2,0.125,,,
pilot_n20_v7_factuality_chase,gpt41_mini,generated,laysumm_plos_0457,PLOS,457,1,Stem cells naturally reside in specialized environments called niches that support their function.,,,2,hard_word_dense,13,85,6.538461538461538,2,0.15384615384615385,4,0.3076923076923077,,,
pilot_n20_v7_factuality_chase,gpt41_mini,generated,laysumm_plos_0457,PLOS,457,2,"As organs age, fewer stem cells remain in their supportive niches, but how this happens is not well known.",,,1,long_sentence|negation_or_contrast,19,85,4.473684210526316,1,0.05263157894736842,1,0.05263157894736842,,,
pilot_n20_v7_factuality_chase,gpt41_mini,generated,laysumm_plos_0457,PLOS,457,3,"In fruit flies, Notch signaling increases with age in female germline stem cells, causing them to leave the niche.",,,1,long_sentence,19,93,4.894736842105263,0,0.0,4,0.21052631578947367,,,
pilot_n20_v7_factuality_chase,gpt41_mini,generated,laysumm_plos_0457,PLOS,457,4,Notch signaling is a cell communication pathway that affects cell behavior.,,,0,,11,64,5.818181818181818,1,0.09090909090909091,3,0.2727272727272727,,,
pilot_n20_v7_factuality_chase,gpt41_mini,generated,laysumm_plos_0457,PLOS,457,5,"Stem cells with low Notch activity stick better to the niche by having more E-cadherin, a molecule that helps cells attach.",,,1,long_sentence,21,100,4.761904761904762,0,0.0,3,0.14285714285714285,,,
pilot_n20_v7_factuality_chase,gpt41_mini,generated,laysumm_plos_0457,PLOS,457,6,E-cadherin is a protein that strengthens cell-to-cell adhesion.,,,4,long_word_dense|hard_word_dense,8,52,6.5,2,0.25,3,0.375,,,
pilot_n20_v7_factuality_chase,gpt41_mini,generated,laysumm_plos_0457,PLOS,457,7,"Increasing Notch signaling in stem cells speeds up their age-related loss from the niche, partly through a protein called Sex lethal.",,,1,long_sentence,21,110,5.238095238095238,2,0.09523809523809523,3,0.14285714285714285,,,
pilot_n20_v7_factuality_chase,gpt41_mini,generated,laysumm_plos_0457,PLOS,457,8,Sex lethal helps regulate Notch signaling levels in these stem cells.,,,0,,11,58,5.2727272727272725,0,0.0,2,0.18181818181818182,,,
pilot_n20_v7_factuality_chase,gpt41_mini,generated,laysumm_plos_0457,PLOS,457,9,"Blocking Notch signaling in stem cells does not stop their loss with age and does not change BMP signaling, which supports stem cell renewal.",,,1,long_sentence|negation_or_contrast,24,116,4.833333333333333,0,0.0,3,0.125,,,
pilot_n20_v7_factuality_chase,gpt41_mini,generated,laysumm_plos_0457,PLOS,457,10,BMP signaling is another pathway that helps stem cells maintain themselves.,,,0,,11,64,5.818181818181818,1,0.09090909090909091,3,0.2727272727272727,,,
pilot_n20_v7_factuality_chase,gpt41_mini,generated,laysumm_plos_0457,PLOS,457,11,"Notch activity decreases with age in niche cells that keep stem cells in place, showing Notch controls stem cell retention both inside and outside the stem cells.",,,2,long_sentence|very_long_sentence,27,134,4.962962962962963,0,0.0,5,0.18518518518518517,,,
pilot_n20_v7_factuality_chase,gpt41_mini,generated,laysumm_plos_0457,PLOS,457,12,Niche cells form the environment that holds stem cells in position.,,,0,,11,56,5.090909090909091,1,0.09090909090909091,2,0.18181818181818182,,,
pilot_n20_v7_factuality_chase,gpt41_mini,generated,laysumm_plos_0457,PLOS,457,13,"Notch signaling controls how stem cells stick to their niche as they age, a role also seen in cancer cells where Notch reduces cell adhesion.",,,2,long_sentence|very_long_sentence,25,115,4.6,0,0.0,3,0.12,,,
pilot_n20_v7_factuality_chase,gpt41_mini,generated,laysumm_plos_0501,PLOS,501,1,HIV infection cannot be cured but can be controlled by using multiple anti-retroviral drugs together.,,,2,hard_word_dense|negation_or_contrast,15,85,5.666666666666667,2,0.13333333333333333,5,0.3333333333333333,,,
pilot_n20_v7_factuality_chase,gpt41_mini,generated,laysumm_plos_0501,PLOS,501,2,"Each HIV patient has a different viral genotype, so the best drug combination varies per person.",,,0,,16,79,4.9375,1,0.0625,3,0.1875,,,
pilot_n20_v7_factuality_chase,gpt41_mini,generated,laysumm_plos_0501,PLOS,501,3,Viral genotype means the genetic makeup of the virus in a patient.,,,0,,12,54,4.5,0,0.0,2,0.16666666666666666,,,
pilot_n20_v7_factuality_chase,gpt41_mini,generated,laysumm_plos_0501,PLOS,501,4,Computer models can predict the best HIV treatment by using viral genetic and clinical data.,,,0,,15,77,5.133333333333334,0,0.0,3,0.2,,,
pilot_n20_v7_factuality_chase,gpt41_mini,generated,laysumm_plos_0501,PLOS,501,5,Clinical data shows how the virus behaves in the patient.,,,0,,10,47,4.7,0,0.0,2,0.2,,,
pilot_n20_v7_factuality_chase,gpt41_mini,generated,laysumm_plos_0501,PLOS,501,6,Current prediction models use only viral genetic sequences and ignore chemical similarities between drugs.,,,2,hard_word_dense|negation_or_contrast,14,92,6.571428571428571,2,0.14285714285714285,6,0.42857142857142855,,,
pilot_n20_v7_factuality_chase,gpt41_mini,generated,laysumm_plos_0501,PLOS,501,7,Proteochemometric models combine drug chemical features and viral protein properties to improve resistance predictions.,,,4,long_word_dense|hard_word_dense,14,105,7.5,4,0.2857142857142857,8,0.5714285714285714,,,
pilot_n20_v7_factuality_chase,gpt41_mini,generated,laysumm_plos_0501,PLOS,501,8,This approach links how drugs and virus proteins interact to predict drug effectiveness.,,,0,,13,75,5.769230769230769,1,0.07692307692307693,2,0.15384615384615385,,,
pilot_n20_v7_factuality_chase,gpt41_mini,generated,laysumm_plos_0501,PLOS,501,9,"The study used a large clinical database with about 300,000 drug-mutant bioactivity data points covering multiple drugs and thousands of HIV mutants.",,,1,long_sentence|number,23,119,5.173913043478261,2,0.08695652173913043,6,0.2608695652173913,,,
pilot_n20_v7_factuality_chase,gpt41_mini,generated,laysumm_plos_0501,PLOS,501,10,Bioactivity data measures how well drugs work against different virus variants.,,,0,,11,68,6.181818181818182,1,0.09090909090909091,3,0.2727272727272727,,,
pilot_n20_v7_factuality_chase,gpt41_mini,generated,laysumm_plos_0501,PLOS,501,11,"Proteochemometric models predicted drug resistance more accurately than sequence-only models, with errors below 0.5 Log Fold Change.",,,2,long_word_dense|negation_or_contrast|number,18,110,6.111111111111111,4,0.2222222222222222,5,0.2777777777777778,,,
pilot_n20_v7_factuality_chase,gpt41_mini,generated,laysumm_plos_0501,PLOS,501,12,Log Fold Change measures how much the virus resists a drug compared to normal.,,,0,,14,64,4.571428571428571,0,0.0,2,0.14285714285714285,,,
pilot_n20_v7_factuality_chase,gpt41_mini,generated,laysumm_plos_0501,PLOS,501,13,The models confirmed known and found new mutations in HIV Reverse Transcriptase and Protease that cause drug resistance.,,,2,hard_word_dense|causal_or_inferential,18,102,5.666666666666667,2,0.1111111111111111,6,0.3333333333333333,,,
pilot_n20_v7_factuality_chase,gpt41_mini,generated,laysumm_plos_0501,PLOS,501,14,"When tested on the Stanford HIV resistance database, the models correctly predicted resistance in 84% of cases, better than previous methods at 80%.",,,1,long_sentence|number,23,117,5.086956521739131,2,0.08695652173913043,5,0.21739130434782608,,,
pilot_n20_v7_factuality_chase,gpt41_mini,generated,laysumm_plos_0501,PLOS,501,15,These models can accurately predict drug resistance even for new HIV mutants and mixed virus populations.,,,2,long_word_dense|technical_density,16,89,5.5625,3,0.1875,3,0.1875,,,
pilot_n20_v7_factuality_chase,gpt41_mini,generated,laysumm_plos_0501,PLOS,501,16,The models include a reliability measure based on similarity to known virus sequences to inform users about prediction trustworthiness.,,,5,long_sentence|long_word_dense|hard_word_dense,19,116,6.105263157894737,4,0.21052631578947367,7,0.3684210526315789,,,
pilot_n20_v7_factuality_chase,gpt41_mini,generated,laysumm_plos_0563,PLOS,563,1,Staphylococcus aureus has cell wall-anchored proteins that help it stick to and invade tissues and avoid the immune system.,,,1,long_sentence,19,103,5.421052631578948,2,0.10526315789473684,4,0.21052631578947367,,,
pilot_n20_v7_factuality_chase,gpt41_mini,generated,laysumm_plos_0563,PLOS,563,2,"These proteins contribute to how harmful the bacteria are during skin infections by mediating adhesion, invasion, biofilm formation, and immune evasion.",,,3,long_sentence|hard_word_dense,21,128,6.095238095238095,2,0.09523809523809523,9,0.42857142857142855,,,
pilot_n20_v7_factuality_chase,gpt41_mini,generated,laysumm_plos_0563,PLOS,563,3,Clumping factor B (ClfB) is a surface protein that helps S. aureus attach inside the nose by binding to a skin protein called loricrin.,,,1,long_sentence,24,108,4.5,0,0.0,3,0.125,,,
pilot_n20_v7_factuality_chase,gpt41_mini,generated,laysumm_plos_0563,PLOS,563,4,Loricrin is part of the outer skin layer inside the nose called the cornified envelope.,,,0,,15,72,4.8,0,0.0,4,0.26666666666666666,,,
pilot_n20_v7_factuality_chase,gpt41_mini,generated,laysumm_plos_0563,PLOS,563,5,"Before this study, the role of ClfB in skin and soft tissue infections (SSTI) was unknown.",,,0,,16,71,4.4375,1,0.0625,2,0.125,,,
pilot_n20_v7_factuality_chase,gpt41_mini,generated,laysumm_plos_0563,PLOS,563,6,ClfB is important for forming abscesses and controlling bacterial numbers early in skin infection by binding to loricrin in the infected tissue.,,,3,long_sentence|hard_word_dense,22,122,5.545454545454546,1,0.045454545454545456,7,0.3181818181818182,,,
pilot_n20_v7_factuality_chase,gpt41_mini,generated,laysumm_plos_0563,PLOS,563,7,"This binding affects how the abscess forms and how many bacteria grow at the start of infection, as loricrin is expressed within the abscess tissue.",,,2,long_sentence|very_long_sentence,25,122,4.88,0,0.0,4,0.16,,,
pilot_n20_v7_factuality_chase,gpt41_mini,generated,laysumm_plos_0563,PLOS,563,8,A vaccine targeting ClfB triggers antibody and immune cell responses that protect against S. aureus skin infection.,,,2,hard_word_dense,17,97,5.705882352941177,0,0.0,6,0.35294117647058826,,,
pilot_n20_v7_factuality_chase,gpt41_mini,generated,laysumm_plos_0563,PLOS,563,9,The vaccine reduced abscess size and bacterial levels in infected mice by inducing both humoral and cellular immune responses.,,,3,long_sentence|hard_word_dense,19,107,5.631578947368421,0,0.0,9,0.47368421052631576,,,
pilot_n20_v7_factuality_chase,gpt41_mini,generated,laysumm_plos_0563,PLOS,563,10,ClfB is a promising antigen for future vaccines against S. aureus skin and soft tissue infections.,,,2,hard_word_dense,16,81,5.0625,1,0.0625,5,0.3125,,,
pilot_n20_v7_factuality_chase,gpt41_mini,generated,laysumm_plos_1116,PLOS,1116,1,Dengue virus (DENV) causes about 100 million symptomatic infections worldwide each year.,,,0,causal_or_inferential|number,12,71,5.916666666666667,2,0.16666666666666666,3,0.25,,,
pilot_n20_v7_factuality_chase,gpt41_mini,generated,laysumm_plos_1116,PLOS,1116,2,DENV is a common mosquito-borne virus affecting many people globally.,,,2,hard_word_dense,10,58,5.8,1,0.1,3,0.3,,,
pilot_n20_v7_factuality_chase,gpt41_mini,generated,laysumm_plos_1116,PLOS,1116,3,DENV infection can range from mild dengue fever (DF) to severe dengue hemorrhagic fever (DHF).,,,0,,15,75,5.0,1,0.06666666666666667,3,0.2,,,
pilot_n20_v7_factuality_chase,gpt41_mini,generated,laysumm_plos_1116,PLOS,1116,4,DHF is a more dangerous form of dengue that can threaten life.,,,0,,12,50,4.166666666666667,0,0.0,1,0.08333333333333333,,,
pilot_n20_v7_factuality_chase,gpt41_mini,generated,laysumm_plos_1116,PLOS,1116,5,Severe dengue symptoms usually appear 5 to 7 days after fever starts during the critical phase.,,,0,number,16,77,4.8125,0,0.0,3,0.1875,,,
pilot_n20_v7_factuality_chase,gpt41_mini,generated,laysumm_plos_1116,PLOS,1116,6,The reasons why some patients worsen from DF to DHF at this time are not well understood.,,,0,negation_or_contrast,17,72,4.235294117647059,1,0.058823529411764705,1,0.058823529411764705,,,
pilot_n20_v7_factuality_chase,gpt41_mini,generated,laysumm_plos_1116,PLOS,1116,7,Researchers used mass spectrometry to analyze blood serum from adult DF and DHF patients at critical and recovery phases.,,,1,long_sentence,19,102,5.368421052631579,2,0.10526315789473684,5,0.2631578947368421,,,
pilot_n20_v7_factuality_chase,gpt41_mini,generated,laysumm_plos_1116,PLOS,1116,8,This method measures many small molecules called metabolites in the blood.,,,0,,11,63,5.7272727272727275,1,0.09090909090909091,3,0.2727272727272727,,,
pilot_n20_v7_factuality_chase,gpt41_mini,generated,laysumm_plos_1116,PLOS,1116,9,"At the critical phase, 29 metabolites differed between DF and DHF patients, including bile acids, purines, acylcarnitines, phospholipids, and amino acids.",,,3,long_sentence|hard_word_dense|number,21,125,5.9523809523809526,3,0.14285714285714285,8,0.38095238095238093,,,
pilot_n20_v7_factuality_chase,gpt41_mini,generated,laysumm_plos_1116,PLOS,1116,10,Bile acids were up to five times higher in DHF patients and linked to increased liver injury markers AST and ALT.,,,1,long_sentence,21,92,4.380952380952381,0,0.0,2,0.09523809523809523,,,
pilot_n20_v7_factuality_chase,gpt41_mini,generated,laysumm_plos_1116,PLOS,1116,11,AST and ALT are enzymes that indicate liver damage when elevated.,,,2,hard_word_dense,11,54,4.909090909090909,0,0.0,4,0.36363636363636365,,,
pilot_n20_v7_factuality_chase,gpt41_mini,generated,laysumm_plos_1116,PLOS,1116,12,"Uric acid, a key antioxidant in blood, was 1.5 times lower in DHF patients than in DF patients.",,,1,long_sentence|number,19,72,3.789473684210526,1,0.05263157894736842,1,0.05263157894736842,,,
pilot_n20_v7_factuality_chase,gpt41_mini,generated,laysumm_plos_1116,PLOS,1116,13,Lower uric acid may reduce the body's defense against harmful oxidative stress.,,,0,hedged,12,66,5.5,0,0.0,3,0.25,,,
pilot_n20_v7_factuality_chase,gpt41_mini,generated,laysumm_plos_1116,PLOS,1116,14,"During recovery, eight metabolites including the bile acid chenodeoxyglycocholic acid remained altered in DHF patients.",,,2,hard_word_dense,15,103,6.866666666666666,2,0.13333333333333333,6,0.4,,,
pilot_n20_v7_factuality_chase,gpt41_mini,generated,laysumm_plos_1116,PLOS,1116,15,This suggests that liver effects from severe dengue may last beyond the critical phase.,,,0,hedged,14,73,5.214285714285714,0,0.0,2,0.14285714285714285,,,
pilot_n20_v7_factuality_chase,gpt41_mini,generated,laysumm_plos_1116,PLOS,1116,16,The study found altered metabolic pathways linked to DHF during both critical and recovery phases.,,,0,,15,83,5.533333333333333,0,0.0,4,0.26666666666666666,,,
pilot_n20_v7_factuality_chase,gpt41_mini,generated,laysumm_plos_1116,PLOS,1116,17,These metabolic changes improve understanding of DHF and point to possible new treatment targets.,,,0,,14,83,5.928571428571429,1,0.07142857142857142,4,0.2857142857142857,,,
pilot_n20_v7_factuality_chase,gpt41_mini,generated,laysumm_plos_1309,PLOS,1309,1,The levels of substrate receptor proteins in Cullin-RING ubiquitin ligases (CRLs) are tightly controlled to keep all CRL types functional and avoid trapping core components.,,,4,long_sentence|very_long_sentence|hard_word_dense,25,145,5.8,4,0.16,8,0.32,,,
pilot_n20_v7_factuality_chase,gpt41_mini,generated,laysumm_plos_1309,PLOS,1309,2,"Substrate receptors help CRLs recognize targets, so their balance is essential.",,,2,hard_word_dense,11,67,6.090909090909091,0,0.0,5,0.45454545454545453,,,
pilot_n20_v7_factuality_chase,gpt41_mini,generated,laysumm_plos_1309,PLOS,1309,3,"Misregulation of substrate receptor parts of CRLs, especially SCF ligases, is linked to diseases including cancer.",,,2,hard_word_dense|technical_density,16,96,6.0,2,0.125,7,0.4375,,,
pilot_n20_v7_factuality_chase,gpt41_mini,generated,laysumm_plos_1309,PLOS,1309,4,"F-box proteins, the substrate receptors of SCF ligases, are normally controlled by tagging themselves for destruction within intact SCF complexes.",,,3,long_sentence|hard_word_dense,20,123,6.15,3,0.15,8,0.4,,,
pilot_n20_v7_factuality_chase,gpt41_mini,generated,laysumm_plos_1309,PLOS,1309,5,This tagging leads to their breakdown by the cell's protein recycling system called the proteasome.,,,0,causal_or_inferential,15,83,5.533333333333333,1,0.06666666666666667,2,0.13333333333333333,,,
pilot_n20_v7_factuality_chase,gpt41_mini,generated,laysumm_plos_1309,PLOS,1309,6,"When Met30 is not bound to Skp1, due to mutations or cadmium stress, it is rapidly degraded by the cell.",,,1,long_sentence|negation_or_contrast|number,20,79,3.95,0,0.0,3,0.15,,,
pilot_n20_v7_factuality_chase,gpt41_mini,generated,laysumm_plos_1309,PLOS,1309,7,Met30 is a yeast F-box protein that normally binds Skp1 as part of SCF ligases.,,,0,number,15,60,4.0,0,0.0,2,0.13333333333333333,,,
pilot_n20_v7_factuality_chase,gpt41_mini,generated,laysumm_plos_1309,PLOS,1309,8,A new degradation pathway targets Met30 that is free from Skp1 and requires the cullin protein Cdc53/Cul1 but not Skp1.,,,1,long_sentence|negation_or_contrast|number,21,91,4.333333333333333,1,0.047619047619047616,2,0.09523809523809523,,,
pilot_n20_v7_factuality_chase,gpt41_mini,generated,laysumm_plos_1309,PLOS,1309,9,This shows that Cdc53 can act independently of Skp1 in degrading Met30.,,,0,causal_or_inferential|number,12,54,4.5,1,0.08333333333333333,2,0.16666666666666666,,,
pilot_n20_v7_factuality_chase,gpt41_mini,generated,laysumm_plos_1309,PLOS,1309,10,"The SCF core proteins Cdc53, Rbx1, and the enzyme Cdc34 work together to tag unbound Met30 for degradation without Skp1.",,,1,long_sentence|negation_or_contrast|number,20,90,4.5,1,0.05,3,0.15,,,
pilot_n20_v7_factuality_chase,gpt41_mini,generated,laysumm_plos_1309,PLOS,1309,11,This tagging process is called ubiquitylation and marks Met30 for destruction.,,,2,long_word_dense|number,11,65,5.909090909090909,2,0.18181818181818182,2,0.18181818181818182,,,
pilot_n20_v7_factuality_chase,gpt41_mini,generated,laysumm_plos_1309,PLOS,1309,12,"Cdc53 and Rbx1 can directly bind Met30 without Skp1, attaching at a region near the F-box domain.",,,0,negation_or_contrast|number,17,72,4.235294117647059,0,0.0,2,0.11764705882352941,,,
pilot_n20_v7_factuality_chase,gpt41_mini,generated,laysumm_plos_1309,PLOS,1309,13,This binding depends on a specific sequence called the degron region that controls Met30 stability.,,,0,number,15,82,5.466666666666667,0,0.0,3,0.2,,,
pilot_n20_v7_factuality_chase,gpt41_mini,generated,laysumm_plos_1309,PLOS,1309,14,This Skp1-independent degradation pathway is important for chromosome stability and helps yeast survive heavy metal stress like cadmium.,,,2,hard_word_dense|number,18,116,6.444444444444445,3,0.16666666666666666,6,0.3333333333333333,,,
pilot_n20_v7_factuality_chase,gpt41_mini,generated,laysumm_plos_1309,PLOS,1309,15,"Cadmium stress causes Met30 to detach from Skp1, increasing the need for this alternative degradation route.",,,2,long_word_dense|causal_or_inferential|number,16,88,5.5,3,0.1875,3,0.1875,,,
pilot_n20_v7_factuality_chase,gpt41_mini,rewritten,laysumm_elife_0006,eLife,6,1,Many decisions arise by gathering noisy evidence until it reaches a threshold or bound.,,,0,,14,73,5.214285714285714,0,0.0,4,0.2857142857142857,,,
pilot_n20_v7_factuality_chase,gpt41_mini,rewritten,laysumm_elife_0006,eLife,6,2,This process is called bounded evidence accumulation.,,,0,,7,46,6.571428571428571,1,0.14285714285714285,2,0.2857142857142857,,,
pilot_n20_v7_factuality_chase,gpt41_mini,rewritten,laysumm_elife_0006,eLife,6,3,"In perception, stimulus strength affects decision speed, accuracy, and confidence through this evidence accumulation.",,,4,long_word_dense|hard_word_dense,14,100,7.142857142857143,3,0.21428571428571427,7,0.5,,,
pilot_n20_v7_factuality_chase,gpt41_mini,rewritten,laysumm_elife_0006,eLife,6,4,Stimulus strength is measured by the signal-to-noise ratio.,,,2,hard_word_dense,8,49,6.125,1,0.125,3,0.375,,,
pilot_n20_v7_factuality_chase,gpt41_mini,rewritten,laysumm_elife_0006,eLife,6,5,"Increasing noise leads to faster decisions, lower accuracy, and paradoxically higher confidence.",,,4,long_word_dense|hard_word_dense|causal_or_inferential,12,82,6.833333333333333,3,0.25,5,0.4166666666666667,,,
pilot_n20_v7_factuality_chase,gpt41_mini,rewritten,laysumm_elife_0006,eLife,6,6,Noise here means more variability in the momentary evidence used to decide.,,,2,hard_word_dense,12,63,5.25,1,0.08333333333333333,4,0.3333333333333333,,,
pilot_n20_v7_factuality_chase,gpt41_mini,rewritten,laysumm_elife_0006,eLife,6,7,The study used a new sensory manipulation that adds unbiased noise to motion-selective areas in the visual cortex.,,,0,,18,95,5.277777777777778,2,0.1111111111111111,4,0.2222222222222222,,,
pilot_n20_v7_factuality_chase,gpt41_mini,rewritten,laysumm_elife_0006,eLife,6,8,This was confirmed by recording neurons in macaque brain areas MT and MST.,,,0,,13,61,4.6923076923076925,0,0.0,3,0.23076923076923078,,,
pilot_n20_v7_factuality_chase,gpt41_mini,rewritten,laysumm_elife_0006,eLife,6,9,"In humans and monkeys, increasing noise caused faster decisions and higher confidence with little loss in accuracy.",,,0,causal_or_inferential,17,97,5.705882352941177,2,0.11764705882352941,4,0.23529411764705882,,,
pilot_n20_v7_factuality_chase,gpt41_mini,rewritten,laysumm_elife_0006,eLife,6,10,This effect was seen across different stimulus strengths and was statistically significant when data were pooled.,,,0,,16,97,6.0625,2,0.125,4,0.25,,,
pilot_n20_v7_factuality_chase,gpt41_mini,rewritten,laysumm_elife_0006,eLife,6,11,The size of these effects matched predictions from a bounded evidence accumulation model.,,,0,,13,76,5.846153846153846,2,0.15384615384615385,3,0.23076923076923078,,,
pilot_n20_v7_factuality_chase,gpt41_mini,rewritten,laysumm_elife_0006,eLife,6,12,"This model explains how motion strength and noise affect choice, speed, and confidence.",,,0,causal_or_inferential,13,72,5.538461538461538,1,0.07692307692307693,1,0.07692307692307693,,,
pilot_n20_v7_factuality_chase,gpt41_mini,rewritten,laysumm_elife_0006,eLife,6,13,Decisions are made by gathering uncertain information over time until enough evidence supports one choice.,,,2,hard_word_dense,15,91,6.066666666666666,1,0.06666666666666667,5,0.3333333333333333,,,
pilot_n20_v7_factuality_chase,gpt41_mini,rewritten,laysumm_elife_0006,eLife,6,14,The brain accumulates evidence until one option wins.,,,0,,8,45,5.625,1,0.125,2,0.25,,,
pilot_n20_v7_factuality_chase,gpt41_mini,rewritten,laysumm_elife_0006,eLife,6,15,"How clear or strong a sensory signal is influences how quickly and accurately people decide, and.",,,0,,16,80,5.0,2,0.125,4,0.25,,,
pilot_n20_v7_factuality_chase,gpt41_mini,rewritten,laysumm_elife_0006,eLife,6,16,"Stronger signals lead to faster, more accurate, and more confident decisions.",,,0,,11,64,5.818181818181818,0,0.0,3,0.2727272727272727,,,
pilot_n20_v7_factuality_chase,gpt41_mini,rewritten,laysumm_elife_0006,eLife,6,17,"Adding noise to the information makes people decide faster and less accurately, yet they feel more.",,,0,,16,82,5.125,2,0.125,3,0.1875,,,
pilot_n20_v7_factuality_chase,gpt41_mini,rewritten,laysumm_elife_0026,eLife,26,1,The enzyme OspI from Shigella flexneri changes glutamine 100 in UBC13 to glutamate.,,,2,hard_word_dense|number,13,65,5.0,0,0.0,5,0.38461538461538464,,,
pilot_n20_v7_factuality_chase,gpt41_mini,rewritten,laysumm_elife_0026,eLife,26,2,This chemical change is called deamidation and is specific to one amino acid in UBC13.,,,0,number,15,69,4.6,1,0.06666666666666667,4,0.26666666666666666,,,
pilot_n20_v7_factuality_chase,gpt41_mini,rewritten,laysumm_elife_0026,eLife,26,3,Shigella bacteria produce an enzyme called OspI that chemically changes one specific building block (amino acid).,,,2,hard_word_dense,16,95,5.9375,1,0.0625,7,0.4375,,,
pilot_n20_v7_factuality_chase,gpt41_mini,rewritten,laysumm_elife_0026,eLife,26,4,This change switches glutamine at position 100 to glutamate in the host protein UBC13.,,,0,number,14,67,4.785714285714286,0,0.0,3,0.21428571428571427,,,
pilot_n20_v7_factuality_chase,gpt41_mini,rewritten,laysumm_elife_0026,eLife,26,5,This change silences UBC13’s polyubiquitination activity with TRAF6 and blocks the NF-κB inflammatory response.,,,2,hard_word_dense|number,15,91,6.066666666666666,2,0.13333333333333333,5,0.3333333333333333,,,
pilot_n20_v7_factuality_chase,gpt41_mini,rewritten,laysumm_elife_0026,eLife,26,6,Polyubiquitination is a process that helps trigger immune signals through TRAF6 and NF-κB.,,,0,number,13,74,5.6923076923076925,1,0.07692307692307693,2,0.15384615384615385,,,
pilot_n20_v7_factuality_chase,gpt41_mini,rewritten,laysumm_elife_0026,eLife,26,7,Deamidation stops UBC13 from binding to the TRAF6 RING domain without changing UBC13’s shape or enzyme function.,,,0,negation_or_contrast|number,18,89,4.944444444444445,1,0.05555555555555555,2,0.1111111111111111,,,
pilot_n20_v7_factuality_chase,gpt41_mini,rewritten,laysumm_elife_0026,eLife,26,8,This reduces the binding energy between UBC13 and TRAF6 RING by 1.69 kcal/mol.,,,0,number,15,57,3.8,0,0.0,2,0.13333333333333333,,,
pilot_n20_v7_factuality_chase,gpt41_mini,rewritten,laysumm_elife_0026,eLife,26,9,Deamidation creates a new internal salt-bridge in UBC13 that competes with a key salt-bridge at the UBC13/TRAF6 interface.,,,3,long_sentence|hard_word_dense|number,19,96,5.052631578947368,3,0.15789473684210525,6,0.3157894736842105,,,
pilot_n20_v7_factuality_chase,gpt41_mini,rewritten,laysumm_elife_0026,eLife,26,10,Salt-bridges are bonds between charged parts of proteins that help them stick together.,,,0,,13,73,5.615384615384615,1,0.07692307692307693,2,0.15384615384615385,,,
pilot_n20_v7_factuality_chase,gpt41_mini,rewritten,laysumm_elife_0026,eLife,26,11,This salt-bridge competition also disrupts transient interactions needed to form the UBC13/TRAF6 complex.,,,2,long_word_dense|number,14,87,6.214285714285714,3,0.21428571428571427,3,0.21428571428571427,,,
pilot_n20_v7_factuality_chase,gpt41_mini,rewritten,laysumm_elife_0026,eLife,26,12,Transient interactions are temporary contacts that help proteins find and bind each other.,,,0,,13,77,5.923076923076923,1,0.07692307692307693,2,0.15384615384615385,,,
pilot_n20_v7_factuality_chase,gpt41_mini,rewritten,laysumm_elife_0026,eLife,26,13,"The negative charge on E100 repels the negatively charged surface of TRAF6 RING, further blocking transient interactions.",,,0,number,17,99,5.823529411764706,2,0.11764705882352941,4,0.23529411764705882,,,
pilot_n20_v7_factuality_chase,gpt41_mini,rewritten,laysumm_elife_0026,eLife,26,14,Electrostatic repulsion occurs when like charges push proteins apart.,,,0,,9,60,6.666666666666667,1,0.1111111111111111,2,0.2222222222222222,,,
pilot_n20_v7_factuality_chase,gpt41_mini,rewritten,laysumm_elife_0026,eLife,26,15,This post-translational modification weakens transient complexes and stops protein-protein association.,,,4,long_word_dense|hard_word_dense|technical_density,10,91,9.1,4,0.4,5,0.5,,,
pilot_n20_v7_factuality_chase,gpt41_mini,rewritten,laysumm_elife_0026,eLife,26,16,Post-translational modifications are chemical changes made to proteins after they are made.,,,0,,12,78,6.5,2,0.16666666666666666,3,0.25,,,
pilot_n20_v7_factuality_chase,gpt41_mini,rewritten,laysumm_elife_0028,eLife,28,1,"Working memory depends on coordinated interactions among large-scale brain networks, especially frontal and parietal regions.",,,4,long_word_dense|hard_word_dense,15,108,7.2,4,0.26666666666666666,6,0.4,,,
pilot_n20_v7_factuality_chase,gpt41_mini,rewritten,laysumm_elife_0028,eLife,28,2,These brain areas communicate across long distances to support memory tasks.,,,0,,11,65,5.909090909090909,1,0.09090909090909091,3,0.2727272727272727,,,
pilot_n20_v7_factuality_chase,gpt41_mini,rewritten,laysumm_elife_0028,eLife,28,3,Oscillatory synchronization in the theta frequency range helps coordinate neuronal activity during working memory.,,,4,long_word_dense|hard_word_dense,14,100,7.142857142857143,3,0.21428571428571427,7,0.5,,,
pilot_n20_v7_factuality_chase,gpt41_mini,rewritten,laysumm_elife_0028,eLife,28,4,Theta waves are brain rhythms between 4 and 8 Hz that organize activity across brain regions.,,,0,number,16,75,4.6875,0,0.0,2,0.125,,,
pilot_n20_v7_factuality_chase,gpt41_mini,rewritten,laysumm_elife_0028,eLife,28,5,Direct causal evidence that oscillatory activity shapes brain network dynamics and behavior in humans is limited.,,,2,hard_word_dense,16,97,6.0625,1,0.0625,6,0.375,,,
pilot_n20_v7_factuality_chase,gpt41_mini,rewritten,laysumm_elife_0028,eLife,28,6,It is unclear how changing brain waves affects human behavior.,,,0,,10,52,5.2,0,0.0,1,0.1,,,
pilot_n20_v7_factuality_chase,gpt41_mini,rewritten,laysumm_elife_0028,eLife,28,7,The study used transcranial alternating current stimulation (tACS) to modulate oscillations in a right frontoparietal network supporting working memory. tACS is a non-invasive electrical method that applies rhythmic currents to specific brain areas.,,,6,long_sentence|very_long_sentence|long_word_dense|hard_word_dense,33,212,6.424242424242424,8,0.24242424242424243,11,0.3333333333333333,,,
pilot_n20_v7_factuality_chase,gpt41_mini,rewritten,laysumm_elife_0028,eLife,28,8,Synchronous tACS improved working memory performance during high-demand tasks like the 2-back test.,,,4,long_word_dense|hard_word_dense|number,13,83,6.384615384615385,3,0.23076923076923078,5,0.38461538461538464,,,
pilot_n20_v7_factuality_chase,gpt41_mini,rewritten,laysumm_elife_0028,eLife,28,9,Synchronizing brain waves with tACS made participants respond faster in difficult memory tasks.,,,2,hard_word_dense|technical_density,13,82,6.3076923076923075,2,0.15384615384615385,4,0.3076923076923077,,,
pilot_n20_v7_factuality_chase,gpt41_mini,rewritten,laysumm_elife_0028,eLife,28,10,"The effects of tACS depend on the relative phase of stimulation and the cognitive state, as shown by fMRI.",,,1,long_sentence|technical_density,19,86,4.526315789473684,1,0.05263157894736842,3,0.15789473684210525,,,
pilot_n20_v7_factuality_chase,gpt41_mini,rewritten,laysumm_elife_0028,eLife,28,11,Brain scans revealed that timing between stimulation and brain activity changes how networks respond.,,,0,,14,87,6.214285714285714,1,0.07142857142857142,3,0.21428571428571427,,,
pilot_n20_v7_factuality_chase,gpt41_mini,rewritten,laysumm_elife_0028,eLife,28,12,Synchronous tACS during a verbal working memory task increased parietal brain activity linked to better performance.,,,2,hard_word_dense,16,100,6.25,2,0.125,6,0.375,,,
pilot_n20_v7_factuality_chase,gpt41_mini,rewritten,laysumm_elife_0028,eLife,28,13,Higher activity in the parietal region correlated with faster responses in the memory task.,,,2,hard_word_dense,14,77,5.5,1,0.07142857142857142,5,0.35714285714285715,,,
pilot_n20_v7_factuality_chase,gpt41_mini,rewritten,laysumm_elife_0028,eLife,28,14,The relative phase of frontoparietal tACS influences functional connectivity and information flow within the working memory network.,,,4,long_word_dense|hard_word_dense,17,115,6.764705882352941,5,0.29411764705882354,7,0.4117647058823529,,,
pilot_n20_v7_factuality_chase,gpt41_mini,rewritten,laysumm_elife_0028,eLife,28,15,"Synchronous stimulation increased frontal-parietal connections, while desynchronous stimulation changed posterior interactions.",,,4,long_word_dense|hard_word_dense,11,114,10.363636363636363,7,0.6363636363636364,9,0.8181818181818182,,,
pilot_n20_v7_factuality_chase,gpt41_mini,rewritten,laysumm_elife_0028,eLife,28,16,Working memory performance is linked to large-scale brain synchronization across a right frontoparietal network activated by the task.,,,4,long_word_dense|hard_word_dense,18,115,6.388888888888889,4,0.2222222222222222,6,0.3333333333333333,,,
pilot_n20_v7_factuality_chase,gpt41_mini,rewritten,laysumm_elife_0028,eLife,28,17,This shows that brain wave timing across distant regions supports demanding memory tasks.,,,0,causal_or_inferential,13,76,5.846153846153846,0,0.0,2,0.15384615384615385,,,
pilot_n20_v7_factuality_chase,gpt41_mini,rewritten,laysumm_elife_0035,eLife,35,1,The granular retrosplenial cortex (RSG) is important for both spatial and non-spatial behaviors.,,,2,hard_word_dense,13,80,6.153846153846154,2,0.15384615384615385,5,0.38461538461538464,,,
pilot_n20_v7_factuality_chase,gpt41_mini,rewritten,laysumm_elife_0035,eLife,35,2,"The RSG is a brain area involved in different types of behaviors, including those related to space and other functions.",,,1,long_sentence,20,98,4.9,0,0.0,5,0.25,,,
pilot_n20_v7_factuality_chase,gpt41_mini,rewritten,laysumm_elife_0035,eLife,35,3,Researchers used optogenetic circuit mapping in mice to study parallel circuits in the superficial RSG.,,,2,long_word_dense,15,88,5.866666666666666,3,0.2,4,0.26666666666666666,,,
pilot_n20_v7_factuality_chase,gpt41_mini,rewritten,laysumm_elife_0035,eLife,35,4,This method activates neurons with light to measure how different brain areas connect to the RSG.,,,0,,16,81,5.0625,0,0.0,3,0.1875,,,
pilot_n20_v7_factuality_chase,gpt41_mini,rewritten,laysumm_elife_0035,eLife,35,5,The anterior thalamus and dorsal subiculum send spatial information that strongly activates low-rheobase (LR) neurons in the RSG.,,,2,hard_word_dense,18,108,6.0,2,0.1111111111111111,6,0.3333333333333333,,,
pilot_n20_v7_factuality_chase,gpt41_mini,rewritten,laysumm_elife_0035,eLife,35,6,LR neurons are a special type of pyramidal cell that respond strongly to these spatial inputs.,,,0,,16,78,4.875,0,0.0,1,0.0625,,,
pilot_n20_v7_factuality_chase,gpt41_mini,rewritten,laysumm_elife_0035,eLife,35,7,Nearby regular-spiking (RS) neurons in the RSG are mainly controlled by claustral and anterior cingulate inputs carrying mostly non-spatial information.,,,5,long_sentence|long_word_dense|hard_word_dense,20,128,6.4,4,0.2,6,0.3,,,
pilot_n20_v7_factuality_chase,gpt41_mini,rewritten,laysumm_elife_0035,eLife,35,8,RS neurons are a different type of pyramidal cell that respond to non-spatial signals.,,,0,,14,71,5.071428571428571,1,0.07142857142857142,3,0.21428571428571427,,,
pilot_n20_v7_factuality_chase,gpt41_mini,rewritten,laysumm_elife_0035,eLife,35,9,Precise layering of axons and dendrites in layer 1 of the RSG allows separate processing of spatial and non-spatial inputs.,,,1,long_sentence|number,20,101,5.05,2,0.1,5,0.25,,,
pilot_n20_v7_factuality_chase,gpt41_mini,rewritten,laysumm_elife_0035,eLife,35,10,This arrangement lets LR and RS neurons receive different input types without overlap.,,,2,hard_word_dense|negation_or_contrast,13,73,5.615384615384615,1,0.07692307692307693,4,0.3076923076923077,,,
pilot_n20_v7_factuality_chase,gpt41_mini,rewritten,laysumm_elife_0035,eLife,35,11,Thalamocortical synaptic dynamics let LR neurons compute head rotation speed from head direction inputs that do not encode speed.,,,3,long_sentence|hard_word_dense|negation_or_contrast,19,110,5.7894736842105265,1,0.05263157894736842,7,0.3684210526315789,,,
pilot_n20_v7_factuality_chase,gpt41_mini,rewritten,laysumm_elife_0035,eLife,35,12,The way these inputs weaken over time helps LR neurons turn direction signals into speed signals.,,,0,,16,81,5.0625,0,0.0,1,0.0625,,,
pilot_n20_v7_factuality_chase,gpt41_mini,rewritten,laysumm_elife_0035,eLife,35,13,These parallel input streams show that LR neurons are well positioned to support spatial orientation computations in the RSG.,,,1,long_sentence,19,106,5.578947368421052,3,0.15789473684210525,4,0.21052631578947367,,,
pilot_n20_v7_factuality_chase,gpt41_mini,rewritten,laysumm_elife_0035,eLife,35,14,LR neurons combine information about direction and speed to help with spatial orientation.,,,2,hard_word_dense,13,77,5.923076923076923,2,0.15384615384615385,4,0.3076923076923077,,,
pilot_n20_v7_factuality_chase,gpt41_mini,rewritten,laysumm_elife_0057,eLife,57,1,A stable number of petals helps ensure reliable display of reproductive organs and consistent cues for pollinators.,,,0,,17,98,5.764705882352941,3,0.17647058823529413,5,0.29411764705882354,,,
pilot_n20_v7_factuality_chase,gpt41_mini,rewritten,laysumm_elife_0057,eLife,57,2,"Petals open the flower and attract pollinators, so their number affects how flowers signal to insects.",,,0,,16,85,5.3125,1,0.0625,1,0.0625,,,
pilot_n20_v7_factuality_chase,gpt41_mini,rewritten,laysumm_elife_0057,eLife,57,3,Arabidopsis thaliana flowers consistently produce four petals across different genetic types.,,,4,long_word_dense|hard_word_dense,11,82,7.454545454545454,2,0.18181818181818182,6,0.5454545454545454,,,
pilot_n20_v7_factuality_chase,gpt41_mini,rewritten,laysumm_elife_0057,eLife,57,4,This shows that petal number is a robust trait in this species.,,,0,causal_or_inferential,12,51,4.25,0,0.0,0,0.0,,,
pilot_n20_v7_factuality_chase,gpt41_mini,rewritten,laysumm_elife_0057,eLife,57,5,"In contrast, the related species Cardamine hirsuta shows variation in petal number from zero to four.",,,0,,16,84,5.25,0,0.0,4,0.25,,,
pilot_n20_v7_factuality_chase,gpt41_mini,rewritten,laysumm_elife_0057,eLife,57,6,This means petal number is not stable in Cardamine hirsuta like it is in Arabidopsis thaliana.,,,0,negation_or_contrast,16,78,4.875,1,0.0625,4,0.25,,,
pilot_n20_v7_factuality_chase,gpt41_mini,rewritten,laysumm_elife_0057,eLife,57,7,Differences in the floral regulator gene APETALA1 explain why petal number is stable in Arabidopsis but variable in Cardamine hirsuta.,,,3,long_sentence|hard_word_dense|number,20,113,5.65,2,0.1,7,0.35,,,
pilot_n20_v7_factuality_chase,gpt41_mini,rewritten,laysumm_elife_0057,eLife,57,8,APETALA1 is a key gene controlling petal number robustness between these species.,,,0,number,12,68,5.666666666666667,2,0.16666666666666666,3,0.25,,,
pilot_n20_v7_factuality_chase,gpt41_mini,rewritten,laysumm_elife_0057,eLife,57,9,Arabidopsis thaliana APETALA1 makes petal number stable by masking the effects of all petal number quantitative trait loci in Cardamine hirsuta.,,,1,long_sentence|number,21,122,5.809523809523809,2,0.09523809523809523,6,0.2857142857142857,,,
pilot_n20_v7_factuality_chase,gpt41_mini,rewritten,laysumm_elife_0057,eLife,57,10,These other genes normally cause petal number to vary.,,,0,causal_or_inferential,9,45,5.0,0,0.0,1,0.1111111111111111,,,
pilot_n20_v7_factuality_chase,gpt41_mini,rewritten,laysumm_elife_0057,eLife,57,11,The Cardamine hirsuta version of APETALA1 cannot replace the Arabidopsis version to stabilize petal number.,,,2,hard_word_dense|negation_or_contrast|number,15,91,6.066666666666666,1,0.06666666666666667,6,0.4,,,
pilot_n20_v7_factuality_chase,gpt41_mini,rewritten,laysumm_elife_0057,eLife,57,12,Differences in regulatory regions of APETALA1 contribute to this divergence and reduce its ability to confer stability.,,,4,long_word_dense|hard_word_dense|number,17,101,5.9411764705882355,4,0.23529411764705882,8,0.47058823529411764,,,
pilot_n20_v7_factuality_chase,gpt41_mini,rewritten,laysumm_elife_0057,eLife,57,13,Cardamine hirsuta keeps variable petal number even though natural genetic variation can produce four-petalled flowers.,,,2,hard_word_dense,15,102,6.8,1,0.06666666666666667,8,0.5333333333333333,,,
pilot_n20_v7_factuality_chase,gpt41_mini,rewritten,laysumm_elife_0057,eLife,57,14,This shows that genetic variation alone does not fix petal number in this species.,,,0,causal_or_inferential|negation_or_contrast,14,68,4.857142857142857,0,0.0,3,0.21428571428571427,,,
pilot_n20_v7_factuality_chase,gpt41_mini,rewritten,laysumm_elife_0057,eLife,57,15,"Petals help open the flower and attract pollinators, so having a stable number of petals ensures.",,,0,,16,80,5.0,1,0.0625,2,0.125,,,
pilot_n20_v7_factuality_chase,gpt41_mini,rewritten,laysumm_elife_0062,eLife,62,1,Proper function and repair of the digestive system are vital to most animals.,,,0,,13,64,4.923076923076923,0,0.0,2,0.15384615384615385,,,
pilot_n20_v7_factuality_chase,gpt41_mini,rewritten,laysumm_elife_0062,eLife,62,2,"The digestive system is essential for animal survival, so its proper function and ability to repair damage are critical.",,,3,long_sentence|hard_word_dense,19,100,5.2631578947368425,0,0.0,7,0.3684210526315789,,,
pilot_n20_v7_factuality_chase,gpt41_mini,rewritten,laysumm_elife_0062,eLife,62,3,Understanding digestive system function and repair requires an atlas of gene expression and cell types.,,,0,technical_density,15,88,5.866666666666666,2,0.13333333333333333,4,0.26666666666666666,,,
pilot_n20_v7_factuality_chase,gpt41_mini,rewritten,laysumm_elife_0062,eLife,62,4,An atlas is a detailed map showing which genes are active in which cell types.,,,0,,15,63,4.2,0,0.0,2,0.13333333333333333,,,
pilot_n20_v7_factuality_chase,gpt41_mini,rewritten,laysumm_elife_0062,eLife,62,5,Laser-capture microdissection and RNA sequencing were used to study gene activity in the gut of the planarian Schmidtea mediterranea.,,,5,long_sentence|long_word_dense|hard_word_dense,19,113,5.947368421052632,4,0.21052631578947367,6,0.3157894736842105,,,
pilot_n20_v7_factuality_chase,gpt41_mini,rewritten,laysumm_elife_0062,eLife,62,6,"This flatworm can regenerate all organs, including the gut.",,,0,,9,49,5.444444444444445,1,0.1111111111111111,2,0.2222222222222222,,,
pilot_n20_v7_factuality_chase,gpt41_mini,rewritten,laysumm_elife_0062,eLife,62,7,Hundreds of genes active in the planarian intestine were found that previous methods had missed.,,,0,,15,81,5.4,0,0.0,3,0.2,,,
pilot_n20_v7_factuality_chase,gpt41_mini,rewritten,laysumm_elife_0062,eLife,62,8,This shows the method is more sensitive than earlier approaches.,,,0,,10,54,5.4,1,0.1,2,0.2,,,
pilot_n20_v7_factuality_chase,gpt41_mini,rewritten,laysumm_elife_0062,eLife,62,9,The digestive physiology and cell types of Schmidtea mediterranea are similar to those in humans and other animals.,,,0,,18,97,5.388888888888889,2,0.1111111111111111,5,0.2777777777777778,,,
pilot_n20_v7_factuality_chase,gpt41_mini,rewritten,laysumm_elife_0062,eLife,62,10,Many genes and cell types are conserved across species.,,,0,,9,46,5.111111111111111,0,0.0,1,0.1111111111111111,,,
pilot_n20_v7_factuality_chase,gpt41_mini,rewritten,laysumm_elife_0062,eLife,62,11,Spatial laser-capture microdissection revealed that gene expression varies across regions of the planarian intestine.,,,4,long_word_dense|hard_word_dense|technical_density,14,102,7.285714285714286,3,0.21428571428571427,6,0.42857142857142855,,,
pilot_n20_v7_factuality_chase,gpt41_mini,rewritten,laysumm_elife_0062,eLife,62,12,This regionalization is especially clear in intestinal goblet cells along the medio-lateral axis.,,,4,long_word_dense|hard_word_dense,13,83,6.384615384615385,4,0.3076923076923077,4,0.3076923076923077,,,
pilot_n20_v7_factuality_chase,gpt41_mini,rewritten,laysumm_elife_0062,eLife,62,13,"Two transcription factors, gli-1 and RREB2, control regeneration and maintenance of goblet cells in Schmidtea mediterranea.",,,2,long_word_dense|number,16,102,6.375,4,0.25,4,0.25,,,
pilot_n20_v7_factuality_chase,gpt41_mini,rewritten,laysumm_elife_0062,eLife,62,14,"Gli-1 regulates goblet cell regrowth, while RREB2 supports their survival.",,,0,number,10,60,6.0,0,0.0,2,0.2,,,
pilot_n20_v7_factuality_chase,gpt41_mini,rewritten,laysumm_elife_0062,eLife,62,15,"The planarian intestinal transcriptome and methods provide resources to study gut function, repair, and regeneration.",,,4,long_word_dense|hard_word_dense,15,100,6.666666666666667,3,0.2,6,0.4,,,
pilot_n20_v7_factuality_chase,gpt41_mini,rewritten,laysumm_elife_0062,eLife,62,16,These tools will support future research on digestive systems across animals.,,,0,,11,66,6.0,0,0.0,3,0.2727272727272727,,,
pilot_n20_v7_factuality_chase,gpt41_mini,rewritten,laysumm_elife_0070,eLife,70,1,Mitochondria need quality control to remove misfolded proteins and keep working properly.,,,2,hard_word_dense,12,77,6.416666666666667,1,0.08333333333333333,5,0.4166666666666667,,,
pilot_n20_v7_factuality_chase,gpt41_mini,rewritten,laysumm_elife_0070,eLife,70,2,Misfolded proteins can damage mitochondria and affect their essential functions.,,,2,hard_word_dense,10,70,7.0,1,0.1,4,0.4,,,
pilot_n20_v7_factuality_chase,gpt41_mini,rewritten,laysumm_elife_0070,eLife,70,3,Quality control pathways for misfolded mitochondrial proteins are not well understood.,,,4,long_word_dense|hard_word_dense|negation_or_contrast,11,75,6.818181818181818,2,0.18181818181818182,4,0.36363636363636365,,,
pilot_n20_v7_factuality_chase,gpt41_mini,rewritten,laysumm_elife_0070,eLife,70,4,"While cells remove misfolded proteins in general, how this happens in mitochondria is unclear.",,,0,,14,79,5.642857142857143,1,0.07142857142857142,4,0.2857142857142857,,,
pilot_n20_v7_factuality_chase,gpt41_mini,rewritten,laysumm_elife_0070,eLife,70,5,Researchers used temperature-sensitive mitochondrial outer membrane proteins sam35-2HAts and sen2-1HAts in yeast as models to study quality control.,,,0,number,18,122,6.777777777777778,3,0.16666666666666666,5,0.2777777777777778,,,
pilot_n20_v7_factuality_chase,gpt41_mini,rewritten,laysumm_elife_0070,eLife,70,6,"These proteins unfold at higher temperatures but remain localized to mitochondria, mimicking damaged mitochondrial proteins.",,,4,long_word_dense|hard_word_dense,15,108,7.2,3,0.2,6,0.4,,,
pilot_n20_v7_factuality_chase,gpt41_mini,rewritten,laysumm_elife_0070,eLife,70,7,The damaged proteins sen2-1HAts and sam35-2HAts are broken down at the mitochondrial outer membrane by the ubiquitin-proteasome system.,,,0,number,18,109,6.055555555555555,2,0.1111111111111111,4,0.2222222222222222,,,
pilot_n20_v7_factuality_chase,gpt41_mini,rewritten,laysumm_elife_0070,eLife,70,8,The cell tags these proteins with ubiquitin to mark them for destruction by the proteasome.,,,0,,15,76,5.066666666666666,2,0.13333333333333333,3,0.2,,,
pilot_n20_v7_factuality_chase,gpt41_mini,rewritten,laysumm_elife_0070,eLife,70,9,"The ubiquitin ligase Ubr1 tags sen2-1HAts, while San1 tags sam35-2HAts for degradation.",,,0,number,12,65,5.416666666666667,1,0.08333333333333333,3,0.25,,,
pilot_n20_v7_factuality_chase,gpt41_mini,rewritten,laysumm_elife_0070,eLife,70,10,These enzymes attach ubiquitin to the damaged proteins to signal their removal.,,,2,hard_word_dense,12,67,5.583333333333333,0,0.0,4,0.3333333333333333,,,
pilot_n20_v7_factuality_chase,gpt41_mini,rewritten,laysumm_elife_0070,eLife,70,11,Chaperone proteins from the SSA family and Hsp40 Sis1 are needed to degrade both damaged mitochondrial proteins.,,,0,number,17,92,5.411764705882353,1,0.058823529411764705,5,0.29411764705882354,,,
pilot_n20_v7_factuality_chase,gpt41_mini,rewritten,laysumm_elife_0070,eLife,70,12,Chaperones help recognize misfolded proteins and assist in their tagging for destruction.,,,2,hard_word_dense,12,77,6.416666666666667,2,0.16666666666666666,4,0.3333333333333333,,,
pilot_n20_v7_factuality_chase,gpt41_mini,rewritten,laysumm_elife_0070,eLife,70,13,"The Cdc48-Npl4-Ufd1 complex, Doa1, and the mitochondrial adaptor Ubx2 help remove these damaged proteins from the membrane.",,,0,number,17,96,5.647058823529412,1,0.058823529411764705,5,0.29411764705882354,,,
pilot_n20_v7_factuality_chase,gpt41_mini,rewritten,laysumm_elife_0070,eLife,70,14,These protein machines extract tagged proteins to deliver them to the proteasome.,,,0,,12,69,5.75,1,0.08333333333333333,3,0.25,,,
pilot_n20_v7_factuality_chase,gpt41_mini,rewritten,laysumm_elife_0070,eLife,70,15,This study defines a unique mitochondrial quality control pathway using both cytosolic and mitochondrial factors.,,,2,hard_word_dense,15,98,6.533333333333333,2,0.13333333333333333,6,0.4,,,
pilot_n20_v7_factuality_chase,gpt41_mini,rewritten,laysumm_elife_0070,eLife,70,16,This pathway is different from other cellular quality control systems and works at the mitochondrial outer membrane.,,,0,,17,99,5.823529411764706,1,0.058823529411764705,5,0.29411764705882354,,,
pilot_n20_v7_factuality_chase,gpt41_mini,rewritten,laysumm_elife_0163,eLife,163,1,MicroRNAs (miRNAs) are conserved noncoding RNAs that regulate gene expression posttranscriptionally; miR-9 is one of the most abundant miRNAs in the brain.,,,3,long_sentence|hard_word_dense|technical_density|number,22,128,5.818181818181818,2,0.09090909090909091,7,0.3181818181818182,,,
pilot_n20_v7_factuality_chase,gpt41_mini,rewritten,laysumm_elife_0163,eLife,163,2,Posttranscriptional regulation means controlling gene activity after RNA is made from DNA.,,,4,long_word_dense|hard_word_dense|technical_density,12,78,6.5,3,0.25,4,0.3333333333333333,,,
pilot_n20_v7_factuality_chase,gpt41_mini,rewritten,laysumm_elife_0163,eLife,163,3,"The function of miR-9 is well characterized in neural progenitors but remains largely unknown in differentiated neurons, especially regarding dendritic and synaptic development.",,,5,long_sentence|long_word_dense|hard_word_dense|technical_density|number,23,151,6.565217391304348,5,0.21739130434782608,9,0.391304347826087,,,
pilot_n20_v7_factuality_chase,gpt41_mini,rewritten,laysumm_elife_0163,eLife,163,4,Dendrites and synapses are parts of neurons that connect and communicate with other cells.,,,0,,14,76,5.428571428571429,1,0.07142857142857142,3,0.21428571428571427,,,
pilot_n20_v7_factuality_chase,gpt41_mini,rewritten,laysumm_elife_0163,eLife,163,5,Researchers created a conditional transgenic mouse with a miRNA sponge to block the miR-9 family in specific brain areas and times.,,,1,long_sentence|number,21,108,5.142857142857143,3,0.14285714285714285,5,0.23809523809523808,,,
pilot_n20_v7_factuality_chase,gpt41_mini,rewritten,laysumm_elife_0163,eLife,163,6,A miRNA sponge is a genetic tool that binds and inactivates miR-9 molecules.,,,0,number,13,61,4.6923076923076925,1,0.07692307692307693,3,0.23076923076923078,,,
pilot_n20_v7_factuality_chase,gpt41_mini,rewritten,laysumm_elife_0163,eLife,163,7,Blocking miR-9 in mice reduced dendritic growth and altered synaptic transmission in living neurons.,,,2,hard_word_dense|number,14,84,6.0,1,0.07142857142857142,5,0.35714285714285715,,,
pilot_n20_v7_factuality_chase,gpt41_mini,rewritten,laysumm_elife_0163,eLife,163,8,"Synaptic transmission is the process of sending signals between neurons. miR-9 lowers levels of REST, a transcriptional repressor that blocks genes needed for dendritic growth.",,,2,long_sentence|very_long_sentence|number,25,147,5.88,2,0.08,5,0.2,,,
pilot_n20_v7_factuality_chase,gpt41_mini,rewritten,laysumm_elife_0163,eLife,163,9,This downregulation of REST is necessary for normal dendritic maturation.,,,4,long_word_dense|hard_word_dense|technical_density,10,63,6.3,2,0.2,4,0.4,,,
pilot_n20_v7_factuality_chase,gpt41_mini,rewritten,laysumm_elife_0163,eLife,163,10,Elevated REST protein levels were found in neurons where miR-9 was blocked.,,,0,number,12,61,5.083333333333333,0,0.0,1,0.08333333333333333,,,
pilot_n20_v7_factuality_chase,gpt41_mini,rewritten,laysumm_elife_0163,eLife,163,11,This increase in REST is linked to the defects in dendritic growth.,,,0,,12,55,4.583333333333333,0,0.0,2,0.16666666666666666,,,
pilot_n20_v7_factuality_chase,gpt41_mini,rewritten,laysumm_elife_0163,eLife,163,12,MicroRNAs are small RNA molecules that control how genes are turned into proteins. miR-9 is a.,,,0,number,16,75,4.6875,0,0.0,2,0.125,,,
pilot_n20_v7_factuality_chase,gpt41_mini,rewritten,laysumm_elife_0163,eLife,163,13,"One microRNA, called miR-9, is abundant in the brain and is known to be involved in.",,,0,number,16,64,4.0,0,0.0,3,0.1875,,,
pilot_n20_v7_factuality_chase,gpt41_mini,rewritten,laysumm_elife_0163,eLife,163,14,"While miR-9's role in early neuron development is known, how it affects the growth of dendrites.",,,0,technical_density|number,16,76,4.75,1,0.0625,2,0.125,,,
pilot_n20_v7_factuality_chase,gpt41_mini,rewritten,laysumm_elife_0188,eLife,188,1,Vector-borne disease transmission peaks at intermediate temperatures and drops at high and low temperatures.,,,4,long_word_dense|hard_word_dense,14,93,6.642857142857143,5,0.35714285714285715,6,0.42857142857142855,,,
pilot_n20_v7_factuality_chase,gpt41_mini,rewritten,laysumm_elife_0188,eLife,188,2,Mosquitoes spread diseases best when it is not too cold or too hot because their survival and reproduction decline outside this range.,,,3,long_sentence|hard_word_dense|causal_or_inferential|negation_or_contrast,22,112,5.090909090909091,2,0.09090909090909091,7,0.3181818181818182,,,
pilot_n20_v7_factuality_chase,gpt41_mini,rewritten,laysumm_elife_0188,eLife,188,3,"We built a mechanistic model for the thermal response of Ross River virus, an important mosquito-borne pathogen in Australia and the Pacific Islands.",,,3,long_sentence|hard_word_dense,23,124,5.391304347826087,2,0.08695652173913043,7,0.30434782608695654,,,
pilot_n20_v7_factuality_chase,gpt41_mini,rewritten,laysumm_elife_0188,eLife,188,4,The model uses temperature effects on mosquitoes and the virus to predict transmission patterns.,,,2,long_word_dense,14,82,5.857142857142857,3,0.21428571428571427,3,0.21428571428571427,,,
pilot_n20_v7_factuality_chase,gpt41_mini,rewritten,laysumm_elife_0188,eLife,188,5,Ross River virus transmission peaks at 26.4°C and stops below 17.0°C or above 31.5°C.,,,1,long_sentence|number,20,56,2.8,1,0.05,2,0.1,,,
pilot_n20_v7_factuality_chase,gpt41_mini,rewritten,laysumm_elife_0188,eLife,188,6,These temperatures mark the thermal limits where the virus can no longer spread.,,,0,negation_or_contrast,13,67,5.153846153846154,1,0.07692307692307693,1,0.07692307692307693,,,
pilot_n20_v7_factuality_chase,gpt41_mini,rewritten,laysumm_elife_0188,eLife,188,7,The optimal temperature is largely determined by adult mosquito lifespan.,,,4,long_word_dense|hard_word_dense,10,63,6.3,2,0.2,6,0.6,,,
pilot_n20_v7_factuality_chase,gpt41_mini,rewritten,laysumm_elife_0188,eLife,188,8,The model predicts year-round virus spread in tropical regions and seasonal spread in temperate areas.,,,0,,15,86,5.733333333333333,0,0.0,3,0.2,,,
pilot_n20_v7_factuality_chase,gpt41_mini,rewritten,laysumm_elife_0188,eLife,188,9,This matches the seasonal peak in human cases seen across Australia.,,,0,,11,57,5.181818181818182,0,0.0,2,0.18181818181818182,,,
pilot_n20_v7_factuality_chase,gpt41_mini,rewritten,laysumm_elife_0188,eLife,188,10,"Temperature suitability varies seasonally, forcing transmission to zero part of the year in temperate zones.",,,4,long_word_dense|hard_word_dense,15,92,6.133333333333334,4,0.26666666666666666,5,0.3333333333333333,,,
pilot_n20_v7_factuality_chase,gpt41_mini,rewritten,laysumm_elife_0188,eLife,188,11,Moderate warming (~3°C) will likely increase virus transmission in temperate areas but decrease it in tropical areas near the thermal optimum.,,,3,long_sentence|hard_word_dense|hedged|number,22,116,5.2727272727272725,1,0.045454545454545456,8,0.36363636363636365,,,
pilot_n20_v7_factuality_chase,gpt41_mini,rewritten,laysumm_elife_0188,eLife,188,12,Most Australians live in temperate zones where warming makes conditions better for spread.,,,0,,13,77,5.923076923076923,2,0.15384615384615385,3,0.23076923076923078,,,
pilot_n20_v7_factuality_chase,gpt41_mini,rewritten,laysumm_elife_0188,eLife,188,13,"In tropical areas, warming may push temperatures above the upper thermal limit for much of the year.",,,0,hedged,17,82,4.823529411764706,1,0.058823529411764705,3,0.17647058823529413,,,
pilot_n20_v7_factuality_chase,gpt41_mini,rewritten,laysumm_elife_0188,eLife,188,14,Nonlinear models are needed because small temperature changes can increase or decrease virus spread depending on current temperatures.,,,2,hard_word_dense|causal_or_inferential,18,116,6.444444444444445,2,0.1111111111111111,7,0.3888888888888889,,,
pilot_n20_v7_factuality_chase,gpt41_mini,rewritten,laysumm_elife_0188,eLife,188,15,"The effect of warming varies along the thermal response curve of transmission, causing positive, negligible, or negative impacts on spread.",,,1,long_sentence,20,116,5.8,2,0.1,5,0.25,,,
pilot_n20_v7_factuality_chase,gpt41_mini,rewritten,laysumm_elife_0189,eLife,189,1,"Motor cortical beta oscillations are brain waves seen in motor cortex, but their behavioral correlates remain unclear.",,,0,technical_density,17,100,5.882352941176471,3,0.17647058823529413,4,0.23529411764705882,,,
pilot_n20_v7_factuality_chase,gpt41_mini,rewritten,laysumm_elife_0189,eLife,189,2,These oscillations have been reported for decades without a clear link to specific behaviors.,,,2,hard_word_dense|negation_or_contrast,14,79,5.642857142857143,1,0.07142857142857142,5,0.35714285714285715,,,
pilot_n20_v7_factuality_chase,gpt41_mini,rewritten,laysumm_elife_0189,eLife,189,3,Three macaque monkeys were trained to control their motor cortical beta oscillations using a neurofeedback task before reaching with their arm.,,,1,long_sentence,21,122,5.809523809523809,2,0.09523809523809523,5,0.23809523809523808,,,
pilot_n20_v7_factuality_chase,gpt41_mini,rewritten,laysumm_elife_0189,eLife,189,4,They achieved stable performance after about one week of training.,,,0,,10,56,5.6,1,0.1,2,0.2,,,
pilot_n20_v7_factuality_chase,gpt41_mini,rewritten,laysumm_elife_0189,eLife,189,5,Monkeys adjusted their beta oscillatory power to target levels before performing arm-reaching movements.,,,4,long_word_dense|hard_word_dense,13,90,6.923076923076923,3,0.23076923076923078,6,0.46153846153846156,,,
pilot_n20_v7_factuality_chase,gpt41_mini,rewritten,laysumm_elife_0189,eLife,189,6,"They held the beta power steady to move a cursor, then reached to get a reward.",,,0,,16,62,3.875,0,0.0,0,0.0,,,
pilot_n20_v7_factuality_chase,gpt41_mini,rewritten,laysumm_elife_0189,eLife,189,7,"Lower beta power before reaching was linked to faster movement starts, while higher beta power slowed movement onset.",,,0,,18,98,5.444444444444445,0,0.0,3,0.16666666666666666,,,
pilot_n20_v7_factuality_chase,gpt41_mini,rewritten,laysumm_elife_0189,eLife,189,8,This effect was consistent across all three monkeys and across trials.,,,0,,11,59,5.363636363636363,1,0.09090909090909091,1,0.09090909090909091,,,
pilot_n20_v7_factuality_chase,gpt41_mini,rewritten,laysumm_elife_0189,eLife,189,9,"Neural population activity patterns moved farther from movement onset states during beta oscillations, whether induced or natural.",,,2,hard_word_dense|technical_density,17,112,6.588235294117647,2,0.11764705882352941,6,0.35294117647058826,,,
pilot_n20_v7_factuality_chase,gpt41_mini,rewritten,laysumm_elife_0189,eLife,189,10,This means neurons were in a state less ready to start moving during high beta periods.,,,0,,16,71,4.4375,0,0.0,0,0.0,,,
pilot_n20_v7_factuality_chase,gpt41_mini,rewritten,laysumm_elife_0189,eLife,189,11,Beta oscillations in motor cortex correspond to neural patterns that slow the start of movement.,,,0,,15,81,5.4,2,0.13333333333333333,3,0.2,,,
pilot_n20_v7_factuality_chase,gpt41_mini,rewritten,laysumm_elife_0189,eLife,189,12,This provides a neural basis for why movement onset is delayed after beta activity.,,,0,,14,69,4.928571428571429,0,0.0,3,0.21428571428571427,,,
pilot_n20_v7_factuality_chase,gpt41_mini,rewritten,laysumm_elife_0189,eLife,189,13,"Beta oscillations are brain waves seen in motor cortex, but how they relate to behavior has.",,,0,,16,75,4.6875,1,0.0625,3,0.1875,,,
pilot_n20_v7_factuality_chase,gpt41_mini,rewritten,laysumm_elife_0189,eLife,189,14,Brain waves called beta oscillations occur in motor areas but their role in behavior is not.,,,0,,16,76,4.75,1,0.0625,2,0.125,,,
pilot_n20_v7_factuality_chase,gpt41_mini,rewritten,laysumm_elife_0189,eLife,189,15,"Monkeys with implanted electrodes learned to increase or decrease beta brain waves on command, then reach.",,,0,,16,89,5.5625,1,0.0625,4,0.25,,,
pilot_n20_v7_factuality_chase,gpt41_mini,rewritten,laysumm_plos_0051,PLOS,51,1,"Some viruses like Marburg virus, KSHV, and Dengue virus use Nrf2 to help infection, but HIV is blocked by Nrf2 activation.",,,1,long_sentence|number,21,96,4.571428571428571,1,0.047619047619047616,3,0.14285714285714285,,,
pilot_n20_v7_factuality_chase,gpt41_mini,rewritten,laysumm_plos_0051,PLOS,51,2,"Before this study, the effect of Nrf2 activation on HIV infection was unknown.",,,0,number,13,63,4.846153846153846,1,0.07692307692307693,3,0.23076923076923078,,,
pilot_n20_v7_factuality_chase,gpt41_mini,rewritten,laysumm_plos_0051,PLOS,51,3,"Sulforaphane (SFN), found in cruciferous vegetables, activates Nrf2 and changes cell gene expression.",,,4,long_word_dense|hard_word_dense|technical_density|number,13,83,6.384615384615385,4,0.3076923076923077,5,0.38461538461538464,,,
pilot_n20_v7_factuality_chase,gpt41_mini,rewritten,laysumm_plos_0051,PLOS,51,4,"SFN is produced when these vegetables are damaged, triggering Nrf2 inside cells.",,,2,hard_word_dense|number,12,66,5.5,2,0.16666666666666666,5,0.4166666666666667,,,
pilot_n20_v7_factuality_chase,gpt41_mini,rewritten,laysumm_plos_0051,PLOS,51,5,Continuous SFN treatment reduces HIV-1 89.6 replication in primary macrophages to background levels without reducing cell viability.,,,4,long_word_dense|hard_word_dense|negation_or_contrast|number,18,109,6.055555555555555,4,0.2222222222222222,7,0.3888888888888889,,,
pilot_n20_v7_factuality_chase,gpt41_mini,rewritten,laysumm_plos_0051,PLOS,51,6,SFN does not block HIV infection in primary T cells.,,,0,negation_or_contrast,10,42,4.2,0,0.0,2,0.2,,,
pilot_n20_v7_factuality_chase,gpt41_mini,rewritten,laysumm_plos_0051,PLOS,51,7,Removing Nrf2 increases HIV infection in primary macrophages and reduces SFN’s antiviral effect.,,,2,hard_word_dense|number,14,81,5.785714285714286,1,0.07142857142857142,7,0.5,,,
pilot_n20_v7_factuality_chase,gpt41_mini,rewritten,laysumm_plos_0051,PLOS,51,8,This shows Nrf2 is needed for SFN to block HIV in these cells.,,,0,number,13,48,3.6923076923076925,0,0.0,0,0.0,,,
pilot_n20_v7_factuality_chase,gpt41_mini,rewritten,laysumm_plos_0051,PLOS,51,9,SFN blocks HIV after the virus enters macrophages but before viral DNA forms 2-LTR circles.,,,0,number,15,74,4.933333333333334,1,0.06666666666666667,2,0.13333333333333333,,,
pilot_n20_v7_factuality_chase,gpt41_mini,rewritten,laysumm_plos_0051,PLOS,51,10,2-LTR circles are a step before the virus inserts its DNA into the cell genome.,,,0,number,15,62,4.133333333333334,0,0.0,2,0.13333333333333333,,,
pilot_n20_v7_factuality_chase,gpt41_mini,rewritten,laysumm_plos_0051,PLOS,51,11,SFN does not increase known antiviral proteins SAMHD1 or MX2 during HIV inhibition.,,,0,negation_or_contrast|number,13,68,5.230769230769231,1,0.07692307692307693,3,0.23076923076923078,,,
pilot_n20_v7_factuality_chase,gpt41_mini,rewritten,laysumm_plos_0051,PLOS,51,12,This means SFN blocks HIV by a different method than these proteins.,,,0,,12,56,4.666666666666667,0,0.0,1,0.08333333333333333,,,
pilot_n20_v7_factuality_chase,gpt41_mini,rewritten,laysumm_plos_0051,PLOS,51,13,"Activating Nrf2 can strongly block HIV infection, revealing a new antiviral mechanism.",,,2,hard_word_dense|technical_density|number,12,72,6.0,1,0.08333333333333333,5,0.4166666666666667,,,
pilot_n20_v7_factuality_chase,gpt41_mini,rewritten,laysumm_plos_0178,PLOS,178,1,Aedes-borne arboviruses such as dengue and Zika continue to cause epidemics worldwide.,,,2,hard_word_dense|causal_or_inferential,12,73,6.083333333333333,2,0.16666666666666666,5,0.4166666666666667,,,
pilot_n20_v7_factuality_chase,gpt41_mini,rewritten,laysumm_plos_0178,PLOS,178,2,"In the Dominican Republic, a large dengue epidemic was followed closely by Zika virus cases, allowing study of their different transmission drivers.",,,3,long_sentence|hard_word_dense,22,124,5.636363636363637,1,0.045454545454545456,8,0.36363636363636365,,,
pilot_n20_v7_factuality_chase,gpt41_mini,rewritten,laysumm_plos_0178,PLOS,178,3,"Researchers used retrospective surveillance data to analyze national outbreaks of dengue, Zika, and Guillain-Barre syndrome.",,,4,long_word_dense|hard_word_dense,15,106,7.066666666666666,4,0.26666666666666666,7,0.4666666666666667,,,
pilot_n20_v7_factuality_chase,gpt41_mini,rewritten,laysumm_plos_0178,PLOS,178,4,Retrospective data means looking back at already collected health records.,,,2,hard_word_dense,10,64,6.4,1,0.1,3,0.3,,,
pilot_n20_v7_factuality_chase,gpt41_mini,rewritten,laysumm_plos_0178,PLOS,178,5,"Dengue cases mostly occurred in people under 20 years old, while Zika infections were spread more evenly across ages.",,,1,long_sentence|number,19,95,5.0,1,0.05263157894736842,3,0.15789473684210525,,,
pilot_n20_v7_factuality_chase,gpt41_mini,rewritten,laysumm_plos_0178,PLOS,178,6,Dengue attack rates were marginally higher in males than females in the Dominican Republic.,,,0,,14,77,5.5,1,0.07142857142857142,4,0.2857142857142857,,,
pilot_n20_v7_factuality_chase,gpt41_mini,rewritten,laysumm_plos_0178,PLOS,178,7,"Attack rate means the number of cases per 10,000 people.",,,0,number,11,40,3.6363636363636362,0,0.0,0,0.0,,,
pilot_n20_v7_factuality_chase,gpt41_mini,rewritten,laysumm_plos_0178,PLOS,178,8,"Zika infections were much more common in females, with 73.8% of cases and higher age-adjusted attack rates than males.",,,1,long_sentence|number,20,92,4.6,2,0.1,3,0.15,,,
pilot_n20_v7_factuality_chase,gpt41_mini,rewritten,laysumm_plos_0178,PLOS,178,9,Age-adjusted rates account for differences in age distribution between sexes.,,,4,long_word_dense|hard_word_dense,10,66,6.6,3,0.3,3,0.3,,,
pilot_n20_v7_factuality_chase,gpt41_mini,rewritten,laysumm_plos_0178,PLOS,178,10,"The basic reproduction number (R0) for Zika was higher in females (1.84) than males (1.72), indicating greater transmission potential among women.",,,1,long_sentence|hedged|number,23,109,4.739130434782608,3,0.13043478260869565,5,0.21739130434782608,,,
pilot_n20_v7_factuality_chase,gpt41_mini,rewritten,laysumm_plos_0178,PLOS,178,11,R0 measures how many people one infected person can infect on average.,,,0,number,12,57,4.75,0,0.0,3,0.25,,,
pilot_n20_v7_factuality_chase,gpt41_mini,rewritten,laysumm_plos_0178,PLOS,178,12,"Guillain-Barre syndrome attack rates were slightly higher in males (0.62 per 10,000) than females (0.57 per 10,000) during the Zika outbreak.",,,2,long_sentence|very_long_sentence|number,25,95,3.8,1,0.04,3,0.12,,,
pilot_n20_v7_factuality_chase,gpt41_mini,rewritten,laysumm_plos_0178,PLOS,178,13,Guillain-Barre syndrome is a nerve disease linked to Zika infection.,,,2,hard_word_dense,10,57,5.7,1,0.1,4,0.4,,,
pilot_n20_v7_factuality_chase,gpt41_mini,rewritten,laysumm_plos_0178,PLOS,178,14,Existing dengue immunity appears to have little effect on Zika attack rates at the population level.,,,0,technical_density,16,84,5.25,1,0.0625,3,0.1875,,,
pilot_n20_v7_factuality_chase,gpt41_mini,rewritten,laysumm_plos_0178,PLOS,178,15,"Community awareness campaigns likely caused increased reporting of Zika infections among women of reproductive age, though biological susceptibility cannot be excluded.",,,5,long_sentence|long_word_dense|hard_word_dense|hedged|causal_or_inferential|negation_or_contrast,21,146,6.9523809523809526,4,0.19047619047619047,10,0.47619047619047616,,,
pilot_n20_v7_factuality_chase,gpt41_mini,rewritten,laysumm_plos_0178,PLOS,178,16,Health campaigns may have made women more likely to seek care and get diagnosed.,,,0,hedged,14,66,4.714285714285714,0,0.0,2,0.14285714285714285,,,
pilot_n20_v7_factuality_chase,gpt41_mini,rewritten,laysumm_plos_0178,PLOS,178,17,Media campaigns and screening are recommended for women of reproductive age during Zika outbreaks.,,,0,,14,84,6.0,2,0.14285714285714285,2,0.14285714285714285,,,
pilot_n20_v7_factuality_chase,gpt41_mini,rewritten,laysumm_plos_0209,PLOS,209,1,"When nitrogen is scarce, Anabaena filaments form a one-dimensional pattern of nitrogen-fixing heterocysts spaced by about ten photosynthetic vegetative cells.",,,5,long_sentence|long_word_dense|hard_word_dense,20,135,6.75,5,0.25,8,0.4,,,
pilot_n20_v7_factuality_chase,gpt41_mini,rewritten,laysumm_plos_0209,PLOS,209,2,"Heterocysts are specialized cells that fix nitrogen, while vegetative cells perform photosynthesis.",,,4,long_word_dense|hard_word_dense,12,86,7.166666666666667,4,0.3333333333333333,5,0.4166666666666667,,,
pilot_n20_v7_factuality_chase,gpt41_mini,rewritten,laysumm_plos_0209,PLOS,209,3,"The transcription factor HetR, essential for heterocyst differentiation, was studied using a chromosomally-encoded translational hetR-gfp fusion under nitrogen-rich and nitrogen-poor conditions.",,,5,long_sentence|long_word_dense|hard_word_dense,21,167,7.9523809523809526,8,0.38095238095238093,9,0.42857142857142855,,,
pilot_n20_v7_factuality_chase,gpt41_mini,rewritten,laysumm_plos_0209,PLOS,209,4,This fusion produces a fluorescent signal showing HetR activity in individual cells.,,,2,hard_word_dense,12,72,6.0,2,0.16666666666666666,4,0.3333333333333333,,,
pilot_n20_v7_factuality_chase,gpt41_mini,rewritten,laysumm_plos_0209,PLOS,209,5,"Expression fluctuations of hetR are linked between nearby cells along Anabaena filaments, with this coupling extending over about two to three cells.",,,1,long_sentence|technical_density,22,126,5.7272727272727275,2,0.09090909090909091,5,0.22727272727272727,,,
pilot_n20_v7_factuality_chase,gpt41_mini,rewritten,laysumm_plos_0209,PLOS,209,6,Cells close to each other show similar patterns of HetR activity.,,,0,,11,54,4.909090909090909,0,0.0,2,0.18181818181818182,,,
pilot_n20_v7_factuality_chase,gpt41_mini,rewritten,laysumm_plos_0209,PLOS,209,7,These linked expression patterns mainly result from molecules moving between cells rather than from recent cell division.,,,0,technical_density,17,104,6.117647058823529,1,0.058823529411764705,3,0.17647058823529413,,,
pilot_n20_v7_factuality_chase,gpt41_mini,rewritten,laysumm_plos_0209,PLOS,209,8,Intercellular molecular transfer allows cells to share regulatory signals affecting HetR levels.,,,2,hard_word_dense,12,84,7.0,2,0.16666666666666666,4,0.3333333333333333,,,
pilot_n20_v7_factuality_chase,gpt41_mini,rewritten,laysumm_plos_0209,PLOS,209,9,"Even under nitrogen-rich conditions, HetR expression fluctuates due to developmental controls and forms clusters that grow after nitrogen removal before resolving into single heterocysts.",,,5,long_sentence|long_word_dense|hard_word_dense|technical_density,24,161,6.708333333333333,6,0.25,10,0.4166666666666667,,,
pilot_n20_v7_factuality_chase,gpt41_mini,rewritten,laysumm_plos_0209,PLOS,209,10,Clusters are groups of cells with linked HetR activity that precede the formation of individual heterocysts.,,,2,hard_word_dense,16,92,5.75,2,0.125,5,0.3125,,,
pilot_n20_v7_factuality_chase,gpt41_mini,rewritten,laysumm_plos_0209,PLOS,209,11,"Under nitrogen-rich conditions, the HetR inhibitor PatS, cell communication via the septal protein SepJ, and HetR’s positive feedback regulate hetR expression fluctuations along filaments.",,,6,long_sentence|very_long_sentence|long_word_dense|hard_word_dense|technical_density,25,159,6.36,5,0.2,9,0.36,,,
pilot_n20_v7_factuality_chase,gpt41_mini,rewritten,laysumm_plos_0209,PLOS,209,12,"PatS and HetN inhibit heterocyst formation at early and later stages, respectively, while septal proteins SepJ and FraC/FraD differ in how they affect cell communication and hetR expression.",,,2,long_sentence|very_long_sentence|technical_density,29,159,5.482758620689655,4,0.13793103448275862,6,0.20689655172413793,,,
pilot_n20_v7_factuality_chase,gpt41_mini,rewritten,laysumm_plos_0209,PLOS,209,13,"Proteins that activate, inhibit, and enable cell communication work with natural gene expression randomness to control coupled fluctuations that create the one-dimensional pattern in Anabaena filaments.",,,6,long_sentence|very_long_sentence|long_word_dense|hard_word_dense|technical_density,26,173,6.653846153846154,5,0.19230769230769232,11,0.4230769230769231,,,
pilot_n20_v7_factuality_chase,gpt41_mini,rewritten,laysumm_plos_0228,PLOS,228,1,Humans can learn and store multiple visuomotor mappings when feedback for each mapping is given alternately.,,,0,,16,92,5.75,2,0.125,3,0.1875,,,
pilot_n20_v7_factuality_chase,gpt41_mini,rewritten,laysumm_plos_0228,PLOS,228,2,Visuomotor mappings are ways the brain links visual input to hand movements.,,,0,,12,64,5.333333333333333,1,0.08333333333333333,2,0.16666666666666666,,,
pilot_n20_v7_factuality_chase,gpt41_mini,rewritten,laysumm_plos_0228,PLOS,228,3,People use learned context cues to switch between different stored visuomotor mappings.,,,0,,12,75,6.25,1,0.08333333333333333,2,0.16666666666666666,,,
pilot_n20_v7_factuality_chase,gpt41_mini,rewritten,laysumm_plos_0228,PLOS,228,4,Context cues are signals from the environment that help select the right movement pattern.,,,0,,14,76,5.428571428571429,1,0.07142857142857142,2,0.14285714285714285,,,
pilot_n20_v7_factuality_chase,gpt41_mini,rewritten,laysumm_plos_0228,PLOS,228,5,It is unclear how associative learning between cues and visuomotor mappings generalises to new but similar conditions.,,,2,long_word_dense,17,101,5.9411764705882355,4,0.23529411764705882,5,0.29411764705882354,,,
pilot_n20_v7_factuality_chase,gpt41_mini,rewritten,laysumm_plos_0228,PLOS,228,6,Generalisation means applying learned movements to new situations with related cues.,,,4,long_word_dense|hard_word_dense,11,73,6.636363636363637,2,0.18181818181818182,4,0.36363636363636365,,,
pilot_n20_v7_factuality_chase,gpt41_mini,rewritten,laysumm_plos_0228,PLOS,228,7,Participants performed a rapid target-pointing task with visual feedback offsets that depended on the target's shape.,,,0,technical_density,16,99,6.1875,2,0.125,4,0.25,,,
pilot_n20_v7_factuality_chase,gpt41_mini,rewritten,laysumm_plos_0228,PLOS,228,8,"The feedback was shifted sideways, forcing different movements for different shapes.",,,2,hard_word_dense,11,72,6.545454545454546,0,0.0,4,0.36363636363636365,,,
pilot_n20_v7_factuality_chase,gpt41_mini,rewritten,laysumm_plos_0228,PLOS,228,9,Target shapes formed a continuous set morphed between spiky and circular shapes.,,,0,,12,68,5.666666666666667,1,0.08333333333333333,2,0.16666666666666666,,,
pilot_n20_v7_factuality_chase,gpt41_mini,rewritten,laysumm_plos_0228,PLOS,228,10,This created a smooth range of shape cues linked to different movements.,,,0,,12,60,5.0,0,0.0,2,0.16666666666666666,,,
pilot_n20_v7_factuality_chase,gpt41_mini,rewritten,laysumm_plos_0228,PLOS,228,11,"After training, participants were tested without feedback on novel target shapes they had not seen before.",,,0,technical_density|negation_or_contrast,16,89,5.5625,1,0.0625,2,0.125,,,
pilot_n20_v7_factuality_chase,gpt41_mini,rewritten,laysumm_plos_0228,PLOS,228,12,This tested how well they could generalise learned movements to new shapes.,,,0,hedged,12,63,5.25,1,0.08333333333333333,2,0.16666666666666666,,,
pilot_n20_v7_factuality_chase,gpt41_mini,rewritten,laysumm_plos_0228,PLOS,228,13,The study compared an explicit linear generalisation hypothesis with an implicit Bayesian learning model predicting categorisation-like generalisation.,,,4,long_word_dense|hard_word_dense,17,133,7.823529411764706,5,0.29411764705882354,8,0.47058823529411764,,,
pilot_n20_v7_factuality_chase,gpt41_mini,rewritten,laysumm_plos_0228,PLOS,228,14,The Bayesian model assumes people choose the closest learned movement rather than a smooth rule.,,,0,,15,81,5.4,0,0.0,2,0.13333333333333333,,,
pilot_n20_v7_factuality_chase,gpt41_mini,rewritten,laysumm_plos_0228,PLOS,228,15,Participants needed explicit awareness of the cue's role to learn and applied the mapping of the trained shape most similar to the current one.,,,1,long_sentence|technical_density,24,118,4.916666666666667,1,0.041666666666666664,4,0.16666666666666666,,,
pilot_n20_v7_factuality_chase,gpt41_mini,rewritten,laysumm_plos_0228,PLOS,228,16,"The Bayesian learning model predicted that learning slows down as the number of training pairs increases, which the results confirmed.",,,1,long_sentence,20,113,5.65,0,0.0,3,0.15,,,
pilot_n20_v7_factuality_chase,gpt41_mini,rewritten,laysumm_plos_0228,PLOS,228,17,The Bayesian learning model matches the data and offers a possible mechanism for learning multiple visuomotor mappings simultaneously.,,,0,technical_density,18,116,6.444444444444445,2,0.1111111111111111,5,0.2777777777777778,,,
pilot_n20_v7_factuality_chase,gpt41_mini,rewritten,laysumm_plos_0285,PLOS,285,1,Vertical control and elimination programs targeting specific neglected tropical diseases can reduce infection prevalence and intensity.,,,2,hard_word_dense,16,119,7.4375,2,0.125,11,0.6875,,,
pilot_n20_v7_factuality_chase,gpt41_mini,rewritten,laysumm_plos_0285,PLOS,285,2,Many NTD-endemic countries lack baseline data needed to start or expand control programs.,,,0,,13,75,5.769230769230769,1,0.07692307692307693,2,0.15384615384615385,,,
pilot_n20_v7_factuality_chase,gpt41_mini,rewritten,laysumm_plos_0285,PLOS,285,3,Baseline data are basic information needed for planning and advocacy.,,,2,hard_word_dense,10,59,5.9,1,0.1,3,0.3,,,
pilot_n20_v7_factuality_chase,gpt41_mini,rewritten,laysumm_plos_0285,PLOS,285,4,"Because neglected tropical diseases often overlap geographically, integrated mapping can save resources and improve efficiency.",,,4,long_word_dense|hard_word_dense|causal_or_inferential,15,111,7.4,3,0.2,10,0.6666666666666666,,,
pilot_n20_v7_factuality_chase,gpt41_mini,rewritten,laysumm_plos_0285,PLOS,285,5,"A new integrated mapping protocol called Integrated Threshold Mapping (ITM) was developed for four NTDs: lymphatic filariasis, trachoma, schistosomiasis, and soil-transmitted helminths.",,,5,long_sentence|long_word_dense|hard_word_dense,22,156,7.090909090909091,5,0.22727272727272727,9,0.4090909090909091,,,
pilot_n20_v7_factuality_chase,gpt41_mini,rewritten,laysumm_plos_0285,PLOS,285,6,The ITM protocol is resource-efficient and determines if disease levels have reached thresholds for public health interventions.,,,2,long_word_dense|technical_density,17,110,6.470588235294118,4,0.23529411764705882,5,0.29411764705882354,,,
pilot_n20_v7_factuality_chase,gpt41_mini,rewritten,laysumm_plos_0285,PLOS,285,7,Thresholds indicate when action is needed in a specific area called an implementation unit.,,,0,,14,77,5.5,2,0.14285714285714285,3,0.21428571428571427,,,
pilot_n20_v7_factuality_chase,gpt41_mini,rewritten,laysumm_plos_0285,PLOS,285,8,"ITM uses WHO-recommended disease indicators and age groups, sampling mostly at the district level except for schistosomiasis, which uses sub-district sampling.",,,3,long_sentence|long_word_dense,21,134,6.380952380952381,4,0.19047619047619047,5,0.23809523809523808,,,
pilot_n20_v7_factuality_chase,gpt41_mini,rewritten,laysumm_plos_0285,PLOS,285,9,WHO indicators are standard signs and measures for each disease.,,,2,hard_word_dense,10,54,5.4,1,0.1,3,0.3,,,
pilot_n20_v7_factuality_chase,gpt41_mini,rewritten,laysumm_plos_0285,PLOS,285,10,The ITM protocol was tested by comparing it to WHO mapping methods in one district each in Mali and Senegal.,,,1,long_sentence,20,88,4.4,0,0.0,3,0.15,,,
pilot_n20_v7_factuality_chase,gpt41_mini,rewritten,laysumm_plos_0285,PLOS,285,11,"ITM agreed with WHO methods on interventions for trachoma, lymphatic filariasis, and soil-transmitted helminths but gave more targeted recommendations for schistosomiasis.",,,5,long_sentence|long_word_dense|hard_word_dense|technical_density,21,147,7.0,5,0.23809523809523808,8,0.38095238095238093,,,
pilot_n20_v7_factuality_chase,gpt41_mini,rewritten,laysumm_plos_0285,PLOS,285,12,"ITM was practical, feasible, and showed cost savings compared to standard WHO methods.",,,0,,13,71,5.461538461538462,0,0.0,3,0.23076923076923078,,,
pilot_n20_v7_factuality_chase,gpt41_mini,rewritten,laysumm_plos_0285,PLOS,285,13,"ITM used fewer vehicles, smaller teams, and took about half the time to implement.",,,0,,14,66,4.714285714285714,0,0.0,2,0.14285714285714285,,,
pilot_n20_v7_factuality_chase,gpt41_mini,rewritten,laysumm_plos_0285,PLOS,285,14,This integrated mapping tool could help start and run needed NTD control programs in endemic countries.,,,0,hedged,16,87,5.4375,1,0.0625,2,0.125,,,
pilot_n20_v7_factuality_chase,gpt41_mini,rewritten,laysumm_plos_0457,PLOS,457,1,Stem cells naturally reside in specialized environments called niches that support their function.,,,2,hard_word_dense,13,85,6.538461538461538,2,0.15384615384615385,4,0.3076923076923077,,,
pilot_n20_v7_factuality_chase,gpt41_mini,rewritten,laysumm_plos_0457,PLOS,457,2,"As organs age, fewer stem cells remain in their supportive niches, but how this happens is not well known.",,,1,long_sentence|negation_or_contrast,19,85,4.473684210526316,1,0.05263157894736842,1,0.05263157894736842,,,
pilot_n20_v7_factuality_chase,gpt41_mini,rewritten,laysumm_plos_0457,PLOS,457,3,"In fruit flies, Notch signaling increases with age in female germline stem cells, causing them to leave the niche.",,,1,long_sentence,19,93,4.894736842105263,0,0.0,4,0.21052631578947367,,,
pilot_n20_v7_factuality_chase,gpt41_mini,rewritten,laysumm_plos_0457,PLOS,457,4,Notch signaling is a cell communication pathway that affects cell behavior.,,,0,,11,64,5.818181818181818,1,0.09090909090909091,3,0.2727272727272727,,,
pilot_n20_v7_factuality_chase,gpt41_mini,rewritten,laysumm_plos_0457,PLOS,457,5,"Stem cells with low Notch activity stick better to the niche by having more E-cadherin, a molecule that helps cells attach.",,,1,long_sentence,21,100,4.761904761904762,0,0.0,3,0.14285714285714285,,,
pilot_n20_v7_factuality_chase,gpt41_mini,rewritten,laysumm_plos_0457,PLOS,457,6,E-cadherin is a protein that strengthens cell-to-cell adhesion.,,,4,long_word_dense|hard_word_dense,8,52,6.5,2,0.25,3,0.375,,,
pilot_n20_v7_factuality_chase,gpt41_mini,rewritten,laysumm_plos_0457,PLOS,457,7,"Increasing Notch signaling in stem cells speeds up their age-related loss from the niche, partly through a protein called Sex lethal.",,,1,long_sentence,21,110,5.238095238095238,2,0.09523809523809523,3,0.14285714285714285,,,
pilot_n20_v7_factuality_chase,gpt41_mini,rewritten,laysumm_plos_0457,PLOS,457,8,Sex lethal helps regulate Notch signaling levels in these stem cells.,,,0,,11,58,5.2727272727272725,0,0.0,2,0.18181818181818182,,,
pilot_n20_v7_factuality_chase,gpt41_mini,rewritten,laysumm_plos_0457,PLOS,457,9,"Blocking Notch signaling in stem cells does not stop their loss with age and does not change BMP signaling, which supports stem cell renewal.",,,1,long_sentence|negation_or_contrast,24,116,4.833333333333333,0,0.0,3,0.125,,,
pilot_n20_v7_factuality_chase,gpt41_mini,rewritten,laysumm_plos_0457,PLOS,457,10,BMP signaling is another pathway that helps stem cells maintain themselves.,,,0,,11,64,5.818181818181818,1,0.09090909090909091,3,0.2727272727272727,,,
pilot_n20_v7_factuality_chase,gpt41_mini,rewritten,laysumm_plos_0457,PLOS,457,11,"Notch activity decreases with age in niche cells that keep stem cells in place, showing Notch controls stem cell retention both inside and outside the stem cells.",,,2,long_sentence|very_long_sentence,27,134,4.962962962962963,0,0.0,5,0.18518518518518517,,,
pilot_n20_v7_factuality_chase,gpt41_mini,rewritten,laysumm_plos_0457,PLOS,457,12,Niche cells form the environment that holds stem cells in position.,,,0,,11,56,5.090909090909091,1,0.09090909090909091,2,0.18181818181818182,,,
pilot_n20_v7_factuality_chase,gpt41_mini,rewritten,laysumm_plos_0457,PLOS,457,13,"Notch signaling controls how stem cells stick to their niche as they age, a role also seen in cancer cells where Notch reduces cell adhesion.",,,2,long_sentence|very_long_sentence,25,115,4.6,0,0.0,3,0.12,,,
pilot_n20_v7_factuality_chase,gpt41_mini,rewritten,laysumm_plos_0501,PLOS,501,1,HIV infection cannot currently be cured but can be controlled by combination treatment with multiple anti-retroviral drugs.,,,2,hard_word_dense|negation_or_contrast,17,105,6.176470588235294,3,0.17647058823529413,6,0.35294117647058826,,,
pilot_n20_v7_factuality_chase,gpt41_mini,rewritten,laysumm_plos_0501,PLOS,501,2,"Different viral genotypes exist for virtually each individual HIV patient, so the best drug combination varies per person.",,,0,,18,103,5.722222222222222,2,0.1111111111111111,5,0.2777777777777778,,,
pilot_n20_v7_factuality_chase,gpt41_mini,rewritten,laysumm_plos_0501,PLOS,501,3,Viral genotype means the genetic makeup of the virus in a patient.,,,0,,12,54,4.5,0,0.0,2,0.16666666666666666,,,
pilot_n20_v7_factuality_chase,gpt41_mini,rewritten,laysumm_plos_0501,PLOS,501,4,Computational models using viral genotypic and clinical phenotypic data can predict optimal HIV treatment regimens for individual patients.,,,2,hard_word_dense,18,121,6.722222222222222,3,0.16666666666666666,7,0.3888888888888889,,,
pilot_n20_v7_factuality_chase,gpt41_mini,rewritten,laysumm_plos_0501,PLOS,501,5,Clinical data shows how the virus behaves in the patient.,,,0,,10,47,4.7,0,0.0,2,0.2,,,
pilot_n20_v7_factuality_chase,gpt41_mini,rewritten,laysumm_plos_0501,PLOS,501,6,Current prediction models use only viral genetic sequences and ignore chemical similarities between drugs.,,,2,hard_word_dense|negation_or_contrast,14,92,6.571428571428571,2,0.14285714285714285,6,0.42857142857142855,,,
pilot_n20_v7_factuality_chase,gpt41_mini,rewritten,laysumm_plos_0501,PLOS,501,7,Proteochemometric models combine drug chemical features and viral protein properties to improve resistance predictions.,,,4,long_word_dense|hard_word_dense,14,105,7.5,4,0.2857142857142857,8,0.5714285714285714,,,
pilot_n20_v7_factuality_chase,gpt41_mini,rewritten,laysumm_plos_0501,PLOS,501,8,This approach links how drugs and virus proteins interact to predict drug effectiveness.,,,0,,13,75,5.769230769230769,1,0.07692307692307693,2,0.15384615384615385,,,
pilot_n20_v7_factuality_chase,gpt41_mini,rewritten,laysumm_plos_0501,PLOS,501,9,"The study used a large clinical database with about 300,000 drug-mutant bioactivity data points covering multiple drugs and thousands of HIV mutants.",,,1,long_sentence|number,23,119,5.173913043478261,2,0.08695652173913043,6,0.2608695652173913,,,
pilot_n20_v7_factuality_chase,gpt41_mini,rewritten,laysumm_plos_0501,PLOS,501,10,Bioactivity data measures how well drugs work against different virus variants.,,,0,,11,68,6.181818181818182,1,0.09090909090909091,3,0.2727272727272727,,,
pilot_n20_v7_factuality_chase,gpt41_mini,rewritten,laysumm_plos_0501,PLOS,501,11,"Proteochemometric models predicted drug resistance more accurately than sequence-only models, with errors below 0.5 Log Fold Change.",,,2,long_word_dense|negation_or_contrast|number,18,110,6.111111111111111,4,0.2222222222222222,5,0.2777777777777778,,,
pilot_n20_v7_factuality_chase,gpt41_mini,rewritten,laysumm_plos_0501,PLOS,501,12,Log Fold Change measures how much the virus resists a drug compared to normal.,,,0,,14,64,4.571428571428571,0,0.0,2,0.14285714285714285,,,
pilot_n20_v7_factuality_chase,gpt41_mini,rewritten,laysumm_plos_0501,PLOS,501,13,The models confirmed known and found new mutations in HIV Reverse Transcriptase and Protease that cause drug resistance.,,,2,hard_word_dense|causal_or_inferential,18,102,5.666666666666667,2,0.1111111111111111,6,0.3333333333333333,,,
pilot_n20_v7_factuality_chase,gpt41_mini,rewritten,laysumm_plos_0501,PLOS,501,14,"When tested on the Stanford HIV resistance database, the models correctly predicted resistance in 84% of cases, better than previous methods at 80%.",,,1,long_sentence|number,23,117,5.086956521739131,2,0.08695652173913043,5,0.21739130434782608,,,
pilot_n20_v7_factuality_chase,gpt41_mini,rewritten,laysumm_plos_0501,PLOS,501,15,These models can accurately predict drug resistance even for new HIV mutants and mixed virus populations.,,,2,long_word_dense|technical_density,16,89,5.5625,3,0.1875,3,0.1875,,,
pilot_n20_v7_factuality_chase,gpt41_mini,rewritten,laysumm_plos_0501,PLOS,501,16,The models include a reliability measure based on similarity to known virus sequences to inform users about prediction trustworthiness.,,,5,long_sentence|long_word_dense|hard_word_dense,19,116,6.105263157894737,4,0.21052631578947367,7,0.3684210526315789,,,
pilot_n20_v7_factuality_chase,gpt41_mini,rewritten,laysumm_plos_0563,PLOS,563,1,Staphylococcus aureus has cell wall-anchored proteins that help it stick to and invade tissues and avoid the immune system.,,,1,long_sentence,19,103,5.421052631578948,2,0.10526315789473684,4,0.21052631578947367,,,
pilot_n20_v7_factuality_chase,gpt41_mini,rewritten,laysumm_plos_0563,PLOS,563,2,"These proteins contribute to how harmful the bacteria are during skin infections by mediating adhesion, invasion, biofilm formation, and immune evasion.",,,3,long_sentence|hard_word_dense,21,128,6.095238095238095,2,0.09523809523809523,9,0.42857142857142855,,,
pilot_n20_v7_factuality_chase,gpt41_mini,rewritten,laysumm_plos_0563,PLOS,563,3,Clumping factor B (ClfB) is a surface protein that helps S. aureus attach inside the nose by binding to a skin protein called loricrin in the cornified envelope.,,,2,long_sentence|very_long_sentence,28,130,4.642857142857143,0,0.0,5,0.17857142857142858,,,
pilot_n20_v7_factuality_chase,gpt41_mini,rewritten,laysumm_plos_0563,PLOS,563,4,Loricrin is part of the outer skin layer inside the nose called the cornified envelope.,,,0,,15,72,4.8,0,0.0,4,0.26666666666666666,,,
pilot_n20_v7_factuality_chase,gpt41_mini,rewritten,laysumm_plos_0563,PLOS,563,5,"Before this study, the role of ClfB in skin and soft tissue infections (SSTI) was unknown.",,,0,,16,71,4.4375,1,0.0625,2,0.125,,,
pilot_n20_v7_factuality_chase,gpt41_mini,rewritten,laysumm_plos_0563,PLOS,563,6,ClfB is important for forming abscesses and controlling bacterial numbers early in skin infection by binding to loricrin in the infected tissue.,,,3,long_sentence|hard_word_dense,22,122,5.545454545454546,1,0.045454545454545456,7,0.3181818181818182,,,
pilot_n20_v7_factuality_chase,gpt41_mini,rewritten,laysumm_plos_0563,PLOS,563,7,"This binding affects how the abscess forms and how many bacteria grow at the start of infection, as loricrin is expressed within the abscess tissue.",,,2,long_sentence|very_long_sentence,25,122,4.88,0,0.0,4,0.16,,,
pilot_n20_v7_factuality_chase,gpt41_mini,rewritten,laysumm_plos_0563,PLOS,563,8,A vaccine targeting ClfB triggers antibody and immune cell responses that protect against S. aureus skin infection.,,,2,hard_word_dense,17,97,5.705882352941177,0,0.0,6,0.35294117647058826,,,
pilot_n20_v7_factuality_chase,gpt41_mini,rewritten,laysumm_plos_0563,PLOS,563,9,The vaccine reduced abscess size and bacterial levels in infected mice by inducing both humoral and cellular immune responses.,,,3,long_sentence|hard_word_dense,19,107,5.631578947368421,0,0.0,9,0.47368421052631576,,,
pilot_n20_v7_factuality_chase,gpt41_mini,rewritten,laysumm_plos_0563,PLOS,563,10,ClfB is a promising antigen for future vaccines against S. aureus skin and soft tissue infections.,,,2,hard_word_dense,16,81,5.0625,1,0.0625,5,0.3125,,,
pilot_n20_v7_factuality_chase,gpt41_mini,rewritten,laysumm_plos_1116,PLOS,1116,1,Dengue virus (DENV) causes about 100 million symptomatic infections worldwide each year.,,,0,causal_or_inferential|number,12,71,5.916666666666667,2,0.16666666666666666,3,0.25,,,
pilot_n20_v7_factuality_chase,gpt41_mini,rewritten,laysumm_plos_1116,PLOS,1116,2,DENV is a common mosquito-borne virus affecting many people globally.,,,2,hard_word_dense,10,58,5.8,1,0.1,3,0.3,,,
pilot_n20_v7_factuality_chase,gpt41_mini,rewritten,laysumm_plos_1116,PLOS,1116,3,DENV infection can range from mild dengue fever (DF) to severe dengue hemorrhagic fever (DHF).,,,0,,15,75,5.0,1,0.06666666666666667,3,0.2,,,
pilot_n20_v7_factuality_chase,gpt41_mini,rewritten,laysumm_plos_1116,PLOS,1116,4,DHF is a more dangerous form of dengue that can threaten life.,,,0,,12,50,4.166666666666667,0,0.0,1,0.08333333333333333,,,
pilot_n20_v7_factuality_chase,gpt41_mini,rewritten,laysumm_plos_1116,PLOS,1116,5,Severe dengue symptoms usually appear 5 to 7 days after fever starts during the critical phase.,,,0,number,16,77,4.8125,0,0.0,3,0.1875,,,
pilot_n20_v7_factuality_chase,gpt41_mini,rewritten,laysumm_plos_1116,PLOS,1116,6,The reasons why some patients worsen from DF to DHF at this time are not well understood.,,,0,negation_or_contrast,17,72,4.235294117647059,1,0.058823529411764705,1,0.058823529411764705,,,
pilot_n20_v7_factuality_chase,gpt41_mini,rewritten,laysumm_plos_1116,PLOS,1116,7,Researchers used mass spectrometry to analyze blood serum from adult DF and DHF patients at critical and recovery phases.,,,1,long_sentence,19,102,5.368421052631579,2,0.10526315789473684,5,0.2631578947368421,,,
pilot_n20_v7_factuality_chase,gpt41_mini,rewritten,laysumm_plos_1116,PLOS,1116,8,This method measures many small molecules called metabolites in the blood.,,,0,,11,63,5.7272727272727275,1,0.09090909090909091,3,0.2727272727272727,,,
pilot_n20_v7_factuality_chase,gpt41_mini,rewritten,laysumm_plos_1116,PLOS,1116,9,"At the critical phase, 29 metabolites differed between DF and DHF patients, including bile acids, purines, acylcarnitines, phospholipids, and amino acids.",,,3,long_sentence|hard_word_dense|number,21,125,5.9523809523809526,3,0.14285714285714285,8,0.38095238095238093,,,
pilot_n20_v7_factuality_chase,gpt41_mini,rewritten,laysumm_plos_1116,PLOS,1116,10,Bile acids were up to five times higher in DHF patients and linked to increased liver injury markers AST and ALT.,,,1,long_sentence,21,92,4.380952380952381,0,0.0,2,0.09523809523809523,,,
pilot_n20_v7_factuality_chase,gpt41_mini,rewritten,laysumm_plos_1116,PLOS,1116,11,AST and ALT are enzymes that indicate liver damage when elevated.,,,2,hard_word_dense,11,54,4.909090909090909,0,0.0,4,0.36363636363636365,,,
pilot_n20_v7_factuality_chase,gpt41_mini,rewritten,laysumm_plos_1116,PLOS,1116,12,"Uric acid, a key antioxidant in blood, was 1.5 times lower in DHF patients than in DF patients.",,,1,long_sentence|number,19,72,3.789473684210526,1,0.05263157894736842,1,0.05263157894736842,,,
pilot_n20_v7_factuality_chase,gpt41_mini,rewritten,laysumm_plos_1116,PLOS,1116,13,Lower uric acid may reduce the body's defense against harmful oxidative stress.,,,0,hedged,12,66,5.5,0,0.0,3,0.25,,,
pilot_n20_v7_factuality_chase,gpt41_mini,rewritten,laysumm_plos_1116,PLOS,1116,14,"During recovery, eight metabolites including the bile acid chenodeoxyglycocholic acid remained altered in DHF patients.",,,2,hard_word_dense,15,103,6.866666666666666,2,0.13333333333333333,6,0.4,,,
pilot_n20_v7_factuality_chase,gpt41_mini,rewritten,laysumm_plos_1116,PLOS,1116,15,This suggests that liver effects from severe dengue may last beyond the critical phase.,,,0,hedged,14,73,5.214285714285714,0,0.0,2,0.14285714285714285,,,
pilot_n20_v7_factuality_chase,gpt41_mini,rewritten,laysumm_plos_1116,PLOS,1116,16,The study identified altered metabolic pathways linked to DHF during critical and recovery phases.,,,2,hard_word_dense,14,84,6.0,1,0.07142857142857142,5,0.35714285714285715,,,
pilot_n20_v7_factuality_chase,gpt41_mini,rewritten,laysumm_plos_1116,PLOS,1116,17,These metabolic changes improve understanding of DHF and point to possible new treatment targets.,,,0,,14,83,5.928571428571429,1,0.07142857142857142,4,0.2857142857142857,,,
pilot_n20_v7_factuality_chase,gpt41_mini,rewritten,laysumm_plos_1309,PLOS,1309,1,The levels of substrate receptor proteins in Cullin-RING ubiquitin ligases (CRLs) are tightly controlled to keep all CRL types functional and avoid trapping core components.,,,4,long_sentence|very_long_sentence|hard_word_dense,25,145,5.8,4,0.16,8,0.32,,,
pilot_n20_v7_factuality_chase,gpt41_mini,rewritten,laysumm_plos_1309,PLOS,1309,2,"Substrate receptors help CRLs recognize targets, so their balance is essential.",,,2,hard_word_dense,11,67,6.090909090909091,0,0.0,5,0.45454545454545453,,,
pilot_n20_v7_factuality_chase,gpt41_mini,rewritten,laysumm_plos_1309,PLOS,1309,3,"Misregulation of substrate receptor parts of CRLs, especially SCF ligases, is linked to diseases including cancer.",,,2,hard_word_dense|technical_density,16,96,6.0,2,0.125,7,0.4375,,,
pilot_n20_v7_factuality_chase,gpt41_mini,rewritten,laysumm_plos_1309,PLOS,1309,4,"F-box proteins, the substrate receptors of SCF ligases, are normally controlled by tagging themselves for destruction within intact SCF complexes.",,,3,long_sentence|hard_word_dense,20,123,6.15,3,0.15,8,0.4,,,
pilot_n20_v7_factuality_chase,gpt41_mini,rewritten,laysumm_plos_1309,PLOS,1309,5,This tagging leads to their breakdown by the cell's protein recycling system called the proteasome.,,,0,causal_or_inferential,15,83,5.533333333333333,1,0.06666666666666667,2,0.13333333333333333,,,
pilot_n20_v7_factuality_chase,gpt41_mini,rewritten,laysumm_plos_1309,PLOS,1309,6,"When Met30 is not bound to Skp1, due to mutations or cadmium stress, it is rapidly degraded by the cell.",,,1,long_sentence|negation_or_contrast|number,20,79,3.95,0,0.0,3,0.15,,,
pilot_n20_v7_factuality_chase,gpt41_mini,rewritten,laysumm_plos_1309,PLOS,1309,7,Met30 is a yeast F-box protein that normally binds Skp1 as part of SCF ligases.,,,0,number,15,60,4.0,0,0.0,2,0.13333333333333333,,,
pilot_n20_v7_factuality_chase,gpt41_mini,rewritten,laysumm_plos_1309,PLOS,1309,8,A new degradation pathway targets Met30 that is free from Skp1 and requires the cullin protein Cdc53/Cul1 but not Skp1.,,,1,long_sentence|negation_or_contrast|number,21,91,4.333333333333333,1,0.047619047619047616,2,0.09523809523809523,,,
pilot_n20_v7_factuality_chase,gpt41_mini,rewritten,laysumm_plos_1309,PLOS,1309,9,This shows that Cdc53 can act independently of Skp1 in degrading Met30.,,,0,causal_or_inferential|number,12,54,4.5,1,0.08333333333333333,2,0.16666666666666666,,,
pilot_n20_v7_factuality_chase,gpt41_mini,rewritten,laysumm_plos_1309,PLOS,1309,10,"The SCF core proteins Cdc53, Rbx1, and the enzyme Cdc34 work together to tag unbound Met30 for degradation without Skp1.",,,1,long_sentence|negation_or_contrast|number,20,90,4.5,1,0.05,3,0.15,,,
pilot_n20_v7_factuality_chase,gpt41_mini,rewritten,laysumm_plos_1309,PLOS,1309,11,This tagging process is called ubiquitylation and marks Met30 for destruction.,,,2,long_word_dense|number,11,65,5.909090909090909,2,0.18181818181818182,2,0.18181818181818182,,,
pilot_n20_v7_factuality_chase,gpt41_mini,rewritten,laysumm_plos_1309,PLOS,1309,12,"Cdc53 and Rbx1 can directly bind Met30 without Skp1, attaching at a region near the F-box domain.",,,0,negation_or_contrast|number,17,72,4.235294117647059,0,0.0,2,0.11764705882352941,,,
pilot_n20_v7_factuality_chase,gpt41_mini,rewritten,laysumm_plos_1309,PLOS,1309,13,This binding depends on a specific sequence called the degron region that controls Met30 stability.,,,0,number,15,82,5.466666666666667,0,0.0,3,0.2,,,
pilot_n20_v7_factuality_chase,gpt41_mini,rewritten,laysumm_plos_1309,PLOS,1309,14,This Skp1-independent degradation pathway is important for chromosome stability and helps yeast survive heavy metal stress like cadmium.,,,2,hard_word_dense|number,18,116,6.444444444444445,3,0.16666666666666666,6,0.3333333333333333,,,
pilot_n20_v7_factuality_chase,gpt41_mini,rewritten,laysumm_plos_1309,PLOS,1309,15,"Cadmium stress causes Met30 to detach from Skp1, increasing the need for this alternative degradation route.",,,2,long_word_dense|causal_or_inferential|number,16,88,5.5,3,0.1875,3,0.1875,,,
pilot_n20_v8_factuality_chase,gemini3_flash_preview_minimal,generated,laysumm_elife_0006,eLife,6,1,Many decisions arise from the accumulation of noisy evidence until it reaches a threshold.,,,0,,14,76,5.428571428571429,1,0.07142857142857142,4,0.2857142857142857,,,
pilot_n20_v8_factuality_chase,gemini3_flash_preview_minimal,generated,laysumm_elife_0006,eLife,6,2,This process is known as the bounded evidence accumulation model.,,,0,,10,55,5.5,1,0.1,2,0.2,,,
pilot_n20_v8_factuality_chase,gemini3_flash_preview_minimal,generated,laysumm_elife_0006,eLife,6,3,"This mechanism explains how stimulus strength affects decision speed, accuracy, and confidence.",,,2,hard_word_dense|technical_density|causal_or_inferential,12,81,6.75,1,0.08333333333333333,5,0.4166666666666667,,,
pilot_n20_v8_factuality_chase,gemini3_flash_preview_minimal,generated,laysumm_elife_0006,eLife,6,4,Stimulus strength is often measured by the signal-to-noise ratio of the information.,,,2,hard_word_dense,12,70,5.833333333333333,2,0.16666666666666666,4,0.3333333333333333,,,
pilot_n20_v8_factuality_chase,gemini3_flash_preview_minimal,generated,laysumm_elife_0006,eLife,6,5,The model paradoxically predicts that an increase in noise leads to higher confidence.,,,0,causal_or_inferential,13,73,5.615384615384615,2,0.15384615384615385,3,0.23076923076923078,,,
pilot_n20_v8_factuality_chase,gemini3_flash_preview_minimal,generated,laysumm_elife_0006,eLife,6,6,Higher noise also leads to faster decisions because evidence reaches the boundary more quickly.,,,0,causal_or_inferential,14,81,5.785714285714286,0,0.0,4,0.2857142857142857,,,
pilot_n20_v8_factuality_chase,gemini3_flash_preview_minimal,generated,laysumm_elife_0006,eLife,6,7,Researchers used random dot motion to add unbiased noise to the visual cortex.,,,0,,13,65,5.0,1,0.07692307692307693,2,0.15384615384615385,,,
pilot_n20_v8_factuality_chase,gemini3_flash_preview_minimal,generated,laysumm_elife_0006,eLife,6,8,The researchers verified this sensory manipulation using neuronal recordings from macaque areas MT/MST.,,,4,long_word_dense|hard_word_dense,14,89,6.357142857142857,3,0.21428571428571427,7,0.5,,,
pilot_n20_v8_factuality_chase,gemini3_flash_preview_minimal,generated,laysumm_elife_0006,eLife,6,9,"In both humans and monkeys, increasing the noise induced faster decisions and greater confidence.",,,0,,14,82,5.857142857142857,2,0.14285714285714285,4,0.2857142857142857,,,
pilot_n20_v8_factuality_chase,gemini3_flash_preview_minimal,generated,laysumm_elife_0006,eLife,6,10,These effects occurred over a range of stimuli where accuracy was minimally impaired.,,,2,hard_word_dense,13,72,5.538461538461538,0,0.0,5,0.38461538461538464,,,
pilot_n20_v8_factuality_chase,gemini3_flash_preview_minimal,generated,laysumm_elife_0006,eLife,6,11,The magnitude of the effects was in agreement with predictions of the model.,,,0,,13,63,4.846153846153846,1,0.07692307692307693,3,0.23076923076923078,,,
pilot_n20_v8_factuality_chase,gemini3_flash_preview_minimal,generated,laysumm_elife_0006,eLife,6,12,This indicates a common mechanism explains how volatility influences choices across different species.,,,2,hard_word_dense|technical_density|causal_or_inferential,13,89,6.846153846153846,2,0.15384615384615385,5,0.38461538461538464,,,
pilot_n20_v8_factuality_chase,gemini3_flash_preview_minimal,generated,laysumm_elife_0006,eLife,6,13,Increased volatility makes the accumulated evidence reach the decision boundary more rapidly.,,,2,hard_word_dense,12,81,6.75,2,0.16666666666666666,7,0.5833333333333334,,,
pilot_n20_v8_factuality_chase,gemini3_flash_preview_minimal,generated,laysumm_elife_0006,eLife,6,14,This rapid movement explains why noisy evidence can result in faster choice times.,,,0,causal_or_inferential,13,69,5.3076923076923075,0,0.0,2,0.15384615384615385,,,
pilot_n20_v8_factuality_chase,gemini3_flash_preview_minimal,generated,laysumm_elife_0006,eLife,6,15,The manipulation added a second level of randomness to the visual display.,,,0,,12,62,5.166666666666667,2,0.16666666666666666,2,0.16666666666666666,,,
pilot_n20_v8_factuality_chase,gemini3_flash_preview_minimal,generated,laysumm_elife_0006,eLife,6,16,This method increased volatility without changing the average strength of the motion signal.,,,0,negation_or_contrast,13,79,6.076923076923077,1,0.07692307692307693,3,0.23076923076923078,,,
pilot_n20_v8_factuality_chase,gemini3_flash_preview_minimal,generated,laysumm_elife_0006,eLife,6,17,High volatility increased the confidence of the monkeys despite a negligible effect on accuracy.,,,4,long_word_dense|hard_word_dense,14,82,5.857142857142857,3,0.21428571428571427,6,0.42857142857142855,,,
pilot_n20_v8_factuality_chase,gemini3_flash_preview_minimal,generated,laysumm_elife_0006,eLife,6,18,Monkeys indicated confidence by choosing between a guaranteed small reward or a larger reward.,,,0,,14,80,5.714285714285714,2,0.14285714285714285,3,0.21428571428571427,,,
pilot_n20_v8_factuality_chase,gemini3_flash_preview_minimal,generated,laysumm_elife_0026,eLife,26,1,The Shigella flexneri effector protein OspI suppresses the human inflammatory response by deamidating the enzyme UBC13 at position Q100.,,,3,long_sentence|hard_word_dense|number,19,112,5.894736842105263,3,0.15789473684210525,9,0.47368421052631576,,,
pilot_n20_v8_factuality_chase,gemini3_flash_preview_minimal,generated,laysumm_elife_0026,eLife,26,2,Shigella flexneri is a pathogen that causes severe diarrhea by invading the intestine and hiding from the immune system.,,,3,long_sentence|hard_word_dense|causal_or_inferential,19,101,5.315789473684211,0,0.0,7,0.3684210526315789,,,
pilot_n20_v8_factuality_chase,gemini3_flash_preview_minimal,generated,laysumm_elife_0026,eLife,26,3,"Deamidation of UBC13 inhibits the synthesis of K63-linked polyubiquitin chains, which prevents the activation of the NF-κB immune signaling pathway.",,,3,long_sentence|hard_word_dense|number,20,120,6.0,3,0.15,7,0.35,,,
pilot_n20_v8_factuality_chase,gemini3_flash_preview_minimal,generated,laysumm_elife_0026,eLife,26,4,"Normally, UBC13 and TRAF6 must bind to trigger chemical signals that call for immune cells to clear the infection.",,,1,long_sentence|number,19,91,4.7894736842105265,0,0.0,4,0.21052631578947367,,,
pilot_n20_v8_factuality_chase,gemini3_flash_preview_minimal,generated,laysumm_elife_0026,eLife,26,5,Deamidation of the protein UBC13 inhibits its interaction with the protein TRAF6RING.,,,0,number,12,70,5.833333333333333,2,0.16666666666666666,3,0.25,,,
pilot_n20_v8_factuality_chase,gemini3_flash_preview_minimal,generated,laysumm_elife_0026,eLife,26,6,The bacterial modification specifically targets the binding interface where the two proteins usually meet.,,,2,hard_word_dense,14,92,6.571428571428571,2,0.14285714285714285,5,0.35714285714285715,,,
pilot_n20_v8_factuality_chase,gemini3_flash_preview_minimal,generated,laysumm_elife_0026,eLife,26,7,The deamidation of UBC13 at Q100 creates a new intramolecular salt-bridge that competes with a critical intermolecular salt-bridge at the UBC13/TRAF6 interface.,,,5,long_sentence|long_word_dense|hard_word_dense|number,23,127,5.521739130434782,5,0.21739130434782608,8,0.34782608695652173,,,
pilot_n20_v8_factuality_chase,gemini3_flash_preview_minimal,generated,laysumm_elife_0026,eLife,26,8,A salt-bridge is an electrical attraction between a positive and negative part of a protein.,,,4,long_word_dense|hard_word_dense,15,76,5.066666666666666,3,0.2,5,0.3333333333333333,,,
pilot_n20_v8_factuality_chase,gemini3_flash_preview_minimal,generated,laysumm_elife_0026,eLife,26,9,Electrostatic repulsion between the negatively charged glutamate (E100) and the TRAF6 RING surface prevents necessary transient interactions.,,,2,hard_word_dense|number,17,118,6.9411764705882355,3,0.17647058823529413,7,0.4117647058823529,,,
pilot_n20_v8_factuality_chase,gemini3_flash_preview_minimal,generated,laysumm_elife_0026,eLife,26,10,"Because both the modified site on UBC13 and the surface of TRAF6 are now negatively charged, they push each other away.",,,1,long_sentence|causal_or_inferential|number,21,94,4.476190476190476,1,0.047619047619047616,4,0.19047619047619047,,,
pilot_n20_v8_factuality_chase,gemini3_flash_preview_minimal,generated,laysumm_elife_0026,eLife,26,11,The bacterial effector OspI from Shigella flexneri inhibits host immune responses by modifying transient protein-protein associations and using salt-bridge competition.,,,5,long_sentence|long_word_dense|hard_word_dense|technical_density,20,146,7.3,4,0.2,12,0.6,,,
pilot_n20_v8_factuality_chase,gemini3_flash_preview_minimal,generated,laysumm_elife_0026,eLife,26,12,This study shows how a tiny chemical change can have a massive effect on how proteins find and stick to each other during an infection.,,,2,long_sentence|very_long_sentence,25,110,4.4,0,0.0,3,0.12,,,
pilot_n20_v8_factuality_chase,gemini3_flash_preview_minimal,generated,laysumm_elife_0028,eLife,28,1,Working memory depends on the coordinated interaction of distributed brain networks.,,,4,long_word_dense|hard_word_dense,11,73,6.636363636363637,3,0.2727272727272727,4,0.36363636363636365,,,
pilot_n20_v8_factuality_chase,gemini3_flash_preview_minimal,generated,laysumm_elife_0028,eLife,28,2,Working memory is the ability to hold and manipulate information in the mind over short periods.,,,0,,16,80,5.0,2,0.125,4,0.25,,,
pilot_n20_v8_factuality_chase,gemini3_flash_preview_minimal,generated,laysumm_elife_0028,eLife,28,3,Brain regions may exchange information by synchronizing their rhythmic electrical activity.,,,4,long_word_dense|hard_word_dense|hedged,11,80,7.2727272727272725,3,0.2727272727272727,5,0.45454545454545453,,,
pilot_n20_v8_factuality_chase,gemini3_flash_preview_minimal,generated,laysumm_elife_0028,eLife,28,4,These rhythmic waves occur when many brain cells send signals at the same time.,,,0,,14,65,4.642857142857143,0,0.0,0,0.0,,,
pilot_n20_v8_factuality_chase,gemini3_flash_preview_minimal,generated,laysumm_elife_0028,eLife,28,5,Researchers used transcranial alternating current stimulation (tACS) to manipulate brain waves in healthy volunteers.,,,4,long_word_dense|hard_word_dense,14,101,7.214285714285714,6,0.42857142857142855,6,0.42857142857142855,,,
pilot_n20_v8_factuality_chase,gemini3_flash_preview_minimal,generated,laysumm_elife_0028,eLife,28,6,The researchers applied 6 Hz stimulation to the right frontoparietal network of the brain.,,,2,long_word_dense|number,14,75,5.357142857142857,3,0.21428571428571427,3,0.21428571428571427,,,
pilot_n20_v8_factuality_chase,gemini3_flash_preview_minimal,generated,laysumm_elife_0028,eLife,28,7,The frontoparietal network involves regions at the front and side of the brain that support memory.,,,0,,16,83,5.1875,1,0.0625,3,0.1875,,,
pilot_n20_v8_factuality_chase,gemini3_flash_preview_minimal,generated,laysumm_elife_0028,eLife,28,8,Stimulation targeted the middle frontal gyrus and inferior parietal lobule.,,,2,hard_word_dense,10,65,6.5,1,0.1,5,0.5,,,
pilot_n20_v8_factuality_chase,gemini3_flash_preview_minimal,generated,laysumm_elife_0028,eLife,28,9,Synchronous stimulation improved reaction times during difficult memory tasks.,,,4,long_word_dense|hard_word_dense,9,69,7.666666666666667,2,0.2222222222222222,5,0.5555555555555556,,,
pilot_n20_v8_factuality_chase,gemini3_flash_preview_minimal,generated,laysumm_elife_0028,eLife,28,10,This improvement occurred during the 2-back task but not the easier 1-back task.,,,0,negation_or_contrast|number,13,63,4.846153846153846,1,0.07692307692307693,2,0.15384615384615385,,,
pilot_n20_v8_factuality_chase,gemini3_flash_preview_minimal,generated,laysumm_elife_0028,eLife,28,11,Participants had to monitor number sequences and spot repeated patterns.,,,2,hard_word_dense|technical_density,10,62,6.2,1,0.1,4,0.4,,,
pilot_n20_v8_factuality_chase,gemini3_flash_preview_minimal,generated,laysumm_elife_0028,eLife,28,12,Brain scans showed that synchronous stimulation increased activity in the parietal region.,,,2,hard_word_dense,12,78,6.5,2,0.16666666666666666,5,0.4166666666666667,,,
pilot_n20_v8_factuality_chase,gemini3_flash_preview_minimal,generated,laysumm_elife_0028,eLife,28,13,Increased activity in the right inferior parietal lobe led to faster responses.,,,2,hard_word_dense,12,67,5.583333333333333,0,0.0,5,0.4166666666666667,,,
pilot_n20_v8_factuality_chase,gemini3_flash_preview_minimal,generated,laysumm_elife_0028,eLife,28,14,The parietal lobe is a part of the brain involved in processing sensory information and spatial reasoning.,,,2,hard_word_dense,17,89,5.235294117647059,2,0.11764705882352941,6,0.35294117647058826,,,
pilot_n20_v8_factuality_chase,gemini3_flash_preview_minimal,generated,laysumm_elife_0028,eLife,28,15,The timing of the electrical stimulation changed how different parts of the network communicated.,,,2,long_word_dense,14,83,5.928571428571429,3,0.21428571428571427,4,0.2857142857142857,,,
pilot_n20_v8_factuality_chase,gemini3_flash_preview_minimal,generated,laysumm_elife_0028,eLife,28,16,This stimulation increased functional connectivity between the parietal and frontal areas.,,,4,long_word_dense|hard_word_dense,11,79,7.181818181818182,3,0.2727272727272727,5,0.45454545454545453,,,
pilot_n20_v8_factuality_chase,gemini3_flash_preview_minimal,generated,laysumm_elife_0028,eLife,28,17,Functional connectivity measures how well different brain areas work together.,,,4,long_word_dense|hard_word_dense,10,68,6.8,2,0.2,5,0.5,,,
pilot_n20_v8_factuality_chase,gemini3_flash_preview_minimal,generated,laysumm_elife_0028,eLife,28,18,The study provides evidence that synchronization across large networks drives cognitive performance.,,,2,hard_word_dense|technical_density|causal_or_inferential,12,88,7.333333333333333,2,0.16666666666666666,5,0.4166666666666667,,,
pilot_n20_v8_factuality_chase,gemini3_flash_preview_minimal,generated,laysumm_elife_0028,eLife,28,19,The results show a direct link between brain synchronization and working memory performance.,,,0,,13,79,6.076923076923077,2,0.15384615384615385,3,0.23076923076923078,,,
pilot_n20_v8_factuality_chase,gemini3_flash_preview_minimal,generated,laysumm_elife_0035,eLife,35,1,The granular retrosplenial cortex is essential for both spatial and non-spatial behaviors.,,,2,hard_word_dense,12,77,6.416666666666667,2,0.16666666666666666,5,0.4166666666666667,,,
pilot_n20_v8_factuality_chase,gemini3_flash_preview_minimal,generated,laysumm_elife_0035,eLife,35,2,"These behaviors include navigation, learning, and memory.",,,2,hard_word_dense,7,48,6.857142857142857,1,0.14285714285714285,4,0.5714285714285714,,,
pilot_n20_v8_factuality_chase,gemini3_flash_preview_minimal,generated,laysumm_elife_0035,eLife,35,3,Researchers used optogenetic mapping in mice to study the granular retrosplenial cortex.,,,4,long_word_dense|hard_word_dense,12,76,6.333333333333333,3,0.25,4,0.3333333333333333,,,
pilot_n20_v8_factuality_chase,gemini3_flash_preview_minimal,generated,laysumm_elife_0035,eLife,35,4,This region contains low-rheobase neurons and regular-spiking neurons.,,,2,long_word_dense,8,60,7.5,2,0.25,2,0.25,,,
pilot_n20_v8_factuality_chase,gemini3_flash_preview_minimal,generated,laysumm_elife_0035,eLife,35,5,The anterior thalamus and dorsal subiculum provide spatial information to low-rheobase neurons.,,,2,hard_word_dense,12,82,6.833333333333333,2,0.16666666666666666,6,0.5,,,
pilot_n20_v8_factuality_chase,gemini3_flash_preview_minimal,generated,laysumm_elife_0035,eLife,35,6,Low-rheobase neurons are specialized to receive compass-like signals about where an animal is facing.,,,4,long_word_dense|hard_word_dense,14,85,6.071428571428571,3,0.21428571428571427,5,0.35714285714285715,,,
pilot_n20_v8_factuality_chase,gemini3_flash_preview_minimal,generated,laysumm_elife_0035,eLife,35,7,Regular-spiking cells process non-spatial information from the claustrum and anterior cingulate.,,,4,long_word_dense|hard_word_dense,11,83,7.545454545454546,3,0.2727272727272727,5,0.45454545454545453,,,
pilot_n20_v8_factuality_chase,gemini3_flash_preview_minimal,generated,laysumm_elife_0035,eLife,35,8,Regular-spiking cells handle data from different brain regions while their neighbors handle space.,,,0,,13,84,6.461538461538462,1,0.07692307692307693,2,0.15384615384615385,,,
pilot_n20_v8_factuality_chase,gemini3_flash_preview_minimal,generated,laysumm_elife_0035,eLife,35,9,Parallel processing is enabled by precise anatomical organization within layer 1.,,,4,long_word_dense|hard_word_dense|number,11,69,6.2727272727272725,3,0.2727272727272727,6,0.5454545454545454,,,
pilot_n20_v8_factuality_chase,gemini3_flash_preview_minimal,generated,laysumm_elife_0035,eLife,35,10,The physical layout of the brain wiring ensures that the two types of information do not get mixed up.,,,1,long_sentence|negation_or_contrast,19,83,4.368421052631579,1,0.05263157894736842,3,0.15789473684210525,,,
pilot_n20_v8_factuality_chase,gemini3_flash_preview_minimal,generated,laysumm_elife_0035,eLife,35,11,Low-rheobase neurons can compute the speed of head rotation.,,,2,hard_word_dense,9,50,5.555555555555555,1,0.1111111111111111,3,0.3333333333333333,,,
pilot_n20_v8_factuality_chase,gemini3_flash_preview_minimal,generated,laysumm_elife_0035,eLife,35,12,Low-rheobase cells calculate how fast the mouse is turning even when incoming signals only say which way the mouse is facing.,,,1,long_sentence|negation_or_contrast,21,103,4.904761904761905,1,0.047619047619047616,3,0.14285714285714285,,,
pilot_n20_v8_factuality_chase,gemini3_flash_preview_minimal,generated,laysumm_elife_0035,eLife,35,13,Low-rheobase neurons are the primary subtype for encoding spatial information.,,,4,long_word_dense|hard_word_dense,10,67,6.7,2,0.2,5,0.5,,,
pilot_n20_v8_factuality_chase,gemini3_flash_preview_minimal,generated,laysumm_elife_0035,eLife,35,14,This discovery identifies a specific cell type that is likely responsible for the ability to stay oriented in space.,,,3,long_sentence|hard_word_dense|hedged,19,97,5.105263157894737,2,0.10526315789473684,7,0.3684210526315789,,,
pilot_n20_v8_factuality_chase,gemini3_flash_preview_minimal,generated,laysumm_elife_0035,eLife,35,15,The granular retrosplenial cortex is critical for knowing where a person is and how to get to a destination.,,,1,long_sentence,19,89,4.684210526315789,2,0.10526315789473684,4,0.21052631578947367,,,
pilot_n20_v8_factuality_chase,gemini3_flash_preview_minimal,generated,laysumm_elife_0035,eLife,35,16,Damage to the retrosplenial cortex causes spatial disorientation similar to symptoms seen in Alzheimer’s disease.,,,2,hard_word_dense|causal_or_inferential,16,97,6.0625,2,0.125,6,0.375,,,
pilot_n20_v8_factuality_chase,gemini3_flash_preview_minimal,generated,laysumm_elife_0035,eLife,35,17,Precise axonal and dendritic arborization within layer 1 permits this parallel processing.,,,2,hard_word_dense|number,12,77,6.416666666666667,2,0.16666666666666666,6,0.5,,,
pilot_n20_v8_factuality_chase,gemini3_flash_preview_minimal,generated,laysumm_elife_0057,eLife,57,1,Stable flower shapes are important for reproductive success and attracting pollinators.,,,4,long_word_dense|hard_word_dense,11,76,6.909090909090909,3,0.2727272727272727,4,0.36363636363636365,,,
pilot_n20_v8_factuality_chase,gemini3_flash_preview_minimal,generated,laysumm_elife_0057,eLife,57,2,Petals are usually required to open the flower and help attract pollinators.,,,0,,12,64,5.333333333333333,1,0.08333333333333333,3,0.25,,,
pilot_n20_v8_factuality_chase,gemini3_flash_preview_minimal,generated,laysumm_elife_0057,eLife,57,3,Petal number is invariant in Arabidopsis thaliana flowers.,,,2,hard_word_dense,8,50,6.25,1,0.125,3,0.375,,,
pilot_n20_v8_factuality_chase,gemini3_flash_preview_minimal,generated,laysumm_elife_0057,eLife,57,4,These flowers consistently produce four petals.,,,2,hard_word_dense,6,41,6.833333333333333,1,0.16666666666666666,2,0.3333333333333333,,,
pilot_n20_v8_factuality_chase,gemini3_flash_preview_minimal,generated,laysumm_elife_0057,eLife,57,5,Cardamine hirsuta exhibits variable petal numbers ranging from zero to four.,,,2,hard_word_dense,11,65,5.909090909090909,0,0.0,4,0.36363636363636365,,,
pilot_n20_v8_factuality_chase,gemini3_flash_preview_minimal,generated,laysumm_elife_0057,eLife,57,6,This species can display a variable number of petals on a single plant.,,,0,,13,58,4.461538461538462,0,0.0,1,0.07692307692307693,,,
pilot_n20_v8_factuality_chase,gemini3_flash_preview_minimal,generated,laysumm_elife_0057,eLife,57,7,Divergence in the floral regulator APETALA1 accounts for the difference in petal number robustness.,,,4,long_word_dense|hard_word_dense|number,14,84,6.0,3,0.21428571428571427,5,0.35714285714285715,,,
pilot_n20_v8_factuality_chase,gemini3_flash_preview_minimal,generated,laysumm_elife_0057,eLife,57,8,This gene is also known as AP1.,,,0,number,7,23,3.2857142857142856,0,0.0,0,0.0,,,
pilot_n20_v8_factuality_chase,gemini3_flash_preview_minimal,generated,laysumm_elife_0057,eLife,57,9,Arabidopsis thaliana AP1 confers robustness by masking the effects of quantitative trait loci.,,,4,long_word_dense|hard_word_dense|number,13,80,6.153846153846154,3,0.23076923076923078,4,0.3076923076923077,,,
pilot_n20_v8_factuality_chase,gemini3_flash_preview_minimal,generated,laysumm_elife_0057,eLife,57,10,These quantitative trait loci are also called QTL.,,,0,,8,42,5.25,1,0.125,1,0.125,,,
pilot_n20_v8_factuality_chase,gemini3_flash_preview_minimal,generated,laysumm_elife_0057,eLife,57,11,The Cardamine hirsuta version of the AP1 gene fails to complement this function.,,,0,number,13,66,5.076923076923077,1,0.07692307692307693,3,0.23076923076923078,,,
pilot_n20_v8_factuality_chase,gemini3_flash_preview_minimal,generated,laysumm_elife_0057,eLife,57,12,Differences in regulatory regions contribute to this divergence.,,,4,long_word_dense|hard_word_dense,8,56,7.0,4,0.5,4,0.5,,,
pilot_n20_v8_factuality_chase,gemini3_flash_preview_minimal,generated,laysumm_elife_0057,eLife,57,13,Variable petal number is maintained in Cardamine hirsuta despite standing genetic variation.,,,2,hard_word_dense,12,80,6.666666666666667,1,0.08333333333333333,7,0.5833333333333334,,,
pilot_n20_v8_factuality_chase,gemini3_flash_preview_minimal,generated,laysumm_elife_0057,eLife,57,14,Natural populations have enough variation to produce four-petalled flowers.,,,4,long_word_dense|hard_word_dense|technical_density,9,65,7.222222222222222,2,0.2222222222222222,5,0.5555555555555556,,,
pilot_n20_v8_factuality_chase,gemini3_flash_preview_minimal,generated,laysumm_elife_0057,eLife,57,15,The AP1 gene in Arabidopsis thaliana hides the expression of other genetic traits.,,,2,hard_word_dense|technical_density|number,13,68,5.230769230769231,2,0.15384615384615385,4,0.3076923076923077,,,
pilot_n20_v8_factuality_chase,gemini3_flash_preview_minimal,generated,laysumm_elife_0057,eLife,57,16,This masking ensures the plant consistently grows four petals.,,,0,,9,53,5.888888888888889,1,0.1111111111111111,2,0.2222222222222222,,,
pilot_n20_v8_factuality_chase,gemini3_flash_preview_minimal,generated,laysumm_elife_0057,eLife,57,17,The divergence mapped to upstream regulatory rather than coding regions.,,,2,long_word_dense,10,62,6.2,2,0.2,2,0.2,,,
pilot_n20_v8_factuality_chase,gemini3_flash_preview_minimal,generated,laysumm_elife_0057,eLife,57,18,The Cardamine hirsuta AP1 gene does not provide the same stability.,,,2,hard_word_dense|negation_or_contrast|number,11,55,5.0,0,0.0,4,0.36363636363636365,,,
pilot_n20_v8_factuality_chase,gemini3_flash_preview_minimal,generated,laysumm_elife_0057,eLife,57,19,Arabidopsis thaliana is a common research model that maintains flower shape despite genetic differences.,,,2,hard_word_dense,14,90,6.428571428571429,2,0.14285714285714285,5,0.35714285714285715,,,
pilot_n20_v8_factuality_chase,gemini3_flash_preview_minimal,generated,laysumm_elife_0057,eLife,57,20,Invariant floral forms are robust to natural perturbations.,,,2,hard_word_dense,8,51,6.375,1,0.125,3,0.375,,,
pilot_n20_v8_factuality_chase,gemini3_flash_preview_minimal,generated,laysumm_elife_0057,eLife,57,21,The AP1 gene acts like a buffer to hide genetic variations.,,,0,number,11,47,4.2727272727272725,1,0.09090909090909091,2,0.18181818181818182,,,
pilot_n20_v8_factuality_chase,gemini3_flash_preview_minimal,generated,laysumm_elife_0057,eLife,57,22,Masking prevents other genes from changing the petal count.,,,0,,9,50,5.555555555555555,0,0.0,0,0.0,,,
pilot_n20_v8_factuality_chase,gemini3_flash_preview_minimal,generated,laysumm_elife_0062,eLife,62,1,Researchers used laser-capture microdissection to isolate and profile genes in the Schmidtea mediterranea intestine.,,,4,long_word_dense|hard_word_dense,14,101,7.214285714285714,4,0.2857142857142857,7,0.5,,,
pilot_n20_v8_factuality_chase,gemini3_flash_preview_minimal,generated,laysumm_elife_0062,eLife,62,2,Schmidtea mediterranea is a flatworm that can regenerate its entire digestive system after injury.,,,2,hard_word_dense,14,84,6.0,2,0.14285714285714285,5,0.35714285714285715,,,
pilot_n20_v8_factuality_chase,gemini3_flash_preview_minimal,generated,laysumm_elife_0062,eLife,62,3,"The study identified over 1,800 intestine-enriched transcripts using this sensitive bulk tissue method.",,,2,long_word_dense|number,14,84,6.0,3,0.21428571428571427,3,0.21428571428571427,,,
pilot_n20_v8_factuality_chase,gemini3_flash_preview_minimal,generated,laysumm_elife_0062,eLife,62,4,This approach found 809 transcripts that previous single-cell studies did not detect because laser-capture microdissection allows researchers to focus on specific bulk tissue sections.,,,3,long_sentence|long_word_dense|causal_or_inferential|negation_or_contrast|number,24,155,6.458333333333333,5,0.20833333333333334,6,0.25,,,
pilot_n20_v8_factuality_chase,gemini3_flash_preview_minimal,generated,laysumm_elife_0062,eLife,62,5,The planarian intestine performs consolidated roles that humans split among several different organs.,,,2,hard_word_dense,13,88,6.769230769230769,1,0.07692307692307693,5,0.38461538461538464,,,
pilot_n20_v8_factuality_chase,gemini3_flash_preview_minimal,generated,laysumm_elife_0062,eLife,62,6,"These roles include functions typically handled by the human liver and small intestine, such as energy storage and nutrient absorption.",,,3,long_sentence|hard_word_dense,20,114,5.7,1,0.05,6,0.3,,,
pilot_n20_v8_factuality_chase,gemini3_flash_preview_minimal,generated,laysumm_elife_0062,eLife,62,7,The study found regionalization of gene activity between the medial and lateral intestinal domains.,,,0,,14,85,6.071428571428571,2,0.14285714285714285,4,0.2857142857142857,,,
pilot_n20_v8_factuality_chase,gemini3_flash_preview_minimal,generated,laysumm_elife_0062,eLife,62,8,"This spatial specialization is particularly evident in cells called goblet cells, which are organized into distinct zones within the digestive tract.",,,1,long_sentence,21,127,6.0476190476190474,2,0.09523809523809523,5,0.23809523809523808,,,
pilot_n20_v8_factuality_chase,gemini3_flash_preview_minimal,generated,laysumm_elife_0062,eLife,62,9,The gene gli-1 is required for goblet cells to undergo regeneration after injury.,,,2,hard_word_dense|number,13,66,5.076923076923077,1,0.07692307692307693,4,0.3076923076923077,,,
pilot_n20_v8_factuality_chase,gemini3_flash_preview_minimal,generated,laysumm_elife_0062,eLife,62,10,"A second gene called RREB2 is needed for the maintenance of these cells, acting as a transcription factor that turns other genes on or off.",,,2,long_sentence|very_long_sentence|number,25,112,4.48,2,0.08,2,0.08,,,
pilot_n20_v8_factuality_chase,gemini3_flash_preview_minimal,generated,laysumm_elife_0062,eLife,62,11,This genetic atlas provides a resource for investigating how the digestive system repairs itself.,,,2,hard_word_dense,14,83,5.928571428571429,1,0.07142857142857142,5,0.35714285714285715,,,
pilot_n20_v8_factuality_chase,gemini3_flash_preview_minimal,generated,laysumm_elife_0062,eLife,62,12,These findings support comparative analyses to understand human gastrointestinal pathologies by generating new insights into cellular processes that are often dysregulated in disease.,,,5,long_sentence|long_word_dense|hard_word_dense,23,160,6.956521739130435,6,0.2608695652173913,10,0.43478260869565216,,,
pilot_n20_v8_factuality_chase,gemini3_flash_preview_minimal,generated,laysumm_elife_0062,eLife,62,13,Understanding how simple animals like planarians regrow their gut could eventually help treat human conditions like acid reflux or surgical damage.,,,5,long_sentence|long_word_dense|hard_word_dense|hedged,21,126,6.0,4,0.19047619047619047,7,0.3333333333333333,,,
pilot_n20_v8_factuality_chase,gemini3_flash_preview_minimal,generated,laysumm_elife_0070,eLife,70,1,Mitochondria require mechanisms to recognize and remove misfolded proteins to maintain essential functions.,,,2,hard_word_dense|technical_density,13,94,7.230769230769231,2,0.15384615384615385,7,0.5384615384615384,,,
pilot_n20_v8_factuality_chase,gemini3_flash_preview_minimal,generated,laysumm_elife_0070,eLife,70,2,Mitochondria are essential to cellular bioenergetics and metabolism.,,,4,long_word_dense|hard_word_dense,8,60,7.5,3,0.375,5,0.625,,,
pilot_n20_v8_factuality_chase,gemini3_flash_preview_minimal,generated,laysumm_elife_0070,eLife,70,3,Quality control pathways for misfolded mitochondrial proteins are currently poorly defined.,,,2,hard_word_dense,11,80,7.2727272727272725,1,0.09090909090909091,5,0.45454545454545453,,,
pilot_n20_v8_factuality_chase,gemini3_flash_preview_minimal,generated,laysumm_elife_0070,eLife,70,4,A universal Mitochondria-Associated Degradation pathway for mitochondrial outer membrane proteins has not been described.,,,4,long_word_dense|hard_word_dense|negation_or_contrast,14,106,7.571428571428571,3,0.21428571428571427,6,0.42857142857142855,,,
pilot_n20_v8_factuality_chase,gemini3_flash_preview_minimal,generated,laysumm_elife_0070,eLife,70,5,Researchers established temperature-sensitive mitochondrial outer membrane proteins as model substrates in yeast.,,,4,long_word_dense|hard_word_dense,12,100,8.333333333333334,5,0.4166666666666667,6,0.5,,,
pilot_n20_v8_factuality_chase,gemini3_flash_preview_minimal,generated,laysumm_elife_0070,eLife,70,6,The researchers used the yeast Saccharomyces cerevisiae for these experiments.,,,4,long_word_dense|hard_word_dense,10,68,6.8,4,0.4,4,0.4,,,
pilot_n20_v8_factuality_chase,gemini3_flash_preview_minimal,generated,laysumm_elife_0070,eLife,70,7,The model proteins are degraded from the mitochondrial outer membrane by the ubiquitin-proteasome system.,,,0,,14,90,6.428571428571429,2,0.14285714285714285,4,0.2857142857142857,,,
pilot_n20_v8_factuality_chase,gemini3_flash_preview_minimal,generated,laysumm_elife_0070,eLife,70,8,The proteins remain on the mitochondria when the proteasome is not working.,,,0,negation_or_contrast,12,63,5.25,2,0.16666666666666666,2,0.16666666666666666,,,
pilot_n20_v8_factuality_chase,gemini3_flash_preview_minimal,generated,laysumm_elife_0070,eLife,70,9,Ubiquitination of the substrates is mediated by the ubiquitin ligases Ubr1 and San1.,,,2,hard_word_dense|number,13,69,5.3076923076923075,2,0.15384615384615385,5,0.38461538461538464,,,
pilot_n20_v8_factuality_chase,gemini3_flash_preview_minimal,generated,laysumm_elife_0070,eLife,70,10,San1 and Ubr1 normally handle misfolded proteins in the cytosol and nucleus.,,,0,number,12,62,5.166666666666667,0,0.0,3,0.25,,,
pilot_n20_v8_factuality_chase,gemini3_flash_preview_minimal,generated,laysumm_elife_0070,eLife,70,11,Mitochondria-associated degradation of misfolded proteins requires the SSA family of Hsp70 chaperones.,,,4,long_word_dense|hard_word_dense|number,12,87,7.25,3,0.25,6,0.5,,,
pilot_n20_v8_factuality_chase,gemini3_flash_preview_minimal,generated,laysumm_elife_0070,eLife,70,12,The Hsp40 chaperone Sis1 is also required for this process.,,,0,number,10,46,4.6,0,0.0,2,0.2,,,
pilot_n20_v8_factuality_chase,gemini3_flash_preview_minimal,generated,laysumm_elife_0070,eLife,70,13,Degradation involves the Cdc48-Npl4-Ufd1 AAA-ATPase complex and the transmembrane adaptor Ubx2.,,,4,long_word_dense|hard_word_dense|number,11,76,6.909090909090909,2,0.18181818181818182,5,0.45454545454545453,,,
pilot_n20_v8_factuality_chase,gemini3_flash_preview_minimal,generated,laysumm_elife_0070,eLife,70,14,Ubx2 has a discrete and functional pool located at the mitochondria.,,,4,long_word_dense|hard_word_dense|number,11,56,5.090909090909091,2,0.18181818181818182,4,0.36363636363636365,,,
pilot_n20_v8_factuality_chase,gemini3_flash_preview_minimal,generated,laysumm_elife_0070,eLife,70,15,The study identifies a unique quality control pathway using both cytosolic and mitochondrial factors.,,,2,hard_word_dense,14,87,6.214285714285714,2,0.14285714285714285,5,0.35714285714285715,,,
pilot_n20_v8_factuality_chase,gemini3_flash_preview_minimal,generated,laysumm_elife_0070,eLife,70,16,This pathway is distinct from endoplasmic reticulum-associated degradation.,,,4,long_word_dense|hard_word_dense,8,66,8.25,3,0.375,3,0.375,,,
pilot_n20_v8_factuality_chase,gemini3_flash_preview_minimal,generated,laysumm_elife_0070,eLife,70,17,The SSA1 chaperone is specifically required for the ubiquitination step of these mitochondrial substrates.,,,4,long_word_dense|hard_word_dense|number,14,91,6.5,4,0.2857142857142857,6,0.42857142857142855,,,
pilot_n20_v8_factuality_chase,gemini3_flash_preview_minimal,generated,laysumm_elife_0070,eLife,70,18,Sis1 slowed the turnover of both model proteins used in the study.,,,0,number,12,53,4.416666666666667,0,0.0,1,0.08333333333333333,,,
pilot_n20_v8_factuality_chase,gemini3_flash_preview_minimal,generated,laysumm_elife_0070,eLife,70,19,Ubiquitinated mitochondrial quality control substrates require the Cdc48-Npl4-Ufd1 complex for efficient proteasomal degradation.,,,4,long_word_dense|hard_word_dense|number,13,110,8.461538461538462,5,0.38461538461538464,8,0.6153846153846154,,,
pilot_n20_v8_factuality_chase,gemini3_flash_preview_minimal,generated,laysumm_elife_0070,eLife,70,20,The protein Doa1 is also implicated in the degradation of these substrates.,,,2,long_word_dense|number,12,62,5.166666666666667,3,0.25,3,0.25,,,
pilot_n20_v8_factuality_chase,gemini3_flash_preview_minimal,generated,laysumm_elife_0163,eLife,163,1,MicroRNAs are small molecules that regulate how genes are expressed in cells.,,,2,hard_word_dense,12,65,5.416666666666667,0,0.0,4,0.3333333333333333,,,
pilot_n20_v8_factuality_chase,gemini3_flash_preview_minimal,generated,laysumm_elife_0163,eLife,163,2,The specific molecule miR-9 is highly abundant within the brain.,,,2,hard_word_dense|number,10,52,5.2,0,0.0,3,0.3,,,
pilot_n20_v8_factuality_chase,gemini3_flash_preview_minimal,generated,laysumm_elife_0163,eLife,163,3,The role of miR-9 in dendritic and synaptic development was previously unknown.,,,2,hard_word_dense|technical_density|number,12,65,5.416666666666667,2,0.16666666666666666,4,0.3333333333333333,,,
pilot_n20_v8_factuality_chase,gemini3_flash_preview_minimal,generated,laysumm_elife_0163,eLife,163,4,Dendrites are the branched structures that neurons use to receive signals.,,,0,,11,63,5.7272727272727275,1,0.09090909090909091,3,0.2727272727272727,,,
pilot_n20_v8_factuality_chase,gemini3_flash_preview_minimal,generated,laysumm_elife_0163,eLife,163,5,Researchers developed a transgenic miRNA sponge mouse to inactivate the miR-9 family.,,,4,long_word_dense|hard_word_dense|number,12,71,5.916666666666667,3,0.25,5,0.4166666666666667,,,
pilot_n20_v8_factuality_chase,gemini3_flash_preview_minimal,generated,laysumm_elife_0163,eLife,163,6,The miRNA sponge acts as a trap that binds and sequesters the molecules.,,,0,,13,59,4.538461538461538,1,0.07692307692307693,2,0.15384615384615385,,,
pilot_n20_v8_factuality_chase,gemini3_flash_preview_minimal,generated,laysumm_elife_0163,eLife,163,7,The study found that miR-9 controls dendritic growth and synaptic transmission in vivo.,,,0,number,13,72,5.538461538461538,1,0.07692307692307693,3,0.23076923076923078,,,
pilot_n20_v8_factuality_chase,gemini3_flash_preview_minimal,generated,laysumm_elife_0163,eLife,163,8,Synaptic transmission is the process where neurons communicate at specialized junctions.,,,4,long_word_dense|hard_word_dense,11,77,7.0,3,0.2727272727272727,4,0.36363636363636365,,,
pilot_n20_v8_factuality_chase,gemini3_flash_preview_minimal,generated,laysumm_elife_0163,eLife,163,9,The downregulation of the transcriptional repressor REST is essential for dendritic growth.,,,2,hard_word_dense|technical_density,12,79,6.583333333333333,2,0.16666666666666666,5,0.4166666666666667,,,
pilot_n20_v8_factuality_chase,gemini3_flash_preview_minimal,generated,laysumm_elife_0163,eLife,163,10,"By reducing REST levels, miR-9 allows genes for growth to remain active.",,,0,number,12,57,4.75,0,0.0,2,0.16666666666666666,,,
pilot_n20_v8_factuality_chase,gemini3_flash_preview_minimal,generated,laysumm_elife_0163,eLife,163,11,Inhibition of miR-9 results in aberrant dendritic growth in living organisms.,,,2,hard_word_dense|number,11,64,5.818181818181818,1,0.09090909090909091,4,0.36363636363636365,,,
pilot_n20_v8_factuality_chase,gemini3_flash_preview_minimal,generated,laysumm_elife_0163,eLife,163,12,This abnormal growth is accompanied by an impairment in synaptic transmission.,,,4,long_word_dense|hard_word_dense,11,67,6.090909090909091,3,0.2727272727272727,5,0.45454545454545453,,,
pilot_n20_v8_factuality_chase,gemini3_flash_preview_minimal,generated,laysumm_elife_0163,eLife,163,13,A key function of miR-9 is to keep REST levels low during maturation.,,,0,number,13,54,4.153846153846154,1,0.07692307692307693,1,0.07692307692307693,,,
pilot_n20_v8_factuality_chase,gemini3_flash_preview_minimal,generated,laysumm_elife_0163,eLife,163,14,REST is a protein that normally functions to silence specific gene elements.,,,2,hard_word_dense,12,64,5.333333333333333,0,0.0,4,0.3333333333333333,,,
pilot_n20_v8_factuality_chase,gemini3_flash_preview_minimal,generated,laysumm_elife_0163,eLife,163,15,The transgenic mouse line allows for inactivation in a spatio-temporal-controlled manner.,,,2,long_word_dense,11,76,6.909090909090909,3,0.2727272727272727,3,0.2727272727272727,,,
pilot_n20_v8_factuality_chase,gemini3_flash_preview_minimal,generated,laysumm_elife_0163,eLife,163,16,This method allows scientists to study miR-9 at specific times and locations.,,,0,number,12,63,5.25,1,0.08333333333333333,2,0.16666666666666666,,,
pilot_n20_v8_factuality_chase,gemini3_flash_preview_minimal,generated,laysumm_elife_0163,eLife,163,17,MicroRNAs function as posttranscriptional regulators of gene expression.,,,4,long_word_dense|hard_word_dense|technical_density,8,64,8.0,3,0.375,4,0.5,,,
pilot_n20_v8_factuality_chase,gemini3_flash_preview_minimal,generated,laysumm_elife_0163,eLife,163,18,These conserved noncoding RNAs are found across many different species.,,,2,hard_word_dense,10,61,6.1,0,0.0,3,0.3,,,
pilot_n20_v8_factuality_chase,gemini3_flash_preview_minimal,generated,laysumm_elife_0163,eLife,163,19,The protein REST is also known as the RE-1 silencing transcription factor. miR-9 binds to and interferes with the RNA molecules needed to make REST.,,,2,long_sentence|very_long_sentence|number,25,118,4.72,2,0.08,4,0.16,,,
pilot_n20_v8_factuality_chase,gemini3_flash_preview_minimal,generated,laysumm_elife_0188,eLife,188,1,Ross River virus is a significant mosquito-borne pathogen in Australia and the Pacific Islands.,,,2,hard_word_dense,14,80,5.714285714285714,2,0.14285714285714285,5,0.35714285714285715,,,
pilot_n20_v8_factuality_chase,gemini3_flash_preview_minimal,generated,laysumm_elife_0188,eLife,188,2,Researchers built a mechanistic model to understand how temperature drives this virus.,,,4,long_word_dense|hard_word_dense|causal_or_inferential,12,74,6.166666666666667,4,0.3333333333333333,4,0.3333333333333333,,,
pilot_n20_v8_factuality_chase,gemini3_flash_preview_minimal,generated,laysumm_elife_0188,eLife,188,3,"This virus infects 2,000 to 9,000 people each year and can cause long-term joint pain.",,,0,causal_or_inferential|number,17,60,3.5294117647058822,0,0.0,0,0.0,,,
pilot_n20_v8_factuality_chase,gemini3_flash_preview_minimal,generated,laysumm_elife_0188,eLife,188,4,"Because mosquitoes cannot control their body temperature, their ability to spread diseases depends on the temperature of their environment.",,,5,long_sentence|long_word_dense|hard_word_dense|causal_or_inferential|negation_or_contrast,19,119,6.2631578947368425,4,0.21052631578947367,7,0.3684210526315789,,,
pilot_n20_v8_factuality_chase,gemini3_flash_preview_minimal,generated,laysumm_elife_0188,eLife,188,5,Transmission of the Ross River virus peaks at a moderate temperature of 26.4°C.,,,0,number,15,61,4.066666666666666,2,0.13333333333333333,3,0.2,,,
pilot_n20_v8_factuality_chase,gemini3_flash_preview_minimal,generated,laysumm_elife_0188,eLife,188,6,This specific middle temperature allows the virus to spread most effectively.,,,2,long_word_dense,11,66,6.0,2,0.18181818181818182,3,0.2727272727272727,,,
pilot_n20_v8_factuality_chase,gemini3_flash_preview_minimal,generated,laysumm_elife_0188,eLife,188,7,The relationship between temperature and transmission is not a straight line.,,,2,long_word_dense|negation_or_contrast,11,66,6.0,3,0.2727272727272727,3,0.2727272727272727,,,
pilot_n20_v8_factuality_chase,gemini3_flash_preview_minimal,generated,laysumm_elife_0188,eLife,188,8,There is a specific middle temperature where the virus spreads most effectively.,,,0,,12,68,5.666666666666667,2,0.16666666666666666,3,0.25,,,
pilot_n20_v8_factuality_chase,gemini3_flash_preview_minimal,generated,laysumm_elife_0188,eLife,188,9,Ross River virus transmission stops at thermal limits of 17.0°C and 31.5°C.,,,0,number,16,53,3.3125,1,0.0625,1,0.0625,,,
pilot_n20_v8_factuality_chase,gemini3_flash_preview_minimal,generated,laysumm_elife_0188,eLife,188,10,The disease cannot spread if the environment is too cold or too hot.,,,0,negation_or_contrast,13,55,4.230769230769231,1,0.07692307692307693,2,0.15384615384615385,,,
pilot_n20_v8_factuality_chase,gemini3_flash_preview_minimal,generated,laysumm_elife_0188,eLife,188,11,Biological traits of the mosquitoes and the virus prevent the disease from spreading at these extremes.,,,0,,16,87,5.4375,2,0.125,4,0.25,,,
pilot_n20_v8_factuality_chase,gemini3_flash_preview_minimal,generated,laysumm_elife_0188,eLife,188,12,The virus is endemic year-round in tropics but seasonal in temperate areas.,,,0,,12,62,5.166666666666667,0,0.0,3,0.25,,,
pilot_n20_v8_factuality_chase,gemini3_flash_preview_minimal,generated,laysumm_elife_0188,eLife,188,13,Low temperatures in temperate regions force transmission to zero for part of the year.,,,0,,14,72,5.142857142857143,2,0.14285714285714285,3,0.21428571428571427,,,
pilot_n20_v8_factuality_chase,gemini3_flash_preview_minimal,generated,laysumm_elife_0188,eLife,188,14,"In the tropics, temperatures stay within the transmission range all year.",,,2,long_word_dense,11,61,5.545454545454546,2,0.18181818181818182,2,0.18181818181818182,,,
pilot_n20_v8_factuality_chase,gemini3_flash_preview_minimal,generated,laysumm_elife_0188,eLife,188,15,Cooler areas experience winter temperatures that drop below the virus limit.,,,2,long_word_dense,11,65,5.909090909090909,2,0.18181818181818182,2,0.18181818181818182,,,
pilot_n20_v8_factuality_chase,gemini3_flash_preview_minimal,generated,laysumm_elife_0188,eLife,188,16,Climate warming will increase transmission in temperate areas but decrease it in tropical areas.,,,2,hard_word_dense,14,82,5.857142857142857,1,0.07142857142857142,6,0.42857142857142855,,,
pilot_n20_v8_factuality_chase,gemini3_flash_preview_minimal,generated,laysumm_elife_0188,eLife,188,17,Warming may push tropical temperatures above the upper thermal limit for the virus.,,,0,hedged,13,70,5.384615384615385,1,0.07692307692307693,3,0.23076923076923078,,,
pilot_n20_v8_factuality_chase,gemini3_flash_preview_minimal,generated,laysumm_elife_0188,eLife,188,18,Tropical areas are already near the ideal temperature.,,,2,hard_word_dense,8,46,5.75,1,0.125,3,0.375,,,
pilot_n20_v8_factuality_chase,gemini3_flash_preview_minimal,generated,laysumm_elife_0188,eLife,188,19,Further warming will make them too hot for the virus.,,,0,,10,43,4.3,0,0.0,0,0.0,,,
pilot_n20_v8_factuality_chase,gemini3_flash_preview_minimal,generated,laysumm_elife_0188,eLife,188,20,Warming in cooler areas will bring them closer to the ideal range.,,,0,,12,54,4.5,0,0.0,0,0.0,,,
pilot_n20_v8_factuality_chase,gemini3_flash_preview_minimal,generated,laysumm_elife_0188,eLife,188,21,Nonlinear models are essential for predicting disease responses to climate change.,,,2,hard_word_dense,11,71,6.454545454545454,1,0.09090909090909091,6,0.5454545454545454,,,
pilot_n20_v8_factuality_chase,gemini3_flash_preview_minimal,generated,laysumm_elife_0188,eLife,188,22,These models account for specific temperature limits rather than assuming a simple increase.,,,2,hard_word_dense,13,79,6.076923076923077,1,0.07692307692307693,4,0.3076923076923077,,,
pilot_n20_v8_factuality_chase,gemini3_flash_preview_minimal,generated,laysumm_elife_0188,eLife,188,23,Traditional models might assume that more heat always means more disease.,,,0,hedged,11,62,5.636363636363637,1,0.09090909090909091,3,0.2727272727272727,,,
pilot_n20_v8_factuality_chase,gemini3_flash_preview_minimal,generated,laysumm_elife_0188,eLife,188,24,This study shows that the hump-shaped response to temperature is critical for accurate planning.,,,2,hard_word_dense|causal_or_inferential,14,81,5.785714285714286,2,0.14285714285714285,5,0.35714285714285715,,,
pilot_n20_v8_factuality_chase,gemini3_flash_preview_minimal,generated,laysumm_elife_0189,eLife,189,1,The specific behavioral correlates of motor cortical beta oscillations remain unresolved in neuroscience.,,,4,long_word_dense|hard_word_dense|technical_density,13,92,7.076923076923077,5,0.38461538461538464,7,0.5384615384615384,,,
pilot_n20_v8_factuality_chase,gemini3_flash_preview_minimal,generated,laysumm_elife_0189,eLife,189,2,Beta oscillations are brain waves that emerge when individuals are paying attention or waiting.,,,0,,14,81,5.785714285714286,2,0.14285714285714285,4,0.2857142857142857,,,
pilot_n20_v8_factuality_chase,gemini3_flash_preview_minimal,generated,laysumm_elife_0189,eLife,189,3,Researchers recorded motor cortex activity while three macaques performed a novel neurofeedback task.,,,2,hard_word_dense,13,88,6.769230769230769,2,0.15384615384615385,6,0.46153846153846156,,,
pilot_n20_v8_factuality_chase,gemini3_flash_preview_minimal,generated,laysumm_elife_0189,eLife,189,4,The researchers used electrodes to monitor brain activity as the monkeys learned tasks.,,,2,hard_word_dense,13,74,5.6923076923076925,2,0.15384615384615385,4,0.3076923076923077,,,
pilot_n20_v8_factuality_chase,gemini3_flash_preview_minimal,generated,laysumm_elife_0189,eLife,189,5,The monkeys volitionally brought their beta oscillatory power to an instructed state before reaching.,,,2,long_word_dense,14,87,6.214285714285714,3,0.21428571428571427,4,0.2857142857142857,,,
pilot_n20_v8_factuality_chase,gemini3_flash_preview_minimal,generated,laysumm_elife_0189,eLife,189,6,The monkeys controlled a cursor on a screen using only their brain activity.,,,0,negation_or_contrast,13,63,4.846153846153846,1,0.07692307692307693,2,0.15384615384615385,,,
pilot_n20_v8_factuality_chase,gemini3_flash_preview_minimal,generated,laysumm_elife_0189,eLife,189,7,Trials with high beta power resulted in slower movement onset times during arm reaches.,,,0,causal_or_inferential,14,73,5.214285714285714,0,0.0,2,0.14285714285714285,,,
pilot_n20_v8_factuality_chase,gemini3_flash_preview_minimal,generated,laysumm_elife_0189,eLife,189,8,Reaches preceded by a reduction in beta power exhibited significantly faster movement onset times.,,,2,hard_word_dense|technical_density,14,84,6.0,1,0.07142857142857142,5,0.35714285714285715,,,
pilot_n20_v8_factuality_chase,gemini3_flash_preview_minimal,generated,laysumm_elife_0189,eLife,189,9,Population neural activity shifts farther from a movement onset state during beta oscillations.,,,2,hard_word_dense|technical_density,13,82,6.3076923076923075,2,0.15384615384615385,4,0.3076923076923077,,,
pilot_n20_v8_factuality_chase,gemini3_flash_preview_minimal,generated,laysumm_elife_0189,eLife,189,10,High beta power moves the neural state further from the threshold required for movement.,,,0,,14,74,5.285714285714286,0,0.0,2,0.14285714285714285,,,
pilot_n20_v8_factuality_chase,gemini3_flash_preview_minimal,generated,laysumm_elife_0189,eLife,189,11,This study establishes a neural basis for slowed movement onset following beta oscillatory activity.,,,2,hard_word_dense,14,86,6.142857142857143,2,0.14285714285714285,5,0.35714285714285715,,,
pilot_n20_v8_factuality_chase,gemini3_flash_preview_minimal,generated,laysumm_elife_0189,eLife,189,12,The generation of beta oscillations favors a state that compromises readiness for upcoming movements.,,,4,long_word_dense|hard_word_dense,14,87,6.214285714285714,3,0.21428571428571427,6,0.42857142857142855,,,
pilot_n20_v8_factuality_chase,gemini3_flash_preview_minimal,generated,laysumm_elife_0189,eLife,189,13,Motor cortical beta oscillations have been reported for decades without a clear behavioral function.,,,2,hard_word_dense|technical_density|negation_or_contrast,14,86,6.142857142857143,2,0.14285714285714285,5,0.35714285714285715,,,
pilot_n20_v8_factuality_chase,gemini3_flash_preview_minimal,generated,laysumm_elife_0189,eLife,189,14,Understanding these oscillations might reveal how they contribute to symptoms of Parkinson’s disease.,,,4,long_word_dense|hard_word_dense|hedged,14,87,6.214285714285714,3,0.21428571428571427,5,0.35714285714285715,,,
pilot_n20_v8_factuality_chase,gemini3_flash_preview_minimal,generated,laysumm_elife_0189,eLife,189,15,The monkeys were trained to perform a sequential beta neurofeedback arm-reaching task.,,,2,long_word_dense,12,73,6.083333333333333,3,0.25,3,0.25,,,
pilot_n20_v8_factuality_chase,gemini3_flash_preview_minimal,generated,laysumm_elife_0189,eLife,189,16,This method allowed researchers to link population neural activity to specific behaviors.,,,2,hard_word_dense|technical_density,12,77,6.416666666666667,2,0.16666666666666666,6,0.5,,,
pilot_n20_v8_factuality_chase,gemini3_flash_preview_minimal,generated,laysumm_elife_0189,eLife,189,17,Distances to the movement onset threshold are greatest when the brain reaches a high beta target.,,,0,,16,81,5.0625,0,0.0,2,0.125,,,
pilot_n20_v8_factuality_chase,gemini3_flash_preview_minimal,generated,laysumm_elife_0189,eLife,189,18,The brain's collective neural activity moves into a state that is mathematically distant from the state needed to trigger a movement.,,,1,long_sentence,21,111,5.285714285714286,2,0.09523809523809523,4,0.19047619047619047,,,
pilot_n20_v8_factuality_chase,gemini3_flash_preview_minimal,generated,laysumm_elife_0189,eLife,189,19,The brain uses these waves to pause the motor system which makes it harder to start moving quickly.,,,0,,18,81,4.5,0,0.0,0,0.0,,,
pilot_n20_v8_factuality_chase,gemini3_flash_preview_minimal,generated,laysumm_elife_0189,eLife,189,20,Beta oscillations favor a low-risk state that ensures the animal remains still.,,,0,,12,66,5.5,1,0.08333333333333333,3,0.25,,,
pilot_n20_v8_factuality_chase,gemini3_flash_preview_minimal,generated,laysumm_plos_0051,PLOS,51,1,Some viruses like Marburg and Dengue activate and benefit from the Nrf2 protein to help them infect cells.,,,0,number,18,87,4.833333333333333,0,0.0,3,0.16666666666666666,,,
pilot_n20_v8_factuality_chase,gemini3_flash_preview_minimal,generated,laysumm_plos_0051,PLOS,51,2,Nrf2 is a protein that normally helps cells turn on anti-oxidant genes to protect themselves.,,,0,number,15,76,5.066666666666666,2,0.13333333333333333,3,0.2,,,
pilot_n20_v8_factuality_chase,gemini3_flash_preview_minimal,generated,laysumm_plos_0051,PLOS,51,3,Sulforaphane is a natural compound found in cruciferous vegetables that can activate the Nrf2 protein.,,,4,long_word_dense|hard_word_dense|number,15,86,5.733333333333333,3,0.2,5,0.3333333333333333,,,
pilot_n20_v8_factuality_chase,gemini3_flash_preview_minimal,generated,laysumm_plos_0051,PLOS,51,4,Sulforaphane is produced in cruciferous vegetables after they are damaged or chewed.,,,4,long_word_dense|hard_word_dense,12,72,6.0,3,0.25,5,0.4166666666666667,,,
pilot_n20_v8_factuality_chase,gemini3_flash_preview_minimal,generated,laysumm_plos_0051,PLOS,51,5,Sulforaphane treatment stops HIV from infecting macrophages but it does not work in T cells.,,,0,negation_or_contrast,15,77,5.133333333333334,2,0.13333333333333333,3,0.2,,,
pilot_n20_v8_factuality_chase,gemini3_flash_preview_minimal,generated,laysumm_plos_0051,PLOS,51,6,Macrophages and T cells are both types of white blood cells that HIV targets.,,,0,,14,63,4.5,1,0.07142857142857142,1,0.07142857142857142,,,
pilot_n20_v8_factuality_chase,gemini3_flash_preview_minimal,generated,laysumm_plos_0051,PLOS,51,7,"When Nrf2 levels are lowered, HIV infects macrophages more easily and Sulforaphane becomes less effective.",,,2,hard_word_dense|number,15,89,5.933333333333334,2,0.13333333333333333,6,0.4,,,
pilot_n20_v8_factuality_chase,gemini3_flash_preview_minimal,generated,laysumm_plos_0051,PLOS,51,8,Researchers used a technique called siRNA to specifically reduce the amount of Nrf2 in the cells.,,,0,number,16,80,5.0,2,0.125,4,0.25,,,
pilot_n20_v8_factuality_chase,gemini3_flash_preview_minimal,generated,laysumm_plos_0051,PLOS,51,9,The ability of Sulforaphane to fight HIV depends on its ability to activate and move the Nrf2 protein.,,,0,number,18,83,4.611111111111111,1,0.05555555555555555,4,0.2222222222222222,,,
pilot_n20_v8_factuality_chase,gemini3_flash_preview_minimal,generated,laysumm_plos_0051,PLOS,51,10,This confirms that the drug works by triggering the cell's own internal defense system.,,,0,causal_or_inferential,14,72,5.142857142857143,1,0.07142857142857142,3,0.21428571428571427,,,
pilot_n20_v8_factuality_chase,gemini3_flash_preview_minimal,generated,laysumm_plos_0051,PLOS,51,11,Sulforaphane blocks infection after entry but before formation of 2-LTR circles.,,,2,hard_word_dense|number,11,67,6.090909090909091,1,0.09090909090909091,4,0.36363636363636365,,,
pilot_n20_v8_factuality_chase,gemini3_flash_preview_minimal,generated,laysumm_plos_0051,PLOS,51,12,2-LTR circles are markers that show the virus has reached the cell nucleus.,,,0,number,13,60,4.615384615384615,0,0.0,0,0.0,,,
pilot_n20_v8_factuality_chase,gemini3_flash_preview_minimal,generated,laysumm_plos_0051,PLOS,51,13,This anti-viral effect does not use the common defense proteins SAMHD1 or MX2 that usually stop HIV.,,,0,negation_or_contrast|number,17,80,4.705882352941177,0,0.0,3,0.17647058823529413,,,
pilot_n20_v8_factuality_chase,gemini3_flash_preview_minimal,generated,laysumm_plos_0051,PLOS,51,14,This suggests Nrf2 uses a previously unknown pathway to block the virus.,,,0,hedged|number,12,59,4.916666666666667,1,0.08333333333333333,1,0.08333333333333333,,,
pilot_n20_v8_factuality_chase,gemini3_flash_preview_minimal,generated,laysumm_plos_0051,PLOS,51,15,This discovery shows that HIV can be blocked by Nrf2 activation in a novel way.,,,0,causal_or_inferential|number,15,63,4.2,1,0.06666666666666667,2,0.13333333333333333,,,
pilot_n20_v8_factuality_chase,gemini3_flash_preview_minimal,generated,laysumm_plos_0051,PLOS,51,16,This provides a potential new strategy for HIV treatment by triggering the body's own antioxidant response.,,,2,hard_word_dense|hedged,16,90,5.625,2,0.125,6,0.375,,,
pilot_n20_v8_factuality_chase,gemini3_flash_preview_minimal,generated,laysumm_plos_0178,PLOS,178,1,Aedes-borne arboviruses like dengue and Zika cause increasing morbidity and mortality worldwide.,,,4,long_word_dense|hard_word_dense|causal_or_inferential,12,83,6.916666666666667,3,0.25,6,0.5,,,
pilot_n20_v8_factuality_chase,gemini3_flash_preview_minimal,generated,laysumm_plos_0178,PLOS,178,2,Arboviruses are viruses transmitted to humans by mosquitoes such as Aedes mosquitoes.,,,4,long_word_dense|hard_word_dense,12,73,6.083333333333333,4,0.3333333333333333,5,0.4166666666666667,,,
pilot_n20_v8_factuality_chase,gemini3_flash_preview_minimal,generated,laysumm_plos_0178,PLOS,178,3,A Zika outbreak in the Dominican Republic allowed researchers to compare transmission drivers.,,,2,hard_word_dense,13,81,6.230769230769231,2,0.15384615384615385,6,0.46153846153846156,,,
pilot_n20_v8_factuality_chase,gemini3_flash_preview_minimal,generated,laysumm_plos_0178,PLOS,178,4,This outbreak followed a large dengue epidemic in the same region.,,,0,,11,55,5.0,0,0.0,2,0.18181818181818182,,,
pilot_n20_v8_factuality_chase,gemini3_flash_preview_minimal,generated,laysumm_plos_0178,PLOS,178,5,About 75% of dengue cases occurred in people aged <20 years.,,,0,number,11,43,3.909090909090909,0,0.0,1,0.09090909090909091,,,
pilot_n20_v8_factuality_chase,gemini3_flash_preview_minimal,generated,laysumm_plos_0178,PLOS,178,6,Zika infections were more widely dispersed across different age groups in the population.,,,2,hard_word_dense|technical_density,13,76,5.846153846153846,2,0.15384615384615385,5,0.38461538461538464,,,
pilot_n20_v8_factuality_chase,gemini3_flash_preview_minimal,generated,laysumm_plos_0178,PLOS,178,7,Reported Zika infections were highly clustered among females at 73.8% of cases.,,,2,hard_word_dense|number,13,62,4.769230769230769,1,0.07692307692307693,4,0.3076923076923077,,,
pilot_n20_v8_factuality_chase,gemini3_flash_preview_minimal,generated,laysumm_plos_0178,PLOS,178,8,This percentage shows a significant difference in reported cases between men and women.,,,4,long_word_dense|hard_word_dense,13,74,5.6923076923076925,3,0.23076923076923078,4,0.3076923076923077,,,
pilot_n20_v8_factuality_chase,gemini3_flash_preview_minimal,generated,laysumm_plos_0178,PLOS,178,9,Guillain-Barre syndrome attack rates were slightly higher in males than in females.,,,0,,12,70,5.833333333333333,1,0.08333333333333333,3,0.25,,,
pilot_n20_v8_factuality_chase,gemini3_flash_preview_minimal,generated,laysumm_plos_0178,PLOS,178,10,Guillain-Barre syndrome is a serious neurological condition sometimes triggered by the Zika virus.,,,2,hard_word_dense,13,84,6.461538461538462,2,0.15384615384615385,6,0.46153846153846156,,,
pilot_n20_v8_factuality_chase,gemini3_flash_preview_minimal,generated,laysumm_plos_0178,PLOS,178,11,Existing dengue immunity had little impact on the reported attack rates of Zika.,,,0,,13,67,5.153846153846154,0,0.0,3,0.23076923076923078,,,
pilot_n20_v8_factuality_chase,gemini3_flash_preview_minimal,generated,laysumm_plos_0178,PLOS,178,12,Prior exposure to dengue did not seem to change the risk of Zika infection.,,,0,negation_or_contrast,14,61,4.357142857142857,0,0.0,2,0.14285714285714285,,,
pilot_n20_v8_factuality_chase,gemini3_flash_preview_minimal,generated,laysumm_plos_0178,PLOS,178,13,Awareness campaigns likely drove increased health seeking behaviour among women of reproductive age.,,,2,hard_word_dense|hedged,13,87,6.6923076923076925,1,0.07692307692307693,5,0.38461538461538464,,,
pilot_n20_v8_factuality_chase,gemini3_flash_preview_minimal,generated,laysumm_plos_0178,PLOS,178,14,This behaviour explains why more Zika cases were reported in women than in men.,,,0,causal_or_inferential,14,65,4.642857142857143,0,0.0,2,0.14285714285714285,,,
pilot_n20_v8_factuality_chase,gemini3_flash_preview_minimal,generated,laysumm_plos_0178,PLOS,178,15,Media campaigns and screening are recommended for women of reproductive age during outbreaks.,,,0,,13,80,6.153846153846154,2,0.15384615384615385,2,0.15384615384615385,,,
pilot_n20_v8_factuality_chase,gemini3_flash_preview_minimal,generated,laysumm_plos_0178,PLOS,178,16,These strategies help identify cases in groups at higher risk for specific complications.,,,2,hard_word_dense,13,76,5.846153846153846,2,0.15384615384615385,4,0.3076923076923077,,,
pilot_n20_v8_factuality_chase,gemini3_flash_preview_minimal,generated,laysumm_plos_0209,PLOS,209,1,Anabaena filaments develop nitrogen-fixing heterocysts separated by about ten vegetative cells during nitrogen deprivation.,,,4,long_word_dense|hard_word_dense,14,108,7.714285714285714,4,0.2857142857142857,9,0.6428571428571429,,,
pilot_n20_v8_factuality_chase,gemini3_flash_preview_minimal,generated,laysumm_plos_0209,PLOS,209,2,Anabaena is a multicellular cyanobacterium that grows in long chains called filaments.,,,2,hard_word_dense,12,74,6.166666666666667,2,0.16666666666666666,4,0.3333333333333333,,,
pilot_n20_v8_factuality_chase,gemini3_flash_preview_minimal,generated,laysumm_plos_0209,PLOS,209,3,Researchers used a hetR-gfp fusion to track fluctuations of the essential transcription factor HetR.,,,2,long_word_dense,14,85,6.071428571428571,3,0.21428571428571427,4,0.2857142857142857,,,
pilot_n20_v8_factuality_chase,gemini3_flash_preview_minimal,generated,laysumm_plos_0209,PLOS,209,4,HetR is a master regulator protein that controls how cells change into heterocysts.,,,0,,13,70,5.384615384615385,1,0.07692307692307693,2,0.15384615384615385,,,
pilot_n20_v8_factuality_chase,gemini3_flash_preview_minimal,generated,laysumm_plos_0209,PLOS,209,5,Fluctuations in hetR expression in nearby cells are coupled across two to three cells.,,,0,technical_density,14,72,5.142857142857143,2,0.14285714285714285,2,0.14285714285714285,,,
pilot_n20_v8_factuality_chase,gemini3_flash_preview_minimal,generated,laysumm_plos_0209,PLOS,209,6,This coupling sets the spatial scale for how individual cells interact along the filament.,,,0,,14,76,5.428571428571429,1,0.07142857142857142,3,0.21428571428571427,,,
pilot_n20_v8_factuality_chase,gemini3_flash_preview_minimal,generated,laysumm_plos_0209,PLOS,209,7,These correlations arise primarily from intercellular molecular transfer rather than cell division.,,,2,hard_word_dense,12,87,7.25,2,0.16666666666666666,6,0.5,,,
pilot_n20_v8_factuality_chase,gemini3_flash_preview_minimal,generated,laysumm_plos_0209,PLOS,209,8,Cells communicate by passing molecules through channels instead of just inheriting traits during division.,,,0,,14,92,6.571428571428571,2,0.14285714285714285,4,0.2857142857142857,,,
pilot_n20_v8_factuality_chase,gemini3_flash_preview_minimal,generated,laysumm_plos_0209,PLOS,209,9,Fluctuations after nitrogen deprivation build up on those present under nitrogen-replete conditions.,,,4,long_word_dense|hard_word_dense,12,87,7.25,4,0.3333333333333333,5,0.4166666666666667,,,
pilot_n20_v8_factuality_chase,gemini3_flash_preview_minimal,generated,laysumm_plos_0209,PLOS,209,10,Random variations in gene activity exist even when nitrogen is plentiful for the cells.,,,0,,14,73,5.214285714285714,1,0.07142857142857142,4,0.2857142857142857,,,
pilot_n20_v8_factuality_chase,gemini3_flash_preview_minimal,generated,laysumm_plos_0209,PLOS,209,11,"The inhibitor PatS, communication via SepJ, and HetR auto-regulation determine these expression fluctuations.",,,4,long_word_dense|hard_word_dense|technical_density,13,93,7.153846153846154,4,0.3076923076923077,6,0.46153846153846156,,,
pilot_n20_v8_factuality_chase,gemini3_flash_preview_minimal,generated,laysumm_plos_0209,PLOS,209,12,PatS acts as a brake while HetR reinforces its own production through auto-regulation.,,,2,long_word_dense|technical_density,13,72,5.538461538461538,3,0.23076923076923078,3,0.23076923076923078,,,
pilot_n20_v8_factuality_chase,gemini3_flash_preview_minimal,generated,laysumm_plos_0209,PLOS,209,13,The study highlights differences between inhibitors PatS and HetN and septal proteins SepJ and FraC/FraD.,,,2,long_word_dense,16,89,5.5625,3,0.1875,2,0.125,,,
pilot_n20_v8_factuality_chase,gemini3_flash_preview_minimal,generated,laysumm_plos_0209,PLOS,209,14,Different proteins manage communication and inhibition depending on the level of nitrogen availability.,,,4,long_word_dense|hard_word_dense,13,90,6.923076923076923,3,0.23076923076923078,7,0.5384615384615384,,,
pilot_n20_v8_factuality_chase,gemini3_flash_preview_minimal,generated,laysumm_plos_0209,PLOS,209,15,Stochasticity and communication combine to control the one-dimensional developmental pattern in Anabaena.,,,4,long_word_dense|hard_word_dense|technical_density,12,92,7.666666666666667,4,0.3333333333333333,6,0.5,,,
pilot_n20_v8_factuality_chase,gemini3_flash_preview_minimal,generated,laysumm_plos_0209,PLOS,209,16,The organism manages random genetic noise to ensure heterocysts are spaced correctly along the filament.,,,2,hard_word_dense,15,89,5.933333333333334,1,0.06666666666666667,7,0.4666666666666667,,,
pilot_n20_v8_factuality_chase,gemini3_flash_preview_minimal,generated,laysumm_plos_0228,PLOS,228,1,Humans can learn and store multiple visuomotor mappings through a process known as dual-adaptation.,,,0,,14,84,6.0,2,0.14285714285714285,3,0.21428571428571427,,,
pilot_n20_v8_factuality_chase,gemini3_flash_preview_minimal,generated,laysumm_plos_0228,PLOS,228,2,Visuomotor mapping refers to how the brain coordinates visual information with physical body movements.,,,4,long_word_dense|hard_word_dense,14,89,6.357142857142857,3,0.21428571428571427,5,0.35714285714285715,,,
pilot_n20_v8_factuality_chase,gemini3_flash_preview_minimal,generated,laysumm_plos_0228,PLOS,228,3,Participants performed a target-pointing task where researchers manipulated the offset of visual feedback.,,,4,long_word_dense|hard_word_dense|technical_density,13,92,7.076923076923077,4,0.3076923076923077,5,0.38461538461538464,,,
pilot_n20_v8_factuality_chase,gemini3_flash_preview_minimal,generated,laysumm_plos_0228,PLOS,228,4,The researchers prevented participants from seeing their own arm during the pointing task.,,,0,technical_density,13,77,5.923076923076923,2,0.15384615384615385,3,0.23076923076923078,,,
pilot_n20_v8_factuality_chase,gemini3_flash_preview_minimal,generated,laysumm_plos_0228,PLOS,228,5,Target shapes morphed between spiky and circular forms served as a continuous contextual cue.,,,0,,14,79,5.642857142857143,2,0.14285714285714285,3,0.21428571428571427,,,
pilot_n20_v8_factuality_chase,gemini3_flash_preview_minimal,generated,laysumm_plos_0228,PLOS,228,6,These shapes signaled which specific movement adjustment the participant needed to make.,,,2,hard_word_dense,12,76,6.333333333333333,2,0.16666666666666666,5,0.4166666666666667,,,
pilot_n20_v8_factuality_chase,gemini3_flash_preview_minimal,generated,laysumm_plos_0228,PLOS,228,7,A Bayesian learning model called a Mixture-of-Kalman-Filters describes this associative learning process.,,,0,,12,90,7.5,2,0.16666666666666666,3,0.25,,,
pilot_n20_v8_factuality_chase,gemini3_flash_preview_minimal,generated,laysumm_plos_0228,PLOS,228,8,This model predicts that the brain uses categorisation rather than extracting a linear rule.,,,0,,14,78,5.571428571428571,2,0.14285714285714285,2,0.14285714285714285,,,
pilot_n20_v8_factuality_chase,gemini3_flash_preview_minimal,generated,laysumm_plos_0228,PLOS,228,9,Participants apply the mapping for the trained shape most similar to the current cue.,,,0,technical_density,14,71,5.071428571428571,1,0.07142857142857142,2,0.14285714285714285,,,
pilot_n20_v8_factuality_chase,gemini3_flash_preview_minimal,generated,laysumm_plos_0228,PLOS,228,10,Using these shape cues to guide movement requires explicit awareness of their role.,,,2,hard_word_dense,13,70,5.384615384615385,0,0.0,4,0.3076923076923077,,,
pilot_n20_v8_factuality_chase,gemini3_flash_preview_minimal,generated,laysumm_plos_0228,PLOS,228,11,The learning rate decreases systematically as the number of training pairs increases.,,,0,,12,73,6.083333333333333,1,0.08333333333333333,3,0.25,,,
pilot_n20_v8_factuality_chase,gemini3_flash_preview_minimal,generated,laysumm_plos_0228,PLOS,228,12,Learning slows down when participants must manage more shape-mapping associations at once.,,,4,long_word_dense|hard_word_dense|technical_density,12,77,6.416666666666667,3,0.25,4,0.3333333333333333,,,
pilot_n20_v8_factuality_chase,gemini3_flash_preview_minimal,generated,laysumm_plos_0228,PLOS,228,13,The Bayesian model provides a possible mechanism for learning multiple visuomotor mappings simultaneously.,,,2,hard_word_dense|technical_density,13,93,7.153846153846154,2,0.15384615384615385,6,0.46153846153846156,,,
pilot_n20_v8_factuality_chase,gemini3_flash_preview_minimal,generated,laysumm_plos_0228,PLOS,228,14,This suggests the brain manages complex tasks by grouping similar experiences together.,,,2,hard_word_dense|hedged,12,75,6.25,1,0.08333333333333333,4,0.3333333333333333,,,
pilot_n20_v8_factuality_chase,gemini3_flash_preview_minimal,generated,laysumm_plos_0285,PLOS,285,1,Many countries lack the baseline data necessary to plan and launch public health programs for neglected tropical diseases.,,,0,,18,104,5.777777777777778,0,0.0,5,0.2777777777777778,,,
pilot_n20_v8_factuality_chase,gemini3_flash_preview_minimal,generated,laysumm_plos_0285,PLOS,285,2,"Neglected tropical diseases cause significant physical debilitation and lowered economic productivity, but programs cannot start without data.",,,2,hard_word_dense|causal_or_inferential|negation_or_contrast,17,124,7.294117647058823,3,0.17647058823529413,9,0.5294117647058824,,,
pilot_n20_v8_factuality_chase,gemini3_flash_preview_minimal,generated,laysumm_plos_0285,PLOS,285,3,Researchers developed the Integrated Threshold Mapping methodology to simultaneously map four specific neglected tropical diseases.,,,4,long_word_dense|hard_word_dense,15,116,7.733333333333333,4,0.26666666666666666,9,0.6,,,
pilot_n20_v8_factuality_chase,gemini3_flash_preview_minimal,generated,laysumm_plos_0285,PLOS,285,4,"The protocol targets lymphatic filariasis, trachoma, schistosomiasis, and soil-transmitted helminths.",,,4,long_word_dense|hard_word_dense,10,87,8.7,3,0.3,6,0.6,,,
pilot_n20_v8_factuality_chase,gemini3_flash_preview_minimal,generated,laysumm_plos_0285,PLOS,285,5,The ITM protocol determines if a disease has reached the threshold for intervention rather than providing exact prevalence figures.,,,3,long_sentence|hard_word_dense|technical_density,19,112,5.894736842105263,3,0.15789473684210525,7,0.3684210526315789,,,
pilot_n20_v8_factuality_chase,gemini3_flash_preview_minimal,generated,laysumm_plos_0285,PLOS,285,6,A country must prove a disease has passed a specific threshold established by the World Health Organization before starting treatment.,,,1,long_sentence,20,114,5.7,2,0.1,5,0.25,,,
pilot_n20_v8_factuality_chase,gemini3_flash_preview_minimal,generated,laysumm_plos_0285,PLOS,285,7,The study compared the Integrated Threshold Mapping methodology with standard WHO methodologies in one district each in Mali and Senegal.,,,1,long_sentence,20,117,5.85,3,0.15,5,0.25,,,
pilot_n20_v8_factuality_chase,gemini3_flash_preview_minimal,generated,laysumm_plos_0285,PLOS,285,8,"Researchers compared both methodologies in terms of feasibility, cost, time, and human resource needs.",,,4,long_word_dense|hard_word_dense,14,85,6.071428571428571,3,0.21428571428571427,5,0.35714285714285715,,,
pilot_n20_v8_factuality_chase,gemini3_flash_preview_minimal,generated,laysumm_plos_0285,PLOS,285,9,"The ITM methodology reached the same conclusions as standard WHO methods for trachoma, lymphatic filariasis, and soil-transmitted helminths.",,,4,long_word_dense|hard_word_dense,18,119,6.611111111111111,4,0.2222222222222222,6,0.3333333333333333,,,
pilot_n20_v8_factuality_chase,gemini3_flash_preview_minimal,generated,laysumm_plos_0285,PLOS,285,10,The new methodology resulted in more targeted intervention recommendations for schistosomiasis by using the sub-district as the measurement unit.,,,5,long_sentence|long_word_dense|hard_word_dense|technical_density|causal_or_inferential,19,125,6.578947368421052,6,0.3157894736842105,8,0.42105263157894735,,,
pilot_n20_v8_factuality_chase,gemini3_flash_preview_minimal,generated,laysumm_plos_0285,PLOS,285,11,"The ITM methodology was found to be practical, feasible, and more cost-effective than standard mapping methods.",,,0,,16,92,5.75,2,0.125,4,0.25,,,
pilot_n20_v8_factuality_chase,gemini3_flash_preview_minimal,generated,laysumm_plos_0285,PLOS,285,12,The methodology resulted in a 31% cost saving in Mali and a 19% saving in Senegal by using resources more efficiently.,,,1,long_sentence|causal_or_inferential|number,21,91,4.333333333333333,2,0.09523809523809523,5,0.23809523809523808,,,
pilot_n20_v8_factuality_chase,gemini3_flash_preview_minimal,generated,laysumm_plos_0285,PLOS,285,13,The Integrated Threshold Mapping tool could help endemic countries implement necessary public health programs more easily.,,,2,hard_word_dense|hedged,16,106,6.625,1,0.0625,5,0.3125,,,
pilot_n20_v8_factuality_chase,gemini3_flash_preview_minimal,generated,laysumm_plos_0285,PLOS,285,14,This first activity can help with further collaboration for implementing integrated public health interventions.,,,4,long_word_dense|hard_word_dense|technical_density,14,98,7.0,4,0.2857142857142857,5,0.35714285714285715,,,
pilot_n20_v8_factuality_chase,gemini3_flash_preview_minimal,generated,laysumm_plos_0457,PLOS,457,1,Organ aging is associated with reduced stem cell occupancy in the niche.,,,0,,12,60,5.0,1,0.08333333333333333,3,0.25,,,
pilot_n20_v8_factuality_chase,gemini3_flash_preview_minimal,generated,laysumm_plos_0457,PLOS,457,2,The niche is a specialized environment that houses and supports stem cells.,,,0,,12,63,5.25,2,0.16666666666666666,2,0.16666666666666666,,,
pilot_n20_v8_factuality_chase,gemini3_flash_preview_minimal,generated,laysumm_plos_0457,PLOS,457,3,Notch signaling increases with age in Drosophila female germline stem cells.,,,2,hard_word_dense,11,65,5.909090909090909,1,0.09090909090909091,5,0.45454545454545453,,,
pilot_n20_v8_factuality_chase,gemini3_flash_preview_minimal,generated,laysumm_plos_0457,PLOS,457,4,This increased signaling results in the removal of stem cells from the niche.,,,0,,13,64,4.923076923076923,0,0.0,3,0.23076923076923078,,,
pilot_n20_v8_factuality_chase,gemini3_flash_preview_minimal,generated,laysumm_plos_0457,PLOS,457,5,Notch signaling regulates the adhesion of germline stem cells to the niche.,,,2,hard_word_dense,12,63,5.25,0,0.0,4,0.3333333333333333,,,
pilot_n20_v8_factuality_chase,gemini3_flash_preview_minimal,generated,laysumm_plos_0457,PLOS,457,6,The pathway alters adhesion by changing the expression of the protein E-cadherin.,,,0,technical_density,12,68,5.666666666666667,1,0.08333333333333333,3,0.25,,,
pilot_n20_v8_factuality_chase,gemini3_flash_preview_minimal,generated,laysumm_plos_0457,PLOS,457,7,The age-dependent increase of Notch signaling is partially mediated by Sex lethal.,,,2,hard_word_dense,12,69,5.75,1,0.08333333333333333,5,0.4166666666666667,,,
pilot_n20_v8_factuality_chase,gemini3_flash_preview_minimal,generated,laysumm_plos_0457,PLOS,457,8,A reduction in the protein Sex lethal helps drive this signaling change.,,,0,,12,60,5.0,0,0.0,2,0.16666666666666666,,,
pilot_n20_v8_factuality_chase,gemini3_flash_preview_minimal,generated,laysumm_plos_0457,PLOS,457,9,BMP signaling levels remain unaffected in stem cells with defective Notch signaling.,,,2,hard_word_dense,12,72,6.0,1,0.08333333333333333,4,0.3333333333333333,,,
pilot_n20_v8_factuality_chase,gemini3_flash_preview_minimal,generated,laysumm_plos_0457,PLOS,457,10,BMP signaling is a separate pathway that promotes the self-renewal of stem cells.,,,2,hard_word_dense,13,67,5.153846153846154,1,0.07692307692307693,4,0.3076923076923077,,,
pilot_n20_v8_factuality_chase,gemini3_flash_preview_minimal,generated,laysumm_plos_0457,PLOS,457,11,Notch signaling in the niche cells decreases as the organism ages.,,,0,,11,55,5.0,0,0.0,3,0.2727272727272727,,,
pilot_n20_v8_factuality_chase,gemini3_flash_preview_minimal,generated,laysumm_plos_0457,PLOS,457,12,This reduction in the niche contrasts with the increase seen in stem cells.,,,0,,13,62,4.769230769230769,0,0.0,2,0.15384615384615385,,,
pilot_n20_v8_factuality_chase,gemini3_flash_preview_minimal,generated,laysumm_plos_0457,PLOS,457,13,These findings regarding Notch and adhesion may be relevant to metastatic cancer.,,,2,hard_word_dense|hedged,12,69,5.75,1,0.08333333333333333,4,0.3333333333333333,,,
pilot_n20_v8_factuality_chase,gemini3_flash_preview_minimal,generated,laysumm_plos_0457,PLOS,457,14,"In metastatic cancer cells, Notch signaling is also known to suppress cell adhesion.",,,0,,13,70,5.384615384615385,1,0.07692307692307693,3,0.23076923076923078,,,
pilot_n20_v8_factuality_chase,gemini3_flash_preview_minimal,generated,laysumm_plos_0457,PLOS,457,15,Notch signaling in the niche cells is necessary to maintain niche integrity.,,,0,,12,64,5.333333333333333,0,0.0,3,0.25,,,
pilot_n20_v8_factuality_chase,gemini3_flash_preview_minimal,generated,laysumm_plos_0457,PLOS,457,16,The reduction of signaling in these cells helps explain how aging disrupts the stem cell environment.,,,0,,16,85,5.3125,1,0.0625,3,0.1875,,,
pilot_n20_v8_factuality_chase,gemini3_flash_preview_minimal,generated,laysumm_plos_0457,PLOS,457,17,Elimination of Sex lethal in germline stem cells elevates Notch signaling.,,,2,hard_word_dense,11,63,5.7272727272727275,1,0.09090909090909091,4,0.36363636363636365,,,
pilot_n20_v8_factuality_chase,gemini3_flash_preview_minimal,generated,laysumm_plos_0457,PLOS,457,18,This elevation of signaling triggers early loss of the stem cells from their environment.,,,0,,14,75,5.357142857142857,1,0.07142857142857142,3,0.21428571428571427,,,
pilot_n20_v8_factuality_chase,gemini3_flash_preview_minimal,generated,laysumm_plos_0501,PLOS,501,1,HIV infection currently cannot be cured but can be controlled using combinations of multiple anti-retroviral drugs.,,,4,long_word_dense|hard_word_dense|negation_or_contrast,16,98,6.125,3,0.1875,6,0.375,,,
pilot_n20_v8_factuality_chase,gemini3_flash_preview_minimal,generated,laysumm_plos_0501,PLOS,501,2,These anti-retroviral drugs work together to keep the virus at low levels in the body.,,,0,,15,70,4.666666666666667,1,0.06666666666666667,2,0.13333333333333333,,,
pilot_n20_v8_factuality_chase,gemini3_flash_preview_minimal,generated,laysumm_plos_0501,PLOS,501,3,"Because HIV genotypes vary between individual patients, it is difficult to determine which drug combination will provide effective treatment.",,,3,long_sentence|hard_word_dense|causal_or_inferential,19,121,6.368421052631579,2,0.10526315789473684,8,0.42105263157894735,,,
pilot_n20_v8_factuality_chase,gemini3_flash_preview_minimal,generated,laysumm_plos_0501,PLOS,501,4,Each patient carries a unique version of the virus that may respond differently to specific medications.,,,0,hedged,16,88,5.5,2,0.125,4,0.25,,,
pilot_n20_v8_factuality_chase,gemini3_flash_preview_minimal,generated,laysumm_plos_0501,PLOS,501,5,Existing HIV treatment models are typically based only on viral sequence data and do not account for the chemical similarity of drugs.,,,1,long_sentence|negation_or_contrast,22,112,5.090909090909091,1,0.045454545454545456,5,0.22727272727272727,,,
pilot_n20_v8_factuality_chase,gemini3_flash_preview_minimal,generated,laysumm_plos_0501,PLOS,501,6,These models ignore how the physical structure of a drug affects its ability to stop the virus.,,,0,,17,78,4.588235294117647,0,0.0,4,0.23529411764705882,,,
pilot_n20_v8_factuality_chase,gemini3_flash_preview_minimal,generated,laysumm_plos_0501,PLOS,501,7,Researchers applied proteochemometric models that combine chemical properties and protein target properties into a single bioactivity model.,,,4,long_word_dense|hard_word_dense,17,123,7.235294117647059,5,0.29411764705882354,7,0.4117647058823529,,,
pilot_n20_v8_factuality_chase,gemini3_flash_preview_minimal,generated,laysumm_plos_0501,PLOS,501,8,This method analyzes both the genetic makeup of the virus and the chemistry of the drugs simultaneously.,,,0,,17,87,5.117647058823529,1,0.058823529411764705,4,0.23529411764705882,,,
pilot_n20_v8_factuality_chase,gemini3_flash_preview_minimal,generated,laysumm_plos_0501,PLOS,501,9,Proteochemometric models performed better than models based only on sequence data in resistance classification.,,,4,long_word_dense|hard_word_dense|negation_or_contrast,14,97,6.928571428571429,3,0.21428571428571427,5,0.35714285714285715,,,
pilot_n20_v8_factuality_chase,gemini3_flash_preview_minimal,generated,laysumm_plos_0501,PLOS,501,10,The new approach more accurately predicted how much a virus would resist a specific drug treatment.,,,0,,16,83,5.1875,1,0.0625,3,0.1875,,,
pilot_n20_v8_factuality_chase,gemini3_flash_preview_minimal,generated,laysumm_plos_0501,PLOS,501,11,The study identified previously unpublished mutations in HIV Reverse Transcriptase and HIV Protease that confer drug resistance.,,,4,long_word_dense|hard_word_dense,17,111,6.529411764705882,5,0.29411764705882354,8,0.47058823529411764,,,
pilot_n20_v8_factuality_chase,gemini3_flash_preview_minimal,generated,laysumm_plos_0501,PLOS,501,12,These specific genetic changes allow the virus to survive even when exposed to standard anti-viral medications.,,,2,hard_word_dense,16,94,5.875,1,0.0625,6,0.375,,,
pilot_n20_v8_factuality_chase,gemini3_flash_preview_minimal,generated,laysumm_plos_0501,PLOS,501,13,The proteochemometric models achieved an 84% correct resistance prediction rate when applied to the public Stanford University HIV resistance database.,,,5,long_sentence|long_word_dense|hard_word_dense|number,20,128,6.4,5,0.25,7,0.35,,,
pilot_n20_v8_factuality_chase,gemini3_flash_preview_minimal,generated,laysumm_plos_0501,PLOS,501,14,This high success rate demonstrates the model's ability to handle real-world data from a large patient population.,,,0,technical_density,17,95,5.588235294117647,2,0.11764705882352941,3,0.17647058823529413,,,
pilot_n20_v8_factuality_chase,gemini3_flash_preview_minimal,generated,laysumm_plos_0501,PLOS,501,15,The researchers added an applicability domain to the prediction tool to inform users about the reliability of specific predictions.,,,5,long_sentence|long_word_dense|hard_word_dense,19,112,5.894736842105263,5,0.2631578947368421,6,0.3157894736842105,,,
pilot_n20_v8_factuality_chase,gemini3_flash_preview_minimal,generated,laysumm_plos_0563,PLOS,563,1,Staphylococcus aureus expresses cell wall-anchored proteins to invade host tissues and achieve immune evasion.,,,2,hard_word_dense,14,95,6.785714285714286,2,0.14285714285714285,7,0.5,,,
pilot_n20_v8_factuality_chase,gemini3_flash_preview_minimal,generated,laysumm_plos_0563,PLOS,563,2,These specialized proteins allow the bacteria to stick to host cells while hiding from defenses.,,,0,,15,81,5.4,1,0.06666666666666667,3,0.2,,,
pilot_n20_v8_factuality_chase,gemini3_flash_preview_minimal,generated,laysumm_plos_0563,PLOS,563,3,"The protein clumping factor B, or ClfB, facilitates Staphylococcus aureus nasal colonization.",,,2,long_word_dense,12,79,6.583333333333333,3,0.25,3,0.25,,,
pilot_n20_v8_factuality_chase,gemini3_flash_preview_minimal,generated,laysumm_plos_0563,PLOS,563,4,ClfB helps the bacteria live in the nose by interacting with the cornified envelope.,,,0,,14,70,5.0,1,0.07142857142857142,4,0.2857142857142857,,,
pilot_n20_v8_factuality_chase,gemini3_flash_preview_minimal,generated,laysumm_plos_0563,PLOS,563,5,Researchers discovered that ClfB is a virulence determinant during Staphylococcus aureus skin infection.,,,4,long_word_dense|hard_word_dense,13,91,7.0,4,0.3076923076923077,6,0.46153846153846156,,,
pilot_n20_v8_factuality_chase,gemini3_flash_preview_minimal,generated,laysumm_plos_0563,PLOS,563,6,This finding shows the protein is a key factor in how the bacteria cause disease.,,,0,causal_or_inferential,15,66,4.4,0,0.0,2,0.13333333333333333,,,
pilot_n20_v8_factuality_chase,gemini3_flash_preview_minimal,generated,laysumm_plos_0563,PLOS,563,7,ClfB promotes the development of a skin abscess by binding to the host ligand loricrin.,,,0,technical_density,15,72,4.8,1,0.06666666666666667,3,0.2,,,
pilot_n20_v8_factuality_chase,gemini3_flash_preview_minimal,generated,laysumm_plos_0563,PLOS,563,8,Loricrin is a specific protein found in human skin that the bacteria latch onto.,,,0,,14,66,4.714285714285714,0,0.0,3,0.21428571428571427,,,
pilot_n20_v8_factuality_chase,gemini3_flash_preview_minimal,generated,laysumm_plos_0563,PLOS,563,9,ClfB influences the abscess structure and bacterial burden within the first 12 hours of infection.,,,0,number,15,81,5.4,1,0.06666666666666667,4,0.26666666666666666,,,
pilot_n20_v8_factuality_chase,gemini3_flash_preview_minimal,generated,laysumm_plos_0563,PLOS,563,10,The protein is crucial for determining how the infection organizes early in the process.,,,0,,14,74,5.285714285714286,1,0.07142857142857142,3,0.21428571428571427,,,
pilot_n20_v8_factuality_chase,gemini3_flash_preview_minimal,generated,laysumm_plos_0563,PLOS,563,11,A model vaccine targeting ClfB induces protective humoral and cellular immune responses.,,,2,hard_word_dense,12,76,6.333333333333333,1,0.08333333333333333,8,0.6666666666666666,,,
pilot_n20_v8_factuality_chase,gemini3_flash_preview_minimal,generated,laysumm_plos_0563,PLOS,563,12,This vaccine triggers both antibodies and immune cells to defend against the skin infection.,,,0,,14,78,5.571428571428571,1,0.07142857142857142,4,0.2857142857142857,,,
pilot_n20_v8_factuality_chase,gemini3_flash_preview_minimal,generated,laysumm_plos_0563,PLOS,563,13,ClfB is an important candidate antigen for future SSTI vaccines.,,,2,hard_word_dense,10,54,5.4,0,0.0,5,0.5,,,
pilot_n20_v8_factuality_chase,gemini3_flash_preview_minimal,generated,laysumm_plos_0563,PLOS,563,14,Targeting this antigen could help prevent difficult-to-treat skin and soft tissue infections.,,,2,hard_word_dense|hedged,12,79,6.583333333333333,2,0.16666666666666666,4,0.3333333333333333,,,
pilot_n20_v8_factuality_chase,gemini3_flash_preview_minimal,generated,laysumm_plos_1116,PLOS,1116,1,Dengue virus causes approximately 100 million symptomatic infections every year.,,,4,long_word_dense|hard_word_dense|technical_density|causal_or_inferential|number,10,67,6.7,3,0.3,4,0.4,,,
pilot_n20_v8_factuality_chase,gemini3_flash_preview_minimal,generated,laysumm_plos_1116,PLOS,1116,2,Dengue is a viral infection spread by mosquitoes that affects millions of people globally.,,,0,,14,76,5.428571428571429,1,0.07142857142857142,3,0.21428571428571427,,,
pilot_n20_v8_factuality_chase,gemini3_flash_preview_minimal,generated,laysumm_plos_1116,PLOS,1116,3,Dengue infection ranges from mild dengue fever to life-threatening dengue hemorrhagic fever.,,,0,,12,79,6.583333333333333,2,0.16666666666666666,3,0.25,,,
pilot_n20_v8_factuality_chase,gemini3_flash_preview_minimal,generated,laysumm_plos_1116,PLOS,1116,4,Dengue fever is abbreviated as DF and dengue hemorrhagic fever as DHF.,,,0,,12,58,4.833333333333333,2,0.16666666666666666,2,0.16666666666666666,,,
pilot_n20_v8_factuality_chase,gemini3_flash_preview_minimal,generated,laysumm_plos_1116,PLOS,1116,5,Researchers used mass spectrometry-based metabolomic profiling to analyze the blood sera of patients.,,,4,long_word_dense|hard_word_dense,13,87,6.6923076923076925,3,0.23076923076923078,5,0.38461538461538464,,,
pilot_n20_v8_factuality_chase,gemini3_flash_preview_minimal,generated,laysumm_plos_1116,PLOS,1116,6,Metabolomic profiling is the study of small molecules in the blood called metabolites.,,,2,hard_word_dense,13,73,5.615384615384615,2,0.15384615384615385,4,0.3076923076923077,,,
pilot_n20_v8_factuality_chase,gemini3_flash_preview_minimal,generated,laysumm_plos_1116,PLOS,1116,7,The study identified 29 metabolites that differed between DF and DHF during the critical phase.,,,0,number,15,78,5.2,2,0.13333333333333333,4,0.26666666666666666,,,
pilot_n20_v8_factuality_chase,gemini3_flash_preview_minimal,generated,laysumm_plos_1116,PLOS,1116,8,The critical phase usually occurs 5 to 7 days after the fever starts.,,,0,number,13,54,4.153846153846154,0,0.0,2,0.15384615384615385,,,
pilot_n20_v8_factuality_chase,gemini3_flash_preview_minimal,generated,laysumm_plos_1116,PLOS,1116,9,Bile acid levels were up to 5 fold higher in DHF patients.,,,0,number,12,45,3.75,0,0.0,0,0.0,,,
pilot_n20_v8_factuality_chase,gemini3_flash_preview_minimal,generated,laysumm_plos_1116,PLOS,1116,10,These levels correlated with higher levels of liver enzymes AST and ALT indicating liver injury.,,,0,,15,81,5.4,2,0.13333333333333333,4,0.26666666666666666,,,
pilot_n20_v8_factuality_chase,gemini3_flash_preview_minimal,generated,laysumm_plos_1116,PLOS,1116,11,Uric acid levels were 1.5 fold lower in DHF patients compared to DF patients.,,,0,number,15,60,4.0,0,0.0,1,0.06666666666666667,,,
pilot_n20_v8_factuality_chase,gemini3_flash_preview_minimal,generated,laysumm_plos_1116,PLOS,1116,12,Uric acid acts as an antioxidant that helps the body protect itself from stress.,,,0,,14,66,4.714285714285714,1,0.07142857142857142,1,0.07142857142857142,,,
pilot_n20_v8_factuality_chase,gemini3_flash_preview_minimal,generated,laysumm_plos_1116,PLOS,1116,13,"In the recovery phase, eight metabolites remained significantly altered in DHF patients.",,,2,hard_word_dense|technical_density,12,75,6.25,2,0.16666666666666666,5,0.4166666666666667,,,
pilot_n20_v8_factuality_chase,gemini3_flash_preview_minimal,generated,laysumm_plos_1116,PLOS,1116,14,These altered metabolites included the specific bile acid named chenodeoxyglycocholic acid.,,,4,long_word_dense|hard_word_dense,11,80,7.2727272727272725,2,0.18181818181818182,5,0.45454545454545453,,,
pilot_n20_v8_factuality_chase,gemini3_flash_preview_minimal,generated,laysumm_plos_1116,PLOS,1116,15,The identified metabolic pathways provide insights into DHF pathogenesis and suggest possible therapeutic targets.,,,4,long_word_dense|hard_word_dense|technical_density|hedged,14,100,7.142857142857143,3,0.21428571428571427,6,0.42857142857142855,,,
pilot_n20_v8_factuality_chase,gemini3_flash_preview_minimal,generated,laysumm_plos_1116,PLOS,1116,16,Pathogenesis refers to the process by which the disease develops in the body.,,,0,,13,64,4.923076923076923,1,0.07692307692307693,3,0.23076923076923078,,,
pilot_n20_v8_factuality_chase,gemini3_flash_preview_minimal,generated,laysumm_plos_1309,PLOS,1309,1,Cullin-RING ubiquitin ligases must have their substrate receptor subunits tightly controlled to maintain a balanced repertoire of ligases.,,,2,hard_word_dense,18,119,6.611111111111111,3,0.16666666666666666,10,0.5555555555555556,,,
pilot_n20_v8_factuality_chase,gemini3_flash_preview_minimal,generated,laysumm_plos_1309,PLOS,1309,2,These ligases are specialized machines that cells use to mark specific proteins for destruction.,,,2,hard_word_dense,14,82,5.857142857142857,2,0.14285714285714285,5,0.35714285714285715,,,
pilot_n20_v8_factuality_chase,gemini3_flash_preview_minimal,generated,laysumm_plos_1309,PLOS,1309,3,"Unbalanced levels of substrate receptors can lead to the sequestration of core components, potentially causing diseases like cancer.",,,4,long_word_dense|hard_word_dense|hedged,18,113,6.277777777777778,4,0.2222222222222222,7,0.3888888888888889,,,
pilot_n20_v8_factuality_chase,gemini3_flash_preview_minimal,generated,laysumm_plos_1309,PLOS,1309,4,This sequestration occurs when a few overabundant receptors hog the core machinery through competition.,,,4,long_word_dense|hard_word_dense,14,89,6.357142857142857,3,0.21428571428571427,5,0.35714285714285715,,,
pilot_n20_v8_factuality_chase,gemini3_flash_preview_minimal,generated,laysumm_plos_1309,PLOS,1309,5,F-box proteins are substrate receptors for the SCF class of ubiquitin ligases.,,,2,hard_word_dense,12,65,5.416666666666667,0,0.0,4,0.3333333333333333,,,
pilot_n20_v8_factuality_chase,gemini3_flash_preview_minimal,generated,laysumm_plos_1309,PLOS,1309,6,The SCF complex uses these F-box proteins to grab specific targets for degradation.,,,0,,13,69,5.3076923076923075,1,0.07692307692307693,2,0.15384615384615385,,,
pilot_n20_v8_factuality_chase,gemini3_flash_preview_minimal,generated,laysumm_plos_1309,PLOS,1309,7,Researchers identified a new degradation pathway for the yeast F-box protein Met30 that occurs when it is dissociated from the Skp1 protein.,,,3,long_sentence|long_word_dense|number,22,114,5.181818181818182,4,0.18181818181818182,4,0.18181818181818182,,,
pilot_n20_v8_factuality_chase,gemini3_flash_preview_minimal,generated,laysumm_plos_1309,PLOS,1309,8,This pathway cleans up Met30 specifically when it is not attached to its usual partner.,,,0,negation_or_contrast|number,15,70,4.666666666666667,1,0.06666666666666667,2,0.13333333333333333,,,
pilot_n20_v8_factuality_chase,gemini3_flash_preview_minimal,generated,laysumm_plos_1309,PLOS,1309,9,The newly discovered Met30 degradation pathway requires the cullin component Cdc53/Cul1 but is independent of the Skp1 component.,,,3,long_sentence|hard_word_dense|number,19,104,5.473684210526316,3,0.15789473684210525,6,0.3157894736842105,,,
pilot_n20_v8_factuality_chase,gemini3_flash_preview_minimal,generated,laysumm_plos_1309,PLOS,1309,10,This process uses one part of the main machinery while ignoring the part usually required.,,,0,,15,75,5.0,0,0.0,4,0.26666666666666666,,,
pilot_n20_v8_factuality_chase,gemini3_flash_preview_minimal,generated,laysumm_plos_1309,PLOS,1309,11,The non-canonical Met30 degradation pathway is essential for maintaining chromosome stability and defending against heavy metal stress.,,,4,long_word_dense|hard_word_dense|number,17,115,6.764705882352941,4,0.23529411764705882,7,0.4117647058823529,,,
pilot_n20_v8_factuality_chase,gemini3_flash_preview_minimal,generated,laysumm_plos_1309,PLOS,1309,12,Yeast cells require this system to survive exposure to toxic metals like cadmium.,,,0,,13,68,5.230769230769231,0,0.0,3,0.23076923076923078,,,
pilot_n20_v8_factuality_chase,gemini3_flash_preview_minimal,generated,laysumm_plos_1309,PLOS,1309,13,"The study identifies a functional sub-complex consisting of Cdc53, Rbx1, and Cdc34 that works independently of Skp1 to ubiquitylate Met30.",,,5,long_sentence|long_word_dense|hard_word_dense|number,20,107,5.35,6,0.3,6,0.3,,,
pilot_n20_v8_factuality_chase,gemini3_flash_preview_minimal,generated,laysumm_plos_1309,PLOS,1309,14,This reveals that parts of the destruction machinery can form a smaller independent team.,,,0,,14,75,5.357142857142857,2,0.14285714285714285,3,0.21428571428571427,,,
pilot_n20_v8_factuality_chase,gemini3_flash_preview_minimal,rewritten,laysumm_elife_0006,eLife,6,1,Many decisions arise from the accumulation of noisy evidence until it reaches a threshold.,,,0,,14,76,5.428571428571429,1,0.07142857142857142,4,0.2857142857142857,,,
pilot_n20_v8_factuality_chase,gemini3_flash_preview_minimal,rewritten,laysumm_elife_0006,eLife,6,2,This process is known as the bounded evidence accumulation model.,,,0,,10,55,5.5,1,0.1,2,0.2,,,
pilot_n20_v8_factuality_chase,gemini3_flash_preview_minimal,rewritten,laysumm_elife_0006,eLife,6,3,"This mechanism explains how stimulus strength affects decision speed, accuracy, and confidence.",,,2,hard_word_dense|technical_density|causal_or_inferential,12,81,6.75,1,0.08333333333333333,5,0.4166666666666667,,,
pilot_n20_v8_factuality_chase,gemini3_flash_preview_minimal,rewritten,laysumm_elife_0006,eLife,6,4,Stimulus strength is often measured by the signal-to-noise ratio of the information.,,,2,hard_word_dense,12,70,5.833333333333333,2,0.16666666666666666,4,0.3333333333333333,,,
pilot_n20_v8_factuality_chase,gemini3_flash_preview_minimal,rewritten,laysumm_elife_0006,eLife,6,5,The model paradoxically predicts that an increase in noise leads to higher confidence.,,,0,causal_or_inferential,13,73,5.615384615384615,2,0.15384615384615385,3,0.23076923076923078,,,
pilot_n20_v8_factuality_chase,gemini3_flash_preview_minimal,rewritten,laysumm_elife_0006,eLife,6,6,Higher noise also leads to faster decisions because evidence reaches the boundary more quickly.,,,0,causal_or_inferential,14,81,5.785714285714286,0,0.0,4,0.2857142857142857,,,
pilot_n20_v8_factuality_chase,gemini3_flash_preview_minimal,rewritten,laysumm_elife_0006,eLife,6,7,Researchers used random dot motion to add unbiased noise to the visual cortex.,,,0,,13,65,5.0,1,0.07692307692307693,2,0.15384615384615385,,,
pilot_n20_v8_factuality_chase,gemini3_flash_preview_minimal,rewritten,laysumm_elife_0006,eLife,6,8,The researchers verified this sensory manipulation using neuronal recordings from macaque areas MT/MST.,,,4,long_word_dense|hard_word_dense,14,89,6.357142857142857,3,0.21428571428571427,7,0.5,,,
pilot_n20_v8_factuality_chase,gemini3_flash_preview_minimal,rewritten,laysumm_elife_0006,eLife,6,9,"In both humans and monkeys, increasing the noise induced faster decisions and greater confidence.",,,0,,14,82,5.857142857142857,2,0.14285714285714285,4,0.2857142857142857,,,
pilot_n20_v8_factuality_chase,gemini3_flash_preview_minimal,rewritten,laysumm_elife_0006,eLife,6,10,These effects occurred over a range of stimuli where accuracy was minimally impaired.,,,2,hard_word_dense,13,72,5.538461538461538,0,0.0,5,0.38461538461538464,,,
pilot_n20_v8_factuality_chase,gemini3_flash_preview_minimal,rewritten,laysumm_elife_0006,eLife,6,11,The magnitude of the effects was in agreement with predictions of the model.,,,0,,13,63,4.846153846153846,1,0.07692307692307693,3,0.23076923076923078,,,
pilot_n20_v8_factuality_chase,gemini3_flash_preview_minimal,rewritten,laysumm_elife_0006,eLife,6,12,This indicates a common mechanism explains how volatility influences choices across different species.,,,2,hard_word_dense|technical_density|causal_or_inferential,13,89,6.846153846153846,2,0.15384615384615385,5,0.38461538461538464,,,
pilot_n20_v8_factuality_chase,gemini3_flash_preview_minimal,rewritten,laysumm_elife_0006,eLife,6,13,Increased volatility makes the accumulated evidence reach the decision boundary more rapidly.,,,2,hard_word_dense,12,81,6.75,2,0.16666666666666666,7,0.5833333333333334,,,
pilot_n20_v8_factuality_chase,gemini3_flash_preview_minimal,rewritten,laysumm_elife_0006,eLife,6,14,This rapid movement explains why noisy evidence can result in faster choice times.,,,0,causal_or_inferential,13,69,5.3076923076923075,0,0.0,2,0.15384615384615385,,,
pilot_n20_v8_factuality_chase,gemini3_flash_preview_minimal,rewritten,laysumm_elife_0006,eLife,6,15,The manipulation added a second level of randomness to the visual display.,,,0,,12,62,5.166666666666667,2,0.16666666666666666,2,0.16666666666666666,,,
pilot_n20_v8_factuality_chase,gemini3_flash_preview_minimal,rewritten,laysumm_elife_0006,eLife,6,16,This method increased volatility without changing the average strength of the motion signal.,,,0,negation_or_contrast,13,79,6.076923076923077,1,0.07692307692307693,3,0.23076923076923078,,,
pilot_n20_v8_factuality_chase,gemini3_flash_preview_minimal,rewritten,laysumm_elife_0006,eLife,6,17,High volatility increased the confidence of the monkeys despite a negligible effect on accuracy.,,,4,long_word_dense|hard_word_dense,14,82,5.857142857142857,3,0.21428571428571427,6,0.42857142857142855,,,
pilot_n20_v8_factuality_chase,gemini3_flash_preview_minimal,rewritten,laysumm_elife_0006,eLife,6,18,Monkeys indicated confidence by choosing between a guaranteed small reward or a larger reward.,,,0,,14,80,5.714285714285714,2,0.14285714285714285,3,0.21428571428571427,,,
pilot_n20_v8_factuality_chase,gemini3_flash_preview_minimal,rewritten,laysumm_elife_0026,eLife,26,1,The Shigella flexneri effector protein OspI suppresses the human inflammatory response by deamidating the enzyme UBC13 at position Q100.,,,3,long_sentence|hard_word_dense|number,19,112,5.894736842105263,3,0.15789473684210525,9,0.47368421052631576,,,
pilot_n20_v8_factuality_chase,gemini3_flash_preview_minimal,rewritten,laysumm_elife_0026,eLife,26,2,Shigella flexneri is a pathogen that causes severe diarrhea by invading the intestine and hiding from the immune system.,,,3,long_sentence|hard_word_dense|causal_or_inferential,19,101,5.315789473684211,0,0.0,7,0.3684210526315789,,,
pilot_n20_v8_factuality_chase,gemini3_flash_preview_minimal,rewritten,laysumm_elife_0026,eLife,26,3,"Deamidation of UBC13 inhibits the synthesis of K63-linked polyubiquitin chains, which prevents the activation of the NF-κB immune signaling pathway.",,,3,long_sentence|hard_word_dense|number,20,120,6.0,3,0.15,7,0.35,,,
pilot_n20_v8_factuality_chase,gemini3_flash_preview_minimal,rewritten,laysumm_elife_0026,eLife,26,4,"Normally, UBC13 and TRAF6 must bind to trigger chemical signals that call for immune cells to clear the infection.",,,1,long_sentence|number,19,91,4.7894736842105265,0,0.0,4,0.21052631578947367,,,
pilot_n20_v8_factuality_chase,gemini3_flash_preview_minimal,rewritten,laysumm_elife_0026,eLife,26,5,Deamidation of the protein UBC13 inhibits its interaction with the protein TRAF6RING.,,,0,number,12,70,5.833333333333333,2,0.16666666666666666,3,0.25,,,
pilot_n20_v8_factuality_chase,gemini3_flash_preview_minimal,rewritten,laysumm_elife_0026,eLife,26,6,The bacterial modification specifically targets the binding interface where the two proteins usually meet.,,,2,hard_word_dense,14,92,6.571428571428571,2,0.14285714285714285,5,0.35714285714285715,,,
pilot_n20_v8_factuality_chase,gemini3_flash_preview_minimal,rewritten,laysumm_elife_0026,eLife,26,7,The deamidation of UBC13 at Q100 creates a new intramolecular salt-bridge that competes with a critical intermolecular salt-bridge at the UBC13/TRAF6 interface.,,,5,long_sentence|long_word_dense|hard_word_dense|number,23,127,5.521739130434782,5,0.21739130434782608,8,0.34782608695652173,,,
pilot_n20_v8_factuality_chase,gemini3_flash_preview_minimal,rewritten,laysumm_elife_0026,eLife,26,8,A salt-bridge is an electrical attraction between a positive and negative part of a protein.,,,4,long_word_dense|hard_word_dense,15,76,5.066666666666666,3,0.2,5,0.3333333333333333,,,
pilot_n20_v8_factuality_chase,gemini3_flash_preview_minimal,rewritten,laysumm_elife_0026,eLife,26,9,Electrostatic repulsion between the negatively charged glutamate (E100) and the TRAF6 RING surface prevents necessary transient interactions.,,,2,hard_word_dense|number,17,118,6.9411764705882355,3,0.17647058823529413,7,0.4117647058823529,,,
pilot_n20_v8_factuality_chase,gemini3_flash_preview_minimal,rewritten,laysumm_elife_0026,eLife,26,10,"Because both the modified site on UBC13 and the surface of TRAF6 are now negatively charged, they push each other away.",,,1,long_sentence|causal_or_inferential|number,21,94,4.476190476190476,1,0.047619047619047616,4,0.19047619047619047,,,
pilot_n20_v8_factuality_chase,gemini3_flash_preview_minimal,rewritten,laysumm_elife_0026,eLife,26,11,The bacterial effector OspI from Shigella flexneri inhibits host immune responses by modifying transient protein-protein associations and using salt-bridge competition.,,,5,long_sentence|long_word_dense|hard_word_dense|technical_density,20,146,7.3,4,0.2,12,0.6,,,
pilot_n20_v8_factuality_chase,gemini3_flash_preview_minimal,rewritten,laysumm_elife_0026,eLife,26,12,This study shows how a tiny chemical change can have a massive effect on how proteins find and stick to each other during an infection.,,,2,long_sentence|very_long_sentence,25,110,4.4,0,0.0,3,0.12,,,
pilot_n20_v8_factuality_chase,gemini3_flash_preview_minimal,rewritten,laysumm_elife_0028,eLife,28,1,Working memory depends on the coordinated interaction of distributed brain networks.,,,4,long_word_dense|hard_word_dense,11,73,6.636363636363637,3,0.2727272727272727,4,0.36363636363636365,,,
pilot_n20_v8_factuality_chase,gemini3_flash_preview_minimal,rewritten,laysumm_elife_0028,eLife,28,2,Working memory is the ability to hold and manipulate information in the mind over short periods.,,,0,,16,80,5.0,2,0.125,4,0.25,,,
pilot_n20_v8_factuality_chase,gemini3_flash_preview_minimal,rewritten,laysumm_elife_0028,eLife,28,3,Brain regions may exchange information by synchronizing their rhythmic electrical activity.,,,4,long_word_dense|hard_word_dense|hedged,11,80,7.2727272727272725,3,0.2727272727272727,5,0.45454545454545453,,,
pilot_n20_v8_factuality_chase,gemini3_flash_preview_minimal,rewritten,laysumm_elife_0028,eLife,28,4,These rhythmic waves occur when many brain cells send signals at the same time.,,,0,,14,65,4.642857142857143,0,0.0,0,0.0,,,
pilot_n20_v8_factuality_chase,gemini3_flash_preview_minimal,rewritten,laysumm_elife_0028,eLife,28,5,Researchers used transcranial alternating current stimulation (tACS) to manipulate brain waves in healthy volunteers.,,,4,long_word_dense|hard_word_dense,14,101,7.214285714285714,6,0.42857142857142855,6,0.42857142857142855,,,
pilot_n20_v8_factuality_chase,gemini3_flash_preview_minimal,rewritten,laysumm_elife_0028,eLife,28,6,The researchers applied 6 Hz stimulation to the right frontoparietal network of the brain.,,,2,long_word_dense|number,14,75,5.357142857142857,3,0.21428571428571427,3,0.21428571428571427,,,
pilot_n20_v8_factuality_chase,gemini3_flash_preview_minimal,rewritten,laysumm_elife_0028,eLife,28,7,The frontoparietal network involves regions at the front and side of the brain that support memory.,,,0,,16,83,5.1875,1,0.0625,3,0.1875,,,
pilot_n20_v8_factuality_chase,gemini3_flash_preview_minimal,rewritten,laysumm_elife_0028,eLife,28,8,Stimulation targeted the middle frontal gyrus and inferior parietal lobule.,,,2,hard_word_dense,10,65,6.5,1,0.1,5,0.5,,,
pilot_n20_v8_factuality_chase,gemini3_flash_preview_minimal,rewritten,laysumm_elife_0028,eLife,28,9,Synchronous stimulation improved reaction times during difficult memory tasks.,,,4,long_word_dense|hard_word_dense,9,69,7.666666666666667,2,0.2222222222222222,5,0.5555555555555556,,,
pilot_n20_v8_factuality_chase,gemini3_flash_preview_minimal,rewritten,laysumm_elife_0028,eLife,28,10,This improvement occurred during the 2-back task but not the easier 1-back task.,,,0,negation_or_contrast|number,13,63,4.846153846153846,1,0.07692307692307693,2,0.15384615384615385,,,
pilot_n20_v8_factuality_chase,gemini3_flash_preview_minimal,rewritten,laysumm_elife_0028,eLife,28,11,Participants had to monitor number sequences and spot repeated patterns.,,,2,hard_word_dense|technical_density,10,62,6.2,1,0.1,4,0.4,,,
pilot_n20_v8_factuality_chase,gemini3_flash_preview_minimal,rewritten,laysumm_elife_0028,eLife,28,12,Brain scans showed that synchronous stimulation increased activity in the parietal region.,,,2,hard_word_dense,12,78,6.5,2,0.16666666666666666,5,0.4166666666666667,,,
pilot_n20_v8_factuality_chase,gemini3_flash_preview_minimal,rewritten,laysumm_elife_0028,eLife,28,13,Increased activity in the right inferior parietal lobe led to faster responses.,,,2,hard_word_dense,12,67,5.583333333333333,0,0.0,5,0.4166666666666667,,,
pilot_n20_v8_factuality_chase,gemini3_flash_preview_minimal,rewritten,laysumm_elife_0028,eLife,28,14,The parietal lobe is a part of the brain involved in processing sensory information and spatial reasoning.,,,2,hard_word_dense,17,89,5.235294117647059,2,0.11764705882352941,6,0.35294117647058826,,,
pilot_n20_v8_factuality_chase,gemini3_flash_preview_minimal,rewritten,laysumm_elife_0028,eLife,28,15,The timing of the electrical stimulation changed how different parts of the network communicated.,,,2,long_word_dense,14,83,5.928571428571429,3,0.21428571428571427,4,0.2857142857142857,,,
pilot_n20_v8_factuality_chase,gemini3_flash_preview_minimal,rewritten,laysumm_elife_0028,eLife,28,16,This stimulation increased functional connectivity between the parietal and frontal areas.,,,4,long_word_dense|hard_word_dense,11,79,7.181818181818182,3,0.2727272727272727,5,0.45454545454545453,,,
pilot_n20_v8_factuality_chase,gemini3_flash_preview_minimal,rewritten,laysumm_elife_0028,eLife,28,17,Functional connectivity measures how well different brain areas work together.,,,4,long_word_dense|hard_word_dense,10,68,6.8,2,0.2,5,0.5,,,
pilot_n20_v8_factuality_chase,gemini3_flash_preview_minimal,rewritten,laysumm_elife_0028,eLife,28,18,The study provides evidence that synchronization across large networks drives cognitive performance.,,,2,hard_word_dense|technical_density|causal_or_inferential,12,88,7.333333333333333,2,0.16666666666666666,5,0.4166666666666667,,,
pilot_n20_v8_factuality_chase,gemini3_flash_preview_minimal,rewritten,laysumm_elife_0028,eLife,28,19,The results show a direct link between brain synchronization and working memory performance.,,,0,,13,79,6.076923076923077,2,0.15384615384615385,3,0.23076923076923078,,,
pilot_n20_v8_factuality_chase,gemini3_flash_preview_minimal,rewritten,laysumm_elife_0035,eLife,35,1,The granular retrosplenial cortex is essential for both spatial and non-spatial behaviors.,,,2,hard_word_dense,12,77,6.416666666666667,2,0.16666666666666666,5,0.4166666666666667,,,
pilot_n20_v8_factuality_chase,gemini3_flash_preview_minimal,rewritten,laysumm_elife_0035,eLife,35,2,"These behaviors include navigation, learning, and memory.",,,2,hard_word_dense,7,48,6.857142857142857,1,0.14285714285714285,4,0.5714285714285714,,,
pilot_n20_v8_factuality_chase,gemini3_flash_preview_minimal,rewritten,laysumm_elife_0035,eLife,35,3,Researchers used optogenetic mapping in mice to study the granular retrosplenial cortex.,,,4,long_word_dense|hard_word_dense,12,76,6.333333333333333,3,0.25,4,0.3333333333333333,,,
pilot_n20_v8_factuality_chase,gemini3_flash_preview_minimal,rewritten,laysumm_elife_0035,eLife,35,4,This region contains low-rheobase neurons and regular-spiking neurons.,,,2,long_word_dense,8,60,7.5,2,0.25,2,0.25,,,
pilot_n20_v8_factuality_chase,gemini3_flash_preview_minimal,rewritten,laysumm_elife_0035,eLife,35,5,The anterior thalamus and dorsal subiculum provide spatial information to low-rheobase neurons.,,,2,hard_word_dense,12,82,6.833333333333333,2,0.16666666666666666,6,0.5,,,
pilot_n20_v8_factuality_chase,gemini3_flash_preview_minimal,rewritten,laysumm_elife_0035,eLife,35,6,Low-rheobase neurons are specialized to receive compass-like signals about where an animal is facing.,,,4,long_word_dense|hard_word_dense,14,85,6.071428571428571,3,0.21428571428571427,5,0.35714285714285715,,,
pilot_n20_v8_factuality_chase,gemini3_flash_preview_minimal,rewritten,laysumm_elife_0035,eLife,35,7,Regular-spiking cells process non-spatial information from the claustrum and anterior cingulate.,,,4,long_word_dense|hard_word_dense,11,83,7.545454545454546,3,0.2727272727272727,5,0.45454545454545453,,,
pilot_n20_v8_factuality_chase,gemini3_flash_preview_minimal,rewritten,laysumm_elife_0035,eLife,35,8,Regular-spiking cells handle data from different brain regions while their neighbors handle space.,,,0,,13,84,6.461538461538462,1,0.07692307692307693,2,0.15384615384615385,,,
pilot_n20_v8_factuality_chase,gemini3_flash_preview_minimal,rewritten,laysumm_elife_0035,eLife,35,9,Parallel processing is enabled by precise anatomical organization within layer 1.,,,4,long_word_dense|hard_word_dense|number,11,69,6.2727272727272725,3,0.2727272727272727,6,0.5454545454545454,,,
pilot_n20_v8_factuality_chase,gemini3_flash_preview_minimal,rewritten,laysumm_elife_0035,eLife,35,10,The physical layout of the brain wiring ensures that the two types of information do not get mixed up.,,,1,long_sentence|negation_or_contrast,19,83,4.368421052631579,1,0.05263157894736842,3,0.15789473684210525,,,
pilot_n20_v8_factuality_chase,gemini3_flash_preview_minimal,rewritten,laysumm_elife_0035,eLife,35,11,Low-rheobase neurons can compute the speed of head rotation.,,,2,hard_word_dense,9,50,5.555555555555555,1,0.1111111111111111,3,0.3333333333333333,,,
pilot_n20_v8_factuality_chase,gemini3_flash_preview_minimal,rewritten,laysumm_elife_0035,eLife,35,12,Low-rheobase cells calculate how fast the mouse is turning even when incoming signals only say which way the mouse is facing.,,,1,long_sentence|negation_or_contrast,21,103,4.904761904761905,1,0.047619047619047616,3,0.14285714285714285,,,
pilot_n20_v8_factuality_chase,gemini3_flash_preview_minimal,rewritten,laysumm_elife_0035,eLife,35,13,Low-rheobase neurons are the primary subtype for encoding spatial information.,,,4,long_word_dense|hard_word_dense,10,67,6.7,2,0.2,5,0.5,,,
pilot_n20_v8_factuality_chase,gemini3_flash_preview_minimal,rewritten,laysumm_elife_0035,eLife,35,14,This discovery identifies a specific cell type that is likely responsible for the ability to stay oriented in space.,,,3,long_sentence|hard_word_dense|hedged,19,97,5.105263157894737,2,0.10526315789473684,7,0.3684210526315789,,,
pilot_n20_v8_factuality_chase,gemini3_flash_preview_minimal,rewritten,laysumm_elife_0035,eLife,35,15,The granular retrosplenial cortex is critical for knowing where a person is and how to get to a destination.,,,1,long_sentence,19,89,4.684210526315789,2,0.10526315789473684,4,0.21052631578947367,,,
pilot_n20_v8_factuality_chase,gemini3_flash_preview_minimal,rewritten,laysumm_elife_0035,eLife,35,16,Damage to the retrosplenial cortex causes spatial disorientation similar to symptoms seen in Alzheimer’s disease.,,,2,hard_word_dense|causal_or_inferential,16,97,6.0625,2,0.125,6,0.375,,,
pilot_n20_v8_factuality_chase,gemini3_flash_preview_minimal,rewritten,laysumm_elife_0035,eLife,35,17,Precise axonal and dendritic arborization within layer 1 permits this parallel processing.,,,2,hard_word_dense|number,12,77,6.416666666666667,2,0.16666666666666666,6,0.5,,,
pilot_n20_v8_factuality_chase,gemini3_flash_preview_minimal,rewritten,laysumm_elife_0057,eLife,57,1,Stable flower shapes are important for reproductive success and attracting pollinators.,,,4,long_word_dense|hard_word_dense,11,76,6.909090909090909,3,0.2727272727272727,4,0.36363636363636365,,,
pilot_n20_v8_factuality_chase,gemini3_flash_preview_minimal,rewritten,laysumm_elife_0057,eLife,57,2,Petals are usually required to open the flower and help attract pollinators.,,,0,,12,64,5.333333333333333,1,0.08333333333333333,3,0.25,,,
pilot_n20_v8_factuality_chase,gemini3_flash_preview_minimal,rewritten,laysumm_elife_0057,eLife,57,3,Petal number is invariant in Arabidopsis thaliana flowers.,,,2,hard_word_dense,8,50,6.25,1,0.125,3,0.375,,,
pilot_n20_v8_factuality_chase,gemini3_flash_preview_minimal,rewritten,laysumm_elife_0057,eLife,57,4,These flowers consistently produce four petals.,,,2,hard_word_dense,6,41,6.833333333333333,1,0.16666666666666666,2,0.3333333333333333,,,
pilot_n20_v8_factuality_chase,gemini3_flash_preview_minimal,rewritten,laysumm_elife_0057,eLife,57,5,Cardamine hirsuta exhibits variable petal numbers ranging from zero to four.,,,2,hard_word_dense,11,65,5.909090909090909,0,0.0,4,0.36363636363636365,,,
pilot_n20_v8_factuality_chase,gemini3_flash_preview_minimal,rewritten,laysumm_elife_0057,eLife,57,6,This species can display a variable number of petals on a single plant.,,,0,,13,58,4.461538461538462,0,0.0,1,0.07692307692307693,,,
pilot_n20_v8_factuality_chase,gemini3_flash_preview_minimal,rewritten,laysumm_elife_0057,eLife,57,7,Divergence in the floral regulator APETALA1 accounts for the difference in petal number robustness.,,,4,long_word_dense|hard_word_dense|number,14,84,6.0,3,0.21428571428571427,5,0.35714285714285715,,,
pilot_n20_v8_factuality_chase,gemini3_flash_preview_minimal,rewritten,laysumm_elife_0057,eLife,57,8,This gene is also known as AP1.,,,0,number,7,23,3.2857142857142856,0,0.0,0,0.0,,,
pilot_n20_v8_factuality_chase,gemini3_flash_preview_minimal,rewritten,laysumm_elife_0057,eLife,57,9,Arabidopsis thaliana AP1 confers robustness by masking the effects of quantitative trait loci.,,,4,long_word_dense|hard_word_dense|number,13,80,6.153846153846154,3,0.23076923076923078,4,0.3076923076923077,,,
pilot_n20_v8_factuality_chase,gemini3_flash_preview_minimal,rewritten,laysumm_elife_0057,eLife,57,10,These quantitative trait loci are also called QTL.,,,0,,8,42,5.25,1,0.125,1,0.125,,,
pilot_n20_v8_factuality_chase,gemini3_flash_preview_minimal,rewritten,laysumm_elife_0057,eLife,57,11,The Cardamine hirsuta version of the AP1 gene fails to complement this function.,,,0,number,13,66,5.076923076923077,1,0.07692307692307693,3,0.23076923076923078,,,
pilot_n20_v8_factuality_chase,gemini3_flash_preview_minimal,rewritten,laysumm_elife_0057,eLife,57,12,Differences in regulatory regions contribute to this divergence.,,,4,long_word_dense|hard_word_dense,8,56,7.0,4,0.5,4,0.5,,,
pilot_n20_v8_factuality_chase,gemini3_flash_preview_minimal,rewritten,laysumm_elife_0057,eLife,57,13,Variable petal number is maintained in Cardamine hirsuta despite standing genetic variation.,,,2,hard_word_dense,12,80,6.666666666666667,1,0.08333333333333333,7,0.5833333333333334,,,
pilot_n20_v8_factuality_chase,gemini3_flash_preview_minimal,rewritten,laysumm_elife_0057,eLife,57,14,Natural populations have enough variation to produce four-petalled flowers.,,,4,long_word_dense|hard_word_dense|technical_density,9,65,7.222222222222222,2,0.2222222222222222,5,0.5555555555555556,,,
pilot_n20_v8_factuality_chase,gemini3_flash_preview_minimal,rewritten,laysumm_elife_0057,eLife,57,15,The AP1 gene in Arabidopsis thaliana hides the expression of other genetic traits.,,,2,hard_word_dense|technical_density|number,13,68,5.230769230769231,2,0.15384615384615385,4,0.3076923076923077,,,
pilot_n20_v8_factuality_chase,gemini3_flash_preview_minimal,rewritten,laysumm_elife_0057,eLife,57,16,This masking ensures the plant consistently grows four petals.,,,0,,9,53,5.888888888888889,1,0.1111111111111111,2,0.2222222222222222,,,
pilot_n20_v8_factuality_chase,gemini3_flash_preview_minimal,rewritten,laysumm_elife_0057,eLife,57,17,The divergence mapped to upstream regulatory rather than coding regions.,,,2,long_word_dense,10,62,6.2,2,0.2,2,0.2,,,
pilot_n20_v8_factuality_chase,gemini3_flash_preview_minimal,rewritten,laysumm_elife_0057,eLife,57,18,The Cardamine hirsuta AP1 gene does not provide the same stability.,,,2,hard_word_dense|negation_or_contrast|number,11,55,5.0,0,0.0,4,0.36363636363636365,,,
pilot_n20_v8_factuality_chase,gemini3_flash_preview_minimal,rewritten,laysumm_elife_0057,eLife,57,19,Arabidopsis thaliana is a common research model that maintains flower shape despite genetic differences.,,,2,hard_word_dense,14,90,6.428571428571429,2,0.14285714285714285,5,0.35714285714285715,,,
pilot_n20_v8_factuality_chase,gemini3_flash_preview_minimal,rewritten,laysumm_elife_0057,eLife,57,20,Invariant floral forms are robust to natural perturbations.,,,2,hard_word_dense,8,51,6.375,1,0.125,3,0.375,,,
pilot_n20_v8_factuality_chase,gemini3_flash_preview_minimal,rewritten,laysumm_elife_0057,eLife,57,21,The AP1 gene acts like a buffer to hide genetic variations.,,,0,number,11,47,4.2727272727272725,1,0.09090909090909091,2,0.18181818181818182,,,
pilot_n20_v8_factuality_chase,gemini3_flash_preview_minimal,rewritten,laysumm_elife_0057,eLife,57,22,Masking prevents other genes from changing the petal count.,,,0,,9,50,5.555555555555555,0,0.0,0,0.0,,,
pilot_n20_v8_factuality_chase,gemini3_flash_preview_minimal,rewritten,laysumm_elife_0062,eLife,62,1,Researchers used laser-capture microdissection to isolate and profile genes in the Schmidtea mediterranea intestine.,,,4,long_word_dense|hard_word_dense,14,101,7.214285714285714,4,0.2857142857142857,7,0.5,,,
pilot_n20_v8_factuality_chase,gemini3_flash_preview_minimal,rewritten,laysumm_elife_0062,eLife,62,2,Schmidtea mediterranea is a flatworm that can regenerate its entire digestive system after injury.,,,2,hard_word_dense,14,84,6.0,2,0.14285714285714285,5,0.35714285714285715,,,
pilot_n20_v8_factuality_chase,gemini3_flash_preview_minimal,rewritten,laysumm_elife_0062,eLife,62,3,"The study identified over 1,800 intestine-enriched transcripts using this sensitive bulk tissue method.",,,2,long_word_dense|number,14,84,6.0,3,0.21428571428571427,3,0.21428571428571427,,,
pilot_n20_v8_factuality_chase,gemini3_flash_preview_minimal,rewritten,laysumm_elife_0062,eLife,62,4,This approach found 809 transcripts that previous single-cell studies did not detect because laser-capture microdissection allows researchers to focus on specific bulk tissue sections.,,,3,long_sentence|long_word_dense|causal_or_inferential|negation_or_contrast|number,24,155,6.458333333333333,5,0.20833333333333334,6,0.25,,,
pilot_n20_v8_factuality_chase,gemini3_flash_preview_minimal,rewritten,laysumm_elife_0062,eLife,62,5,The planarian intestine performs consolidated roles that humans split among several different organs.,,,2,hard_word_dense,13,88,6.769230769230769,1,0.07692307692307693,5,0.38461538461538464,,,
pilot_n20_v8_factuality_chase,gemini3_flash_preview_minimal,rewritten,laysumm_elife_0062,eLife,62,6,"These roles include functions typically handled by the human liver and small intestine, such as energy storage and nutrient absorption.",,,3,long_sentence|hard_word_dense,20,114,5.7,1,0.05,6,0.3,,,
pilot_n20_v8_factuality_chase,gemini3_flash_preview_minimal,rewritten,laysumm_elife_0062,eLife,62,7,The study found regionalization of gene activity between the medial and lateral intestinal domains.,,,0,,14,85,6.071428571428571,2,0.14285714285714285,4,0.2857142857142857,,,
pilot_n20_v8_factuality_chase,gemini3_flash_preview_minimal,rewritten,laysumm_elife_0062,eLife,62,8,"This spatial specialization is particularly evident in cells called goblet cells, which are organized into distinct zones within the digestive tract.",,,1,long_sentence,21,127,6.0476190476190474,2,0.09523809523809523,5,0.23809523809523808,,,
pilot_n20_v8_factuality_chase,gemini3_flash_preview_minimal,rewritten,laysumm_elife_0062,eLife,62,9,The gene gli-1 is required for goblet cells to undergo regeneration after injury.,,,2,hard_word_dense|number,13,66,5.076923076923077,1,0.07692307692307693,4,0.3076923076923077,,,
pilot_n20_v8_factuality_chase,gemini3_flash_preview_minimal,rewritten,laysumm_elife_0062,eLife,62,10,"A second gene called RREB2 is needed for the maintenance of these cells, acting as a transcription factor that turns other genes on or off.",,,2,long_sentence|very_long_sentence|number,25,112,4.48,2,0.08,2,0.08,,,
pilot_n20_v8_factuality_chase,gemini3_flash_preview_minimal,rewritten,laysumm_elife_0062,eLife,62,11,This genetic atlas provides a resource for investigating how the digestive system repairs itself.,,,2,hard_word_dense,14,83,5.928571428571429,1,0.07142857142857142,5,0.35714285714285715,,,
pilot_n20_v8_factuality_chase,gemini3_flash_preview_minimal,rewritten,laysumm_elife_0062,eLife,62,12,These findings support comparative analyses to understand human gastrointestinal pathologies by generating new insights into cellular processes that are often dysregulated in disease.,,,5,long_sentence|long_word_dense|hard_word_dense,23,160,6.956521739130435,6,0.2608695652173913,10,0.43478260869565216,,,
pilot_n20_v8_factuality_chase,gemini3_flash_preview_minimal,rewritten,laysumm_elife_0062,eLife,62,13,Understanding how simple animals like planarians regrow their gut could eventually help treat human conditions like acid reflux or surgical damage.,,,5,long_sentence|long_word_dense|hard_word_dense|hedged,21,126,6.0,4,0.19047619047619047,7,0.3333333333333333,,,
pilot_n20_v8_factuality_chase,gemini3_flash_preview_minimal,rewritten,laysumm_elife_0070,eLife,70,1,Mitochondria require mechanisms to recognize and remove misfolded proteins to maintain essential functions.,,,2,hard_word_dense|technical_density,13,94,7.230769230769231,2,0.15384615384615385,7,0.5384615384615384,,,
pilot_n20_v8_factuality_chase,gemini3_flash_preview_minimal,rewritten,laysumm_elife_0070,eLife,70,2,Mitochondria are essential to cellular bioenergetics and metabolism.,,,4,long_word_dense|hard_word_dense,8,60,7.5,3,0.375,5,0.625,,,
pilot_n20_v8_factuality_chase,gemini3_flash_preview_minimal,rewritten,laysumm_elife_0070,eLife,70,3,Quality control pathways for misfolded mitochondrial proteins are currently poorly defined.,,,2,hard_word_dense,11,80,7.2727272727272725,1,0.09090909090909091,5,0.45454545454545453,,,
pilot_n20_v8_factuality_chase,gemini3_flash_preview_minimal,rewritten,laysumm_elife_0070,eLife,70,4,A universal Mitochondria-Associated Degradation pathway for mitochondrial outer membrane proteins has not been described.,,,4,long_word_dense|hard_word_dense|negation_or_contrast,14,106,7.571428571428571,3,0.21428571428571427,6,0.42857142857142855,,,
pilot_n20_v8_factuality_chase,gemini3_flash_preview_minimal,rewritten,laysumm_elife_0070,eLife,70,5,Researchers established temperature-sensitive mitochondrial outer membrane proteins as model substrates in yeast.,,,4,long_word_dense|hard_word_dense,12,100,8.333333333333334,5,0.4166666666666667,6,0.5,,,
pilot_n20_v8_factuality_chase,gemini3_flash_preview_minimal,rewritten,laysumm_elife_0070,eLife,70,6,The researchers used the yeast Saccharomyces cerevisiae for these experiments.,,,4,long_word_dense|hard_word_dense,10,68,6.8,4,0.4,4,0.4,,,
pilot_n20_v8_factuality_chase,gemini3_flash_preview_minimal,rewritten,laysumm_elife_0070,eLife,70,7,The model proteins are degraded from the mitochondrial outer membrane by the ubiquitin-proteasome system.,,,0,,14,90,6.428571428571429,2,0.14285714285714285,4,0.2857142857142857,,,
pilot_n20_v8_factuality_chase,gemini3_flash_preview_minimal,rewritten,laysumm_elife_0070,eLife,70,8,The proteins remain on the mitochondria when the proteasome is not working.,,,0,negation_or_contrast,12,63,5.25,2,0.16666666666666666,2,0.16666666666666666,,,
pilot_n20_v8_factuality_chase,gemini3_flash_preview_minimal,rewritten,laysumm_elife_0070,eLife,70,9,Ubiquitination of the substrates is mediated by the ubiquitin ligases Ubr1 and San1.,,,2,hard_word_dense|number,13,69,5.3076923076923075,2,0.15384615384615385,5,0.38461538461538464,,,
pilot_n20_v8_factuality_chase,gemini3_flash_preview_minimal,rewritten,laysumm_elife_0070,eLife,70,10,San1 and Ubr1 normally handle misfolded proteins in the cytosol and nucleus.,,,0,number,12,62,5.166666666666667,0,0.0,3,0.25,,,
pilot_n20_v8_factuality_chase,gemini3_flash_preview_minimal,rewritten,laysumm_elife_0070,eLife,70,11,Mitochondria-associated degradation of misfolded proteins requires the SSA family of Hsp70 chaperones.,,,4,long_word_dense|hard_word_dense|number,12,87,7.25,3,0.25,6,0.5,,,
pilot_n20_v8_factuality_chase,gemini3_flash_preview_minimal,rewritten,laysumm_elife_0070,eLife,70,12,The Hsp40 chaperone Sis1 is also required for this process.,,,0,number,10,46,4.6,0,0.0,2,0.2,,,
pilot_n20_v8_factuality_chase,gemini3_flash_preview_minimal,rewritten,laysumm_elife_0070,eLife,70,13,Degradation involves the Cdc48-Npl4-Ufd1 AAA-ATPase complex and the transmembrane adaptor Ubx2.,,,4,long_word_dense|hard_word_dense|number,11,76,6.909090909090909,2,0.18181818181818182,5,0.45454545454545453,,,
pilot_n20_v8_factuality_chase,gemini3_flash_preview_minimal,rewritten,laysumm_elife_0070,eLife,70,14,Ubx2 has a discrete and functional pool located at the mitochondria.,,,4,long_word_dense|hard_word_dense|number,11,56,5.090909090909091,2,0.18181818181818182,4,0.36363636363636365,,,
pilot_n20_v8_factuality_chase,gemini3_flash_preview_minimal,rewritten,laysumm_elife_0070,eLife,70,15,The study identifies a unique quality control pathway using both cytosolic and mitochondrial factors.,,,2,hard_word_dense,14,87,6.214285714285714,2,0.14285714285714285,5,0.35714285714285715,,,
pilot_n20_v8_factuality_chase,gemini3_flash_preview_minimal,rewritten,laysumm_elife_0070,eLife,70,16,This pathway is distinct from endoplasmic reticulum-associated degradation.,,,4,long_word_dense|hard_word_dense,8,66,8.25,3,0.375,3,0.375,,,
pilot_n20_v8_factuality_chase,gemini3_flash_preview_minimal,rewritten,laysumm_elife_0070,eLife,70,17,The SSA1 chaperone is specifically required for the ubiquitination step of these mitochondrial substrates.,,,4,long_word_dense|hard_word_dense|number,14,91,6.5,4,0.2857142857142857,6,0.42857142857142855,,,
pilot_n20_v8_factuality_chase,gemini3_flash_preview_minimal,rewritten,laysumm_elife_0070,eLife,70,18,Sis1 slowed the turnover of both model proteins used in the study.,,,0,number,12,53,4.416666666666667,0,0.0,1,0.08333333333333333,,,
pilot_n20_v8_factuality_chase,gemini3_flash_preview_minimal,rewritten,laysumm_elife_0070,eLife,70,19,Ubiquitinated mitochondrial quality control substrates require the Cdc48-Npl4-Ufd1 complex for efficient proteasomal degradation.,,,4,long_word_dense|hard_word_dense|number,13,110,8.461538461538462,5,0.38461538461538464,8,0.6153846153846154,,,
pilot_n20_v8_factuality_chase,gemini3_flash_preview_minimal,rewritten,laysumm_elife_0070,eLife,70,20,The protein Doa1 is also implicated in the degradation of these substrates.,,,2,long_word_dense|number,12,62,5.166666666666667,3,0.25,3,0.25,,,
pilot_n20_v8_factuality_chase,gemini3_flash_preview_minimal,rewritten,laysumm_elife_0163,eLife,163,1,MicroRNAs are small molecules that regulate how genes are expressed in cells.,,,2,hard_word_dense,12,65,5.416666666666667,0,0.0,4,0.3333333333333333,,,
pilot_n20_v8_factuality_chase,gemini3_flash_preview_minimal,rewritten,laysumm_elife_0163,eLife,163,2,The specific molecule miR-9 is highly abundant within the brain.,,,2,hard_word_dense|number,10,52,5.2,0,0.0,3,0.3,,,
pilot_n20_v8_factuality_chase,gemini3_flash_preview_minimal,rewritten,laysumm_elife_0163,eLife,163,3,The role of miR-9 in dendritic and synaptic development was previously unknown.,,,2,hard_word_dense|technical_density|number,12,65,5.416666666666667,2,0.16666666666666666,4,0.3333333333333333,,,
pilot_n20_v8_factuality_chase,gemini3_flash_preview_minimal,rewritten,laysumm_elife_0163,eLife,163,4,Dendrites are the branched structures that neurons use to receive signals.,,,0,,11,63,5.7272727272727275,1,0.09090909090909091,3,0.2727272727272727,,,
pilot_n20_v8_factuality_chase,gemini3_flash_preview_minimal,rewritten,laysumm_elife_0163,eLife,163,5,Researchers developed a transgenic miRNA sponge mouse to inactivate the miR-9 family.,,,4,long_word_dense|hard_word_dense|number,12,71,5.916666666666667,3,0.25,5,0.4166666666666667,,,
pilot_n20_v8_factuality_chase,gemini3_flash_preview_minimal,rewritten,laysumm_elife_0163,eLife,163,6,The miRNA sponge acts as a trap that binds and sequesters the molecules.,,,0,,13,59,4.538461538461538,1,0.07692307692307693,2,0.15384615384615385,,,
pilot_n20_v8_factuality_chase,gemini3_flash_preview_minimal,rewritten,laysumm_elife_0163,eLife,163,7,The study found that miR-9 controls dendritic growth and synaptic transmission in vivo.,,,0,number,13,72,5.538461538461538,1,0.07692307692307693,3,0.23076923076923078,,,
pilot_n20_v8_factuality_chase,gemini3_flash_preview_minimal,rewritten,laysumm_elife_0163,eLife,163,8,Synaptic transmission is the process where neurons communicate at specialized junctions.,,,4,long_word_dense|hard_word_dense,11,77,7.0,3,0.2727272727272727,4,0.36363636363636365,,,
pilot_n20_v8_factuality_chase,gemini3_flash_preview_minimal,rewritten,laysumm_elife_0163,eLife,163,9,The downregulation of the transcriptional repressor REST is essential for dendritic growth.,,,2,hard_word_dense|technical_density,12,79,6.583333333333333,2,0.16666666666666666,5,0.4166666666666667,,,
pilot_n20_v8_factuality_chase,gemini3_flash_preview_minimal,rewritten,laysumm_elife_0163,eLife,163,10,"By reducing REST levels, miR-9 allows genes for growth to remain active.",,,0,number,12,57,4.75,0,0.0,2,0.16666666666666666,,,
pilot_n20_v8_factuality_chase,gemini3_flash_preview_minimal,rewritten,laysumm_elife_0163,eLife,163,11,Inhibition of miR-9 results in aberrant dendritic growth in living organisms.,,,2,hard_word_dense|number,11,64,5.818181818181818,1,0.09090909090909091,4,0.36363636363636365,,,
pilot_n20_v8_factuality_chase,gemini3_flash_preview_minimal,rewritten,laysumm_elife_0163,eLife,163,12,This abnormal growth is accompanied by an impairment in synaptic transmission.,,,4,long_word_dense|hard_word_dense,11,67,6.090909090909091,3,0.2727272727272727,5,0.45454545454545453,,,
pilot_n20_v8_factuality_chase,gemini3_flash_preview_minimal,rewritten,laysumm_elife_0163,eLife,163,13,A key function of miR-9 is to keep REST levels low during maturation.,,,0,number,13,54,4.153846153846154,1,0.07692307692307693,1,0.07692307692307693,,,
pilot_n20_v8_factuality_chase,gemini3_flash_preview_minimal,rewritten,laysumm_elife_0163,eLife,163,14,REST is a protein that normally functions to silence specific gene elements.,,,2,hard_word_dense,12,64,5.333333333333333,0,0.0,4,0.3333333333333333,,,
pilot_n20_v8_factuality_chase,gemini3_flash_preview_minimal,rewritten,laysumm_elife_0163,eLife,163,15,The transgenic mouse line allows for inactivation in a spatio-temporal-controlled manner.,,,2,long_word_dense,11,76,6.909090909090909,3,0.2727272727272727,3,0.2727272727272727,,,
pilot_n20_v8_factuality_chase,gemini3_flash_preview_minimal,rewritten,laysumm_elife_0163,eLife,163,16,This method allows scientists to study miR-9 at specific times and locations.,,,0,number,12,63,5.25,1,0.08333333333333333,2,0.16666666666666666,,,
pilot_n20_v8_factuality_chase,gemini3_flash_preview_minimal,rewritten,laysumm_elife_0163,eLife,163,17,MicroRNAs function as posttranscriptional regulators of gene expression.,,,4,long_word_dense|hard_word_dense|technical_density,8,64,8.0,3,0.375,4,0.5,,,
pilot_n20_v8_factuality_chase,gemini3_flash_preview_minimal,rewritten,laysumm_elife_0163,eLife,163,18,These conserved noncoding RNAs are found across many different species.,,,2,hard_word_dense,10,61,6.1,0,0.0,3,0.3,,,
pilot_n20_v8_factuality_chase,gemini3_flash_preview_minimal,rewritten,laysumm_elife_0163,eLife,163,19,The protein REST is also known as the RE-1 silencing transcription factor. miR-9 binds to and interferes with the RNA molecules needed to make REST.,,,2,long_sentence|very_long_sentence|number,25,118,4.72,2,0.08,4,0.16,,,
pilot_n20_v8_factuality_chase,gemini3_flash_preview_minimal,rewritten,laysumm_elife_0188,eLife,188,1,Ross River virus is a significant mosquito-borne pathogen in Australia and the Pacific Islands.,,,2,hard_word_dense,14,80,5.714285714285714,2,0.14285714285714285,5,0.35714285714285715,,,
pilot_n20_v8_factuality_chase,gemini3_flash_preview_minimal,rewritten,laysumm_elife_0188,eLife,188,2,Researchers built a mechanistic model to understand how temperature drives this virus.,,,4,long_word_dense|hard_word_dense|causal_or_inferential,12,74,6.166666666666667,4,0.3333333333333333,4,0.3333333333333333,,,
pilot_n20_v8_factuality_chase,gemini3_flash_preview_minimal,rewritten,laysumm_elife_0188,eLife,188,3,"This virus infects 2,000 to 9,000 people each year and can cause long-term joint pain.",,,0,causal_or_inferential|number,17,60,3.5294117647058822,0,0.0,0,0.0,,,
pilot_n20_v8_factuality_chase,gemini3_flash_preview_minimal,rewritten,laysumm_elife_0188,eLife,188,4,"Because mosquitoes cannot control their body temperature, their ability to spread diseases depends on the temperature of their environment.",,,5,long_sentence|long_word_dense|hard_word_dense|causal_or_inferential|negation_or_contrast,19,119,6.2631578947368425,4,0.21052631578947367,7,0.3684210526315789,,,
pilot_n20_v8_factuality_chase,gemini3_flash_preview_minimal,rewritten,laysumm_elife_0188,eLife,188,5,Transmission of the Ross River virus peaks at a moderate temperature of 26.4°C.,,,0,number,15,61,4.066666666666666,2,0.13333333333333333,3,0.2,,,
pilot_n20_v8_factuality_chase,gemini3_flash_preview_minimal,rewritten,laysumm_elife_0188,eLife,188,6,This specific middle temperature allows the virus to spread most effectively.,,,2,long_word_dense,11,66,6.0,2,0.18181818181818182,3,0.2727272727272727,,,
pilot_n20_v8_factuality_chase,gemini3_flash_preview_minimal,rewritten,laysumm_elife_0188,eLife,188,7,The relationship between temperature and transmission is not a straight line.,,,2,long_word_dense|negation_or_contrast,11,66,6.0,3,0.2727272727272727,3,0.2727272727272727,,,
pilot_n20_v8_factuality_chase,gemini3_flash_preview_minimal,rewritten,laysumm_elife_0188,eLife,188,8,There is a specific middle temperature where the virus spreads most effectively.,,,0,,12,68,5.666666666666667,2,0.16666666666666666,3,0.25,,,
pilot_n20_v8_factuality_chase,gemini3_flash_preview_minimal,rewritten,laysumm_elife_0188,eLife,188,9,Ross River virus transmission stops at thermal limits of 17.0°C and 31.5°C.,,,0,number,16,53,3.3125,1,0.0625,1,0.0625,,,
pilot_n20_v8_factuality_chase,gemini3_flash_preview_minimal,rewritten,laysumm_elife_0188,eLife,188,10,The disease cannot spread if the environment is too cold or too hot.,,,0,negation_or_contrast,13,55,4.230769230769231,1,0.07692307692307693,2,0.15384615384615385,,,
pilot_n20_v8_factuality_chase,gemini3_flash_preview_minimal,rewritten,laysumm_elife_0188,eLife,188,11,Biological traits of the mosquitoes and the virus prevent the disease from spreading at these extremes.,,,0,,16,87,5.4375,2,0.125,4,0.25,,,
pilot_n20_v8_factuality_chase,gemini3_flash_preview_minimal,rewritten,laysumm_elife_0188,eLife,188,12,The virus is endemic year-round in tropics but seasonal in temperate areas.,,,0,,12,62,5.166666666666667,0,0.0,3,0.25,,,
pilot_n20_v8_factuality_chase,gemini3_flash_preview_minimal,rewritten,laysumm_elife_0188,eLife,188,13,Low temperatures in temperate regions force transmission to zero for part of the year.,,,0,,14,72,5.142857142857143,2,0.14285714285714285,3,0.21428571428571427,,,
pilot_n20_v8_factuality_chase,gemini3_flash_preview_minimal,rewritten,laysumm_elife_0188,eLife,188,14,"In the tropics, temperatures stay within the transmission range all year.",,,2,long_word_dense,11,61,5.545454545454546,2,0.18181818181818182,2,0.18181818181818182,,,
pilot_n20_v8_factuality_chase,gemini3_flash_preview_minimal,rewritten,laysumm_elife_0188,eLife,188,15,Cooler areas experience winter temperatures that drop below the virus limit.,,,2,long_word_dense,11,65,5.909090909090909,2,0.18181818181818182,2,0.18181818181818182,,,
pilot_n20_v8_factuality_chase,gemini3_flash_preview_minimal,rewritten,laysumm_elife_0188,eLife,188,16,Climate warming will increase transmission in temperate areas but decrease it in tropical areas.,,,2,hard_word_dense,14,82,5.857142857142857,1,0.07142857142857142,6,0.42857142857142855,,,
pilot_n20_v8_factuality_chase,gemini3_flash_preview_minimal,rewritten,laysumm_elife_0188,eLife,188,17,Warming may push tropical temperatures above the upper thermal limit for the virus.,,,0,hedged,13,70,5.384615384615385,1,0.07692307692307693,3,0.23076923076923078,,,
pilot_n20_v8_factuality_chase,gemini3_flash_preview_minimal,rewritten,laysumm_elife_0188,eLife,188,18,Tropical areas are already near the ideal temperature.,,,2,hard_word_dense,8,46,5.75,1,0.125,3,0.375,,,
pilot_n20_v8_factuality_chase,gemini3_flash_preview_minimal,rewritten,laysumm_elife_0188,eLife,188,19,Further warming will make them too hot for the virus.,,,0,,10,43,4.3,0,0.0,0,0.0,,,
pilot_n20_v8_factuality_chase,gemini3_flash_preview_minimal,rewritten,laysumm_elife_0188,eLife,188,20,Warming in cooler areas will bring them closer to the ideal range.,,,0,,12,54,4.5,0,0.0,0,0.0,,,
pilot_n20_v8_factuality_chase,gemini3_flash_preview_minimal,rewritten,laysumm_elife_0188,eLife,188,21,Nonlinear models are essential for predicting disease responses to climate change.,,,2,hard_word_dense,11,71,6.454545454545454,1,0.09090909090909091,6,0.5454545454545454,,,
pilot_n20_v8_factuality_chase,gemini3_flash_preview_minimal,rewritten,laysumm_elife_0188,eLife,188,22,These models account for specific temperature limits rather than assuming a simple increase.,,,2,hard_word_dense,13,79,6.076923076923077,1,0.07692307692307693,4,0.3076923076923077,,,
pilot_n20_v8_factuality_chase,gemini3_flash_preview_minimal,rewritten,laysumm_elife_0188,eLife,188,23,Traditional models might assume that more heat always means more disease.,,,0,hedged,11,62,5.636363636363637,1,0.09090909090909091,3,0.2727272727272727,,,
pilot_n20_v8_factuality_chase,gemini3_flash_preview_minimal,rewritten,laysumm_elife_0188,eLife,188,24,This study shows that the hump-shaped response to temperature is critical for accurate planning.,,,2,hard_word_dense|causal_or_inferential,14,81,5.785714285714286,2,0.14285714285714285,5,0.35714285714285715,,,
pilot_n20_v8_factuality_chase,gemini3_flash_preview_minimal,rewritten,laysumm_elife_0189,eLife,189,1,The specific behavioral correlates of motor cortical beta oscillations remain unresolved in neuroscience.,,,4,long_word_dense|hard_word_dense|technical_density,13,92,7.076923076923077,5,0.38461538461538464,7,0.5384615384615384,,,
pilot_n20_v8_factuality_chase,gemini3_flash_preview_minimal,rewritten,laysumm_elife_0189,eLife,189,2,Beta oscillations are brain waves that emerge when individuals are paying attention or waiting.,,,0,,14,81,5.785714285714286,2,0.14285714285714285,4,0.2857142857142857,,,
pilot_n20_v8_factuality_chase,gemini3_flash_preview_minimal,rewritten,laysumm_elife_0189,eLife,189,3,Researchers recorded motor cortex activity while three macaques performed a novel neurofeedback task.,,,2,hard_word_dense,13,88,6.769230769230769,2,0.15384615384615385,6,0.46153846153846156,,,
pilot_n20_v8_factuality_chase,gemini3_flash_preview_minimal,rewritten,laysumm_elife_0189,eLife,189,4,The researchers used electrodes to monitor brain activity as the monkeys learned tasks.,,,2,hard_word_dense,13,74,5.6923076923076925,2,0.15384615384615385,4,0.3076923076923077,,,
pilot_n20_v8_factuality_chase,gemini3_flash_preview_minimal,rewritten,laysumm_elife_0189,eLife,189,5,The monkeys volitionally brought their beta oscillatory power to an instructed state before reaching.,,,2,long_word_dense,14,87,6.214285714285714,3,0.21428571428571427,4,0.2857142857142857,,,
pilot_n20_v8_factuality_chase,gemini3_flash_preview_minimal,rewritten,laysumm_elife_0189,eLife,189,6,The monkeys controlled a cursor on a screen using only their brain activity.,,,0,negation_or_contrast,13,63,4.846153846153846,1,0.07692307692307693,2,0.15384615384615385,,,
pilot_n20_v8_factuality_chase,gemini3_flash_preview_minimal,rewritten,laysumm_elife_0189,eLife,189,7,Trials with high beta power resulted in slower movement onset times during arm reaches.,,,0,causal_or_inferential,14,73,5.214285714285714,0,0.0,2,0.14285714285714285,,,
pilot_n20_v8_factuality_chase,gemini3_flash_preview_minimal,rewritten,laysumm_elife_0189,eLife,189,8,Reaches preceded by a reduction in beta power exhibited significantly faster movement onset times.,,,2,hard_word_dense|technical_density,14,84,6.0,1,0.07142857142857142,5,0.35714285714285715,,,
pilot_n20_v8_factuality_chase,gemini3_flash_preview_minimal,rewritten,laysumm_elife_0189,eLife,189,9,Population neural activity shifts farther from a movement onset state during beta oscillations.,,,2,hard_word_dense|technical_density,13,82,6.3076923076923075,2,0.15384615384615385,4,0.3076923076923077,,,
pilot_n20_v8_factuality_chase,gemini3_flash_preview_minimal,rewritten,laysumm_elife_0189,eLife,189,10,High beta power moves the neural state further from the threshold required for movement.,,,0,,14,74,5.285714285714286,0,0.0,2,0.14285714285714285,,,
pilot_n20_v8_factuality_chase,gemini3_flash_preview_minimal,rewritten,laysumm_elife_0189,eLife,189,11,This study establishes a neural basis for slowed movement onset following beta oscillatory activity.,,,2,hard_word_dense,14,86,6.142857142857143,2,0.14285714285714285,5,0.35714285714285715,,,
pilot_n20_v8_factuality_chase,gemini3_flash_preview_minimal,rewritten,laysumm_elife_0189,eLife,189,12,The generation of beta oscillations favors a state that compromises readiness for upcoming movements.,,,4,long_word_dense|hard_word_dense,14,87,6.214285714285714,3,0.21428571428571427,6,0.42857142857142855,,,
pilot_n20_v8_factuality_chase,gemini3_flash_preview_minimal,rewritten,laysumm_elife_0189,eLife,189,13,Motor cortical beta oscillations have been reported for decades without a clear behavioral function.,,,2,hard_word_dense|technical_density|negation_or_contrast,14,86,6.142857142857143,2,0.14285714285714285,5,0.35714285714285715,,,
pilot_n20_v8_factuality_chase,gemini3_flash_preview_minimal,rewritten,laysumm_elife_0189,eLife,189,14,Understanding these oscillations might reveal how they contribute to symptoms of Parkinson’s disease.,,,4,long_word_dense|hard_word_dense|hedged,14,87,6.214285714285714,3,0.21428571428571427,5,0.35714285714285715,,,
pilot_n20_v8_factuality_chase,gemini3_flash_preview_minimal,rewritten,laysumm_elife_0189,eLife,189,15,The monkeys were trained to perform a sequential beta neurofeedback arm-reaching task.,,,2,long_word_dense,12,73,6.083333333333333,3,0.25,3,0.25,,,
pilot_n20_v8_factuality_chase,gemini3_flash_preview_minimal,rewritten,laysumm_elife_0189,eLife,189,16,This method allowed researchers to link population neural activity to specific behaviors.,,,2,hard_word_dense|technical_density,12,77,6.416666666666667,2,0.16666666666666666,6,0.5,,,
pilot_n20_v8_factuality_chase,gemini3_flash_preview_minimal,rewritten,laysumm_elife_0189,eLife,189,17,Distances to the movement onset threshold are greatest when the brain reaches a high beta target.,,,0,,16,81,5.0625,0,0.0,2,0.125,,,
pilot_n20_v8_factuality_chase,gemini3_flash_preview_minimal,rewritten,laysumm_elife_0189,eLife,189,18,The brain's collective neural activity moves into a state that is mathematically distant from the state needed to trigger a movement.,,,1,long_sentence,21,111,5.285714285714286,2,0.09523809523809523,4,0.19047619047619047,,,
pilot_n20_v8_factuality_chase,gemini3_flash_preview_minimal,rewritten,laysumm_elife_0189,eLife,189,19,The brain uses these waves to pause the motor system which makes it harder to start moving quickly.,,,0,,18,81,4.5,0,0.0,0,0.0,,,
pilot_n20_v8_factuality_chase,gemini3_flash_preview_minimal,rewritten,laysumm_elife_0189,eLife,189,20,Beta oscillations favor a low-risk state that ensures the animal remains still.,,,0,,12,66,5.5,1,0.08333333333333333,3,0.25,,,
pilot_n20_v8_factuality_chase,gemini3_flash_preview_minimal,rewritten,laysumm_plos_0051,PLOS,51,1,Some viruses like Marburg and Dengue activate and benefit from the Nrf2 protein to help them infect cells.,,,0,number,18,87,4.833333333333333,0,0.0,3,0.16666666666666666,,,
pilot_n20_v8_factuality_chase,gemini3_flash_preview_minimal,rewritten,laysumm_plos_0051,PLOS,51,2,Nrf2 is a protein that normally helps cells turn on anti-oxidant genes to protect themselves.,,,0,number,15,76,5.066666666666666,2,0.13333333333333333,3,0.2,,,
pilot_n20_v8_factuality_chase,gemini3_flash_preview_minimal,rewritten,laysumm_plos_0051,PLOS,51,3,Sulforaphane is a natural compound found in cruciferous vegetables that can activate the Nrf2 protein.,,,4,long_word_dense|hard_word_dense|number,15,86,5.733333333333333,3,0.2,5,0.3333333333333333,,,
pilot_n20_v8_factuality_chase,gemini3_flash_preview_minimal,rewritten,laysumm_plos_0051,PLOS,51,4,Sulforaphane is produced in cruciferous vegetables after they are damaged or chewed.,,,4,long_word_dense|hard_word_dense,12,72,6.0,3,0.25,5,0.4166666666666667,,,
pilot_n20_v8_factuality_chase,gemini3_flash_preview_minimal,rewritten,laysumm_plos_0051,PLOS,51,5,Sulforaphane treatment stops HIV from infecting macrophages but it does not work in T cells.,,,0,negation_or_contrast,15,77,5.133333333333334,2,0.13333333333333333,3,0.2,,,
pilot_n20_v8_factuality_chase,gemini3_flash_preview_minimal,rewritten,laysumm_plos_0051,PLOS,51,6,Macrophages and T cells are both types of white blood cells that HIV targets.,,,0,,14,63,4.5,1,0.07142857142857142,1,0.07142857142857142,,,
pilot_n20_v8_factuality_chase,gemini3_flash_preview_minimal,rewritten,laysumm_plos_0051,PLOS,51,7,"When Nrf2 levels are lowered, HIV infects macrophages more easily and Sulforaphane becomes less effective.",,,2,hard_word_dense|number,15,89,5.933333333333334,2,0.13333333333333333,6,0.4,,,
pilot_n20_v8_factuality_chase,gemini3_flash_preview_minimal,rewritten,laysumm_plos_0051,PLOS,51,8,Researchers used a technique called siRNA to specifically reduce the amount of Nrf2 in the cells.,,,0,number,16,80,5.0,2,0.125,4,0.25,,,
pilot_n20_v8_factuality_chase,gemini3_flash_preview_minimal,rewritten,laysumm_plos_0051,PLOS,51,9,The ability of Sulforaphane to fight HIV depends on its ability to activate and move the Nrf2 protein.,,,0,number,18,83,4.611111111111111,1,0.05555555555555555,4,0.2222222222222222,,,
pilot_n20_v8_factuality_chase,gemini3_flash_preview_minimal,rewritten,laysumm_plos_0051,PLOS,51,10,This confirms that the drug works by triggering the cell's own internal defense system.,,,0,causal_or_inferential,14,72,5.142857142857143,1,0.07142857142857142,3,0.21428571428571427,,,
pilot_n20_v8_factuality_chase,gemini3_flash_preview_minimal,rewritten,laysumm_plos_0051,PLOS,51,11,Sulforaphane blocks infection after entry but before formation of 2-LTR circles.,,,2,hard_word_dense|number,11,67,6.090909090909091,1,0.09090909090909091,4,0.36363636363636365,,,
pilot_n20_v8_factuality_chase,gemini3_flash_preview_minimal,rewritten,laysumm_plos_0051,PLOS,51,12,2-LTR circles are markers that show the virus has reached the cell nucleus.,,,0,number,13,60,4.615384615384615,0,0.0,0,0.0,,,
pilot_n20_v8_factuality_chase,gemini3_flash_preview_minimal,rewritten,laysumm_plos_0051,PLOS,51,13,This anti-viral effect does not use the common defense proteins SAMHD1 or MX2 that usually stop HIV.,,,0,negation_or_contrast|number,17,80,4.705882352941177,0,0.0,3,0.17647058823529413,,,
pilot_n20_v8_factuality_chase,gemini3_flash_preview_minimal,rewritten,laysumm_plos_0051,PLOS,51,14,This suggests Nrf2 uses a previously unknown pathway to block the virus.,,,0,hedged|number,12,59,4.916666666666667,1,0.08333333333333333,1,0.08333333333333333,,,
pilot_n20_v8_factuality_chase,gemini3_flash_preview_minimal,rewritten,laysumm_plos_0051,PLOS,51,15,This discovery shows that HIV can be blocked by Nrf2 activation in a novel way.,,,0,causal_or_inferential|number,15,63,4.2,1,0.06666666666666667,2,0.13333333333333333,,,
pilot_n20_v8_factuality_chase,gemini3_flash_preview_minimal,rewritten,laysumm_plos_0051,PLOS,51,16,This provides a potential new strategy for HIV treatment by triggering the body's own antioxidant response.,,,2,hard_word_dense|hedged,16,90,5.625,2,0.125,6,0.375,,,
pilot_n20_v8_factuality_chase,gemini3_flash_preview_minimal,rewritten,laysumm_plos_0178,PLOS,178,1,Aedes-borne arboviruses like dengue and Zika cause increasing morbidity and mortality worldwide.,,,4,long_word_dense|hard_word_dense|causal_or_inferential,12,83,6.916666666666667,3,0.25,6,0.5,,,
pilot_n20_v8_factuality_chase,gemini3_flash_preview_minimal,rewritten,laysumm_plos_0178,PLOS,178,2,Arboviruses are viruses transmitted to humans by mosquitoes such as Aedes mosquitoes.,,,4,long_word_dense|hard_word_dense,12,73,6.083333333333333,4,0.3333333333333333,5,0.4166666666666667,,,
pilot_n20_v8_factuality_chase,gemini3_flash_preview_minimal,rewritten,laysumm_plos_0178,PLOS,178,3,A Zika outbreak in the Dominican Republic allowed researchers to compare transmission drivers.,,,2,hard_word_dense,13,81,6.230769230769231,2,0.15384615384615385,6,0.46153846153846156,,,
pilot_n20_v8_factuality_chase,gemini3_flash_preview_minimal,rewritten,laysumm_plos_0178,PLOS,178,4,This outbreak followed a large dengue epidemic in the same region.,,,0,,11,55,5.0,0,0.0,2,0.18181818181818182,,,
pilot_n20_v8_factuality_chase,gemini3_flash_preview_minimal,rewritten,laysumm_plos_0178,PLOS,178,5,About 75% of dengue cases occurred in people aged <20 years.,,,0,number,11,43,3.909090909090909,0,0.0,1,0.09090909090909091,,,
pilot_n20_v8_factuality_chase,gemini3_flash_preview_minimal,rewritten,laysumm_plos_0178,PLOS,178,6,Zika infections were more widely dispersed across different age groups in the population.,,,2,hard_word_dense|technical_density,13,76,5.846153846153846,2,0.15384615384615385,5,0.38461538461538464,,,
pilot_n20_v8_factuality_chase,gemini3_flash_preview_minimal,rewritten,laysumm_plos_0178,PLOS,178,7,Reported Zika infections were highly clustered among females at 73.8% of cases.,,,2,hard_word_dense|number,13,62,4.769230769230769,1,0.07692307692307693,4,0.3076923076923077,,,
pilot_n20_v8_factuality_chase,gemini3_flash_preview_minimal,rewritten,laysumm_plos_0178,PLOS,178,8,This percentage shows a significant difference in reported cases between men and women.,,,4,long_word_dense|hard_word_dense,13,74,5.6923076923076925,3,0.23076923076923078,4,0.3076923076923077,,,
pilot_n20_v8_factuality_chase,gemini3_flash_preview_minimal,rewritten,laysumm_plos_0178,PLOS,178,9,Guillain-Barre syndrome attack rates were slightly higher in males than in females.,,,0,,12,70,5.833333333333333,1,0.08333333333333333,3,0.25,,,
pilot_n20_v8_factuality_chase,gemini3_flash_preview_minimal,rewritten,laysumm_plos_0178,PLOS,178,10,Guillain-Barre syndrome is a serious neurological condition sometimes triggered by the Zika virus.,,,2,hard_word_dense,13,84,6.461538461538462,2,0.15384615384615385,6,0.46153846153846156,,,
pilot_n20_v8_factuality_chase,gemini3_flash_preview_minimal,rewritten,laysumm_plos_0178,PLOS,178,11,Existing dengue immunity had little impact on the reported attack rates of Zika.,,,0,,13,67,5.153846153846154,0,0.0,3,0.23076923076923078,,,
pilot_n20_v8_factuality_chase,gemini3_flash_preview_minimal,rewritten,laysumm_plos_0178,PLOS,178,12,Prior exposure to dengue did not seem to change the risk of Zika infection.,,,0,negation_or_contrast,14,61,4.357142857142857,0,0.0,2,0.14285714285714285,,,
pilot_n20_v8_factuality_chase,gemini3_flash_preview_minimal,rewritten,laysumm_plos_0178,PLOS,178,13,Awareness campaigns likely drove increased health seeking behaviour among women of reproductive age.,,,2,hard_word_dense|hedged,13,87,6.6923076923076925,1,0.07692307692307693,5,0.38461538461538464,,,
pilot_n20_v8_factuality_chase,gemini3_flash_preview_minimal,rewritten,laysumm_plos_0178,PLOS,178,14,This behaviour explains why more Zika cases were reported in women than in men.,,,0,causal_or_inferential,14,65,4.642857142857143,0,0.0,2,0.14285714285714285,,,
pilot_n20_v8_factuality_chase,gemini3_flash_preview_minimal,rewritten,laysumm_plos_0178,PLOS,178,15,Media campaigns and screening are recommended for women of reproductive age during outbreaks.,,,0,,13,80,6.153846153846154,2,0.15384615384615385,2,0.15384615384615385,,,
pilot_n20_v8_factuality_chase,gemini3_flash_preview_minimal,rewritten,laysumm_plos_0178,PLOS,178,16,These strategies help identify cases in groups at higher risk for specific complications.,,,2,hard_word_dense,13,76,5.846153846153846,2,0.15384615384615385,4,0.3076923076923077,,,
pilot_n20_v8_factuality_chase,gemini3_flash_preview_minimal,rewritten,laysumm_plos_0209,PLOS,209,1,Anabaena filaments develop nitrogen-fixing heterocysts separated by about ten vegetative cells during nitrogen deprivation.,,,4,long_word_dense|hard_word_dense,14,108,7.714285714285714,4,0.2857142857142857,9,0.6428571428571429,,,
pilot_n20_v8_factuality_chase,gemini3_flash_preview_minimal,rewritten,laysumm_plos_0209,PLOS,209,2,Anabaena is a multicellular cyanobacterium that grows in long chains called filaments.,,,2,hard_word_dense,12,74,6.166666666666667,2,0.16666666666666666,4,0.3333333333333333,,,
pilot_n20_v8_factuality_chase,gemini3_flash_preview_minimal,rewritten,laysumm_plos_0209,PLOS,209,3,Researchers used a hetR-gfp fusion to track fluctuations of the essential transcription factor HetR.,,,2,long_word_dense,14,85,6.071428571428571,3,0.21428571428571427,4,0.2857142857142857,,,
pilot_n20_v8_factuality_chase,gemini3_flash_preview_minimal,rewritten,laysumm_plos_0209,PLOS,209,4,HetR is a master regulator protein that controls how cells change into heterocysts.,,,0,,13,70,5.384615384615385,1,0.07692307692307693,2,0.15384615384615385,,,
pilot_n20_v8_factuality_chase,gemini3_flash_preview_minimal,rewritten,laysumm_plos_0209,PLOS,209,5,Fluctuations in hetR expression in nearby cells are coupled across two to three cells.,,,0,technical_density,14,72,5.142857142857143,2,0.14285714285714285,2,0.14285714285714285,,,
pilot_n20_v8_factuality_chase,gemini3_flash_preview_minimal,rewritten,laysumm_plos_0209,PLOS,209,6,This coupling sets the spatial scale for how individual cells interact along the filament.,,,0,,14,76,5.428571428571429,1,0.07142857142857142,3,0.21428571428571427,,,
pilot_n20_v8_factuality_chase,gemini3_flash_preview_minimal,rewritten,laysumm_plos_0209,PLOS,209,7,These correlations arise primarily from intercellular molecular transfer rather than cell division.,,,2,hard_word_dense,12,87,7.25,2,0.16666666666666666,6,0.5,,,
pilot_n20_v8_factuality_chase,gemini3_flash_preview_minimal,rewritten,laysumm_plos_0209,PLOS,209,8,Cells communicate by passing molecules through channels instead of just inheriting traits during division.,,,0,,14,92,6.571428571428571,2,0.14285714285714285,4,0.2857142857142857,,,
pilot_n20_v8_factuality_chase,gemini3_flash_preview_minimal,rewritten,laysumm_plos_0209,PLOS,209,9,Fluctuations after nitrogen deprivation build up on those present under nitrogen-replete conditions.,,,4,long_word_dense|hard_word_dense,12,87,7.25,4,0.3333333333333333,5,0.4166666666666667,,,
pilot_n20_v8_factuality_chase,gemini3_flash_preview_minimal,rewritten,laysumm_plos_0209,PLOS,209,10,Random variations in gene activity exist even when nitrogen is plentiful for the cells.,,,0,,14,73,5.214285714285714,1,0.07142857142857142,4,0.2857142857142857,,,
pilot_n20_v8_factuality_chase,gemini3_flash_preview_minimal,rewritten,laysumm_plos_0209,PLOS,209,11,"The inhibitor PatS, communication via SepJ, and HetR auto-regulation determine these expression fluctuations.",,,4,long_word_dense|hard_word_dense|technical_density,13,93,7.153846153846154,4,0.3076923076923077,6,0.46153846153846156,,,
pilot_n20_v8_factuality_chase,gemini3_flash_preview_minimal,rewritten,laysumm_plos_0209,PLOS,209,12,PatS acts as a brake while HetR reinforces its own production through auto-regulation.,,,2,long_word_dense|technical_density,13,72,5.538461538461538,3,0.23076923076923078,3,0.23076923076923078,,,
pilot_n20_v8_factuality_chase,gemini3_flash_preview_minimal,rewritten,laysumm_plos_0209,PLOS,209,13,The study highlights differences between inhibitors PatS and HetN and septal proteins SepJ and FraC/FraD.,,,2,long_word_dense,16,89,5.5625,3,0.1875,2,0.125,,,
pilot_n20_v8_factuality_chase,gemini3_flash_preview_minimal,rewritten,laysumm_plos_0209,PLOS,209,14,Different proteins manage communication and inhibition depending on the level of nitrogen availability.,,,4,long_word_dense|hard_word_dense,13,90,6.923076923076923,3,0.23076923076923078,7,0.5384615384615384,,,
pilot_n20_v8_factuality_chase,gemini3_flash_preview_minimal,rewritten,laysumm_plos_0209,PLOS,209,15,Stochasticity and communication combine to control the one-dimensional developmental pattern in Anabaena.,,,4,long_word_dense|hard_word_dense|technical_density,12,92,7.666666666666667,4,0.3333333333333333,6,0.5,,,
pilot_n20_v8_factuality_chase,gemini3_flash_preview_minimal,rewritten,laysumm_plos_0209,PLOS,209,16,The organism manages random genetic noise to ensure heterocysts are spaced correctly along the filament.,,,2,hard_word_dense,15,89,5.933333333333334,1,0.06666666666666667,7,0.4666666666666667,,,
pilot_n20_v8_factuality_chase,gemini3_flash_preview_minimal,rewritten,laysumm_plos_0228,PLOS,228,1,Humans can learn and store multiple visuomotor mappings through a process known as dual-adaptation.,,,0,,14,84,6.0,2,0.14285714285714285,3,0.21428571428571427,,,
pilot_n20_v8_factuality_chase,gemini3_flash_preview_minimal,rewritten,laysumm_plos_0228,PLOS,228,2,Visuomotor mapping refers to how the brain coordinates visual information with physical body movements.,,,4,long_word_dense|hard_word_dense,14,89,6.357142857142857,3,0.21428571428571427,5,0.35714285714285715,,,
pilot_n20_v8_factuality_chase,gemini3_flash_preview_minimal,rewritten,laysumm_plos_0228,PLOS,228,3,Participants performed a target-pointing task where researchers manipulated the offset of visual feedback.,,,4,long_word_dense|hard_word_dense|technical_density,13,92,7.076923076923077,4,0.3076923076923077,5,0.38461538461538464,,,
pilot_n20_v8_factuality_chase,gemini3_flash_preview_minimal,rewritten,laysumm_plos_0228,PLOS,228,4,The researchers prevented participants from seeing their own arm during the pointing task.,,,0,technical_density,13,77,5.923076923076923,2,0.15384615384615385,3,0.23076923076923078,,,
pilot_n20_v8_factuality_chase,gemini3_flash_preview_minimal,rewritten,laysumm_plos_0228,PLOS,228,5,Target shapes morphed between spiky and circular forms served as a continuous contextual cue.,,,0,,14,79,5.642857142857143,2,0.14285714285714285,3,0.21428571428571427,,,
pilot_n20_v8_factuality_chase,gemini3_flash_preview_minimal,rewritten,laysumm_plos_0228,PLOS,228,6,These shapes signaled which specific movement adjustment the participant needed to make.,,,2,hard_word_dense,12,76,6.333333333333333,2,0.16666666666666666,5,0.4166666666666667,,,
pilot_n20_v8_factuality_chase,gemini3_flash_preview_minimal,rewritten,laysumm_plos_0228,PLOS,228,7,A Bayesian learning model called a Mixture-of-Kalman-Filters describes this associative learning process.,,,0,,12,90,7.5,2,0.16666666666666666,3,0.25,,,
pilot_n20_v8_factuality_chase,gemini3_flash_preview_minimal,rewritten,laysumm_plos_0228,PLOS,228,8,This model predicts that the brain uses categorisation rather than extracting a linear rule.,,,0,,14,78,5.571428571428571,2,0.14285714285714285,2,0.14285714285714285,,,
pilot_n20_v8_factuality_chase,gemini3_flash_preview_minimal,rewritten,laysumm_plos_0228,PLOS,228,9,Participants apply the mapping for the trained shape most similar to the current cue.,,,0,technical_density,14,71,5.071428571428571,1,0.07142857142857142,2,0.14285714285714285,,,
pilot_n20_v8_factuality_chase,gemini3_flash_preview_minimal,rewritten,laysumm_plos_0228,PLOS,228,10,Using these shape cues to guide movement requires explicit awareness of their role.,,,2,hard_word_dense,13,70,5.384615384615385,0,0.0,4,0.3076923076923077,,,
pilot_n20_v8_factuality_chase,gemini3_flash_preview_minimal,rewritten,laysumm_plos_0228,PLOS,228,11,The learning rate decreases systematically as the number of training pairs increases.,,,0,,12,73,6.083333333333333,1,0.08333333333333333,3,0.25,,,
pilot_n20_v8_factuality_chase,gemini3_flash_preview_minimal,rewritten,laysumm_plos_0228,PLOS,228,12,Learning slows down when participants must manage more shape-mapping associations at once.,,,4,long_word_dense|hard_word_dense|technical_density,12,77,6.416666666666667,3,0.25,4,0.3333333333333333,,,
pilot_n20_v8_factuality_chase,gemini3_flash_preview_minimal,rewritten,laysumm_plos_0228,PLOS,228,13,The Bayesian model provides a possible mechanism for learning multiple visuomotor mappings simultaneously.,,,2,hard_word_dense|technical_density,13,93,7.153846153846154,2,0.15384615384615385,6,0.46153846153846156,,,
pilot_n20_v8_factuality_chase,gemini3_flash_preview_minimal,rewritten,laysumm_plos_0228,PLOS,228,14,This suggests the brain manages complex tasks by grouping similar experiences together.,,,2,hard_word_dense|hedged,12,75,6.25,1,0.08333333333333333,4,0.3333333333333333,,,
pilot_n20_v8_factuality_chase,gemini3_flash_preview_minimal,rewritten,laysumm_plos_0285,PLOS,285,1,Many countries lack the baseline data necessary to plan and launch public health programs for neglected tropical diseases.,,,0,,18,104,5.777777777777778,0,0.0,5,0.2777777777777778,,,
pilot_n20_v8_factuality_chase,gemini3_flash_preview_minimal,rewritten,laysumm_plos_0285,PLOS,285,2,"Neglected tropical diseases cause significant physical debilitation and lowered economic productivity, but programs cannot start without data.",,,2,hard_word_dense|causal_or_inferential|negation_or_contrast,17,124,7.294117647058823,3,0.17647058823529413,9,0.5294117647058824,,,
pilot_n20_v8_factuality_chase,gemini3_flash_preview_minimal,rewritten,laysumm_plos_0285,PLOS,285,3,Researchers developed the Integrated Threshold Mapping methodology to simultaneously map four specific neglected tropical diseases.,,,4,long_word_dense|hard_word_dense,15,116,7.733333333333333,4,0.26666666666666666,9,0.6,,,
pilot_n20_v8_factuality_chase,gemini3_flash_preview_minimal,rewritten,laysumm_plos_0285,PLOS,285,4,"The protocol targets lymphatic filariasis, trachoma, schistosomiasis, and soil-transmitted helminths.",,,4,long_word_dense|hard_word_dense,10,87,8.7,3,0.3,6,0.6,,,
pilot_n20_v8_factuality_chase,gemini3_flash_preview_minimal,rewritten,laysumm_plos_0285,PLOS,285,5,The ITM protocol determines if a disease has reached the threshold for intervention rather than providing exact prevalence figures.,,,3,long_sentence|hard_word_dense|technical_density,19,112,5.894736842105263,3,0.15789473684210525,7,0.3684210526315789,,,
pilot_n20_v8_factuality_chase,gemini3_flash_preview_minimal,rewritten,laysumm_plos_0285,PLOS,285,6,A country must prove a disease has passed a specific threshold established by the World Health Organization before starting treatment.,,,1,long_sentence,20,114,5.7,2,0.1,5,0.25,,,
pilot_n20_v8_factuality_chase,gemini3_flash_preview_minimal,rewritten,laysumm_plos_0285,PLOS,285,7,The study compared the Integrated Threshold Mapping methodology with standard WHO methodologies in one district each in Mali and Senegal.,,,1,long_sentence,20,117,5.85,3,0.15,5,0.25,,,
pilot_n20_v8_factuality_chase,gemini3_flash_preview_minimal,rewritten,laysumm_plos_0285,PLOS,285,8,"Researchers compared both methodologies in terms of feasibility, cost, time, and human resource needs.",,,4,long_word_dense|hard_word_dense,14,85,6.071428571428571,3,0.21428571428571427,5,0.35714285714285715,,,
pilot_n20_v8_factuality_chase,gemini3_flash_preview_minimal,rewritten,laysumm_plos_0285,PLOS,285,9,"The ITM methodology reached the same conclusions as standard WHO methods for trachoma, lymphatic filariasis, and soil-transmitted helminths.",,,4,long_word_dense|hard_word_dense,18,119,6.611111111111111,4,0.2222222222222222,6,0.3333333333333333,,,
pilot_n20_v8_factuality_chase,gemini3_flash_preview_minimal,rewritten,laysumm_plos_0285,PLOS,285,10,The new methodology resulted in more targeted intervention recommendations for schistosomiasis by using the sub-district as the measurement unit.,,,5,long_sentence|long_word_dense|hard_word_dense|technical_density|causal_or_inferential,19,125,6.578947368421052,6,0.3157894736842105,8,0.42105263157894735,,,
pilot_n20_v8_factuality_chase,gemini3_flash_preview_minimal,rewritten,laysumm_plos_0285,PLOS,285,11,"The ITM methodology was found to be practical, feasible, and more cost-effective than standard mapping methods.",,,0,,16,92,5.75,2,0.125,4,0.25,,,
pilot_n20_v8_factuality_chase,gemini3_flash_preview_minimal,rewritten,laysumm_plos_0285,PLOS,285,12,The methodology resulted in a 31% cost saving in Mali and a 19% saving in Senegal by using resources more efficiently.,,,1,long_sentence|causal_or_inferential|number,21,91,4.333333333333333,2,0.09523809523809523,5,0.23809523809523808,,,
pilot_n20_v8_factuality_chase,gemini3_flash_preview_minimal,rewritten,laysumm_plos_0285,PLOS,285,13,The Integrated Threshold Mapping tool could help endemic countries implement necessary public health programs more easily.,,,2,hard_word_dense|hedged,16,106,6.625,1,0.0625,5,0.3125,,,
pilot_n20_v8_factuality_chase,gemini3_flash_preview_minimal,rewritten,laysumm_plos_0285,PLOS,285,14,This first activity can help with further collaboration for implementing integrated public health interventions.,,,4,long_word_dense|hard_word_dense|technical_density,14,98,7.0,4,0.2857142857142857,5,0.35714285714285715,,,
pilot_n20_v8_factuality_chase,gemini3_flash_preview_minimal,rewritten,laysumm_plos_0457,PLOS,457,1,Organ aging is associated with reduced stem cell occupancy in the niche.,,,0,,12,60,5.0,1,0.08333333333333333,3,0.25,,,
pilot_n20_v8_factuality_chase,gemini3_flash_preview_minimal,rewritten,laysumm_plos_0457,PLOS,457,2,The niche is a specialized environment that houses and supports stem cells.,,,0,,12,63,5.25,2,0.16666666666666666,2,0.16666666666666666,,,
pilot_n20_v8_factuality_chase,gemini3_flash_preview_minimal,rewritten,laysumm_plos_0457,PLOS,457,3,Notch signaling increases with age in Drosophila female germline stem cells.,,,2,hard_word_dense,11,65,5.909090909090909,1,0.09090909090909091,5,0.45454545454545453,,,
pilot_n20_v8_factuality_chase,gemini3_flash_preview_minimal,rewritten,laysumm_plos_0457,PLOS,457,4,This increased signaling results in the removal of stem cells from the niche.,,,0,,13,64,4.923076923076923,0,0.0,3,0.23076923076923078,,,
pilot_n20_v8_factuality_chase,gemini3_flash_preview_minimal,rewritten,laysumm_plos_0457,PLOS,457,5,Notch signaling regulates the adhesion of germline stem cells to the niche.,,,2,hard_word_dense,12,63,5.25,0,0.0,4,0.3333333333333333,,,
pilot_n20_v8_factuality_chase,gemini3_flash_preview_minimal,rewritten,laysumm_plos_0457,PLOS,457,6,The pathway alters adhesion by changing the expression of the protein E-cadherin.,,,0,technical_density,12,68,5.666666666666667,1,0.08333333333333333,3,0.25,,,
pilot_n20_v8_factuality_chase,gemini3_flash_preview_minimal,rewritten,laysumm_plos_0457,PLOS,457,7,The age-dependent increase of Notch signaling is partially mediated by Sex lethal.,,,2,hard_word_dense,12,69,5.75,1,0.08333333333333333,5,0.4166666666666667,,,
pilot_n20_v8_factuality_chase,gemini3_flash_preview_minimal,rewritten,laysumm_plos_0457,PLOS,457,8,A reduction in the protein Sex lethal helps drive this signaling change.,,,0,,12,60,5.0,0,0.0,2,0.16666666666666666,,,
pilot_n20_v8_factuality_chase,gemini3_flash_preview_minimal,rewritten,laysumm_plos_0457,PLOS,457,9,BMP signaling levels remain unaffected in stem cells with defective Notch signaling.,,,2,hard_word_dense,12,72,6.0,1,0.08333333333333333,4,0.3333333333333333,,,
pilot_n20_v8_factuality_chase,gemini3_flash_preview_minimal,rewritten,laysumm_plos_0457,PLOS,457,10,BMP signaling is a separate pathway that promotes the self-renewal of stem cells.,,,2,hard_word_dense,13,67,5.153846153846154,1,0.07692307692307693,4,0.3076923076923077,,,
pilot_n20_v8_factuality_chase,gemini3_flash_preview_minimal,rewritten,laysumm_plos_0457,PLOS,457,11,Notch signaling in the niche cells decreases as the organism ages.,,,0,,11,55,5.0,0,0.0,3,0.2727272727272727,,,
pilot_n20_v8_factuality_chase,gemini3_flash_preview_minimal,rewritten,laysumm_plos_0457,PLOS,457,12,This reduction in the niche contrasts with the increase seen in stem cells.,,,0,,13,62,4.769230769230769,0,0.0,2,0.15384615384615385,,,
pilot_n20_v8_factuality_chase,gemini3_flash_preview_minimal,rewritten,laysumm_plos_0457,PLOS,457,13,These findings regarding Notch and adhesion may be relevant to metastatic cancer.,,,2,hard_word_dense|hedged,12,69,5.75,1,0.08333333333333333,4,0.3333333333333333,,,
pilot_n20_v8_factuality_chase,gemini3_flash_preview_minimal,rewritten,laysumm_plos_0457,PLOS,457,14,"In metastatic cancer cells, Notch signaling is also known to suppress cell adhesion.",,,0,,13,70,5.384615384615385,1,0.07692307692307693,3,0.23076923076923078,,,
pilot_n20_v8_factuality_chase,gemini3_flash_preview_minimal,rewritten,laysumm_plos_0457,PLOS,457,15,Notch signaling in the niche cells is necessary to maintain niche integrity.,,,0,,12,64,5.333333333333333,0,0.0,3,0.25,,,
pilot_n20_v8_factuality_chase,gemini3_flash_preview_minimal,rewritten,laysumm_plos_0457,PLOS,457,16,The reduction of signaling in these cells helps explain how aging disrupts the stem cell environment.,,,0,,16,85,5.3125,1,0.0625,3,0.1875,,,
pilot_n20_v8_factuality_chase,gemini3_flash_preview_minimal,rewritten,laysumm_plos_0457,PLOS,457,17,Elimination of Sex lethal in germline stem cells elevates Notch signaling.,,,2,hard_word_dense,11,63,5.7272727272727275,1,0.09090909090909091,4,0.36363636363636365,,,
pilot_n20_v8_factuality_chase,gemini3_flash_preview_minimal,rewritten,laysumm_plos_0457,PLOS,457,18,This elevation of signaling triggers early loss of the stem cells from their environment.,,,0,,14,75,5.357142857142857,1,0.07142857142857142,3,0.21428571428571427,,,
pilot_n20_v8_factuality_chase,gemini3_flash_preview_minimal,rewritten,laysumm_plos_0501,PLOS,501,1,HIV infection currently cannot be cured but can be controlled using combinations of multiple anti-retroviral drugs.,,,4,long_word_dense|hard_word_dense|negation_or_contrast,16,98,6.125,3,0.1875,6,0.375,,,
pilot_n20_v8_factuality_chase,gemini3_flash_preview_minimal,rewritten,laysumm_plos_0501,PLOS,501,2,These anti-retroviral drugs work together to keep the virus at low levels in the body.,,,0,,15,70,4.666666666666667,1,0.06666666666666667,2,0.13333333333333333,,,
pilot_n20_v8_factuality_chase,gemini3_flash_preview_minimal,rewritten,laysumm_plos_0501,PLOS,501,3,"Because HIV genotypes vary between individual patients, it is difficult to determine which drug combination will provide effective treatment.",,,3,long_sentence|hard_word_dense|causal_or_inferential,19,121,6.368421052631579,2,0.10526315789473684,8,0.42105263157894735,,,
pilot_n20_v8_factuality_chase,gemini3_flash_preview_minimal,rewritten,laysumm_plos_0501,PLOS,501,4,Each patient carries a unique version of the virus that may respond differently to specific medications.,,,0,hedged,16,88,5.5,2,0.125,4,0.25,,,
pilot_n20_v8_factuality_chase,gemini3_flash_preview_minimal,rewritten,laysumm_plos_0501,PLOS,501,5,Existing HIV treatment models are typically based only on viral sequence data and do not account for the chemical similarity of drugs.,,,1,long_sentence|negation_or_contrast,22,112,5.090909090909091,1,0.045454545454545456,5,0.22727272727272727,,,
pilot_n20_v8_factuality_chase,gemini3_flash_preview_minimal,rewritten,laysumm_plos_0501,PLOS,501,6,These models ignore how the physical structure of a drug affects its ability to stop the virus.,,,0,,17,78,4.588235294117647,0,0.0,4,0.23529411764705882,,,
pilot_n20_v8_factuality_chase,gemini3_flash_preview_minimal,rewritten,laysumm_plos_0501,PLOS,501,7,Researchers applied proteochemometric models that combine chemical properties and protein target properties into a single bioactivity model.,,,4,long_word_dense|hard_word_dense,17,123,7.235294117647059,5,0.29411764705882354,7,0.4117647058823529,,,
pilot_n20_v8_factuality_chase,gemini3_flash_preview_minimal,rewritten,laysumm_plos_0501,PLOS,501,8,This method analyzes both the genetic makeup of the virus and the chemistry of the drugs simultaneously.,,,0,,17,87,5.117647058823529,1,0.058823529411764705,4,0.23529411764705882,,,
pilot_n20_v8_factuality_chase,gemini3_flash_preview_minimal,rewritten,laysumm_plos_0501,PLOS,501,9,Proteochemometric models performed better than models based only on sequence data in resistance classification.,,,4,long_word_dense|hard_word_dense|negation_or_contrast,14,97,6.928571428571429,3,0.21428571428571427,5,0.35714285714285715,,,
pilot_n20_v8_factuality_chase,gemini3_flash_preview_minimal,rewritten,laysumm_plos_0501,PLOS,501,10,The new approach more accurately predicted how much a virus would resist a specific drug treatment.,,,0,,16,83,5.1875,1,0.0625,3,0.1875,,,
pilot_n20_v8_factuality_chase,gemini3_flash_preview_minimal,rewritten,laysumm_plos_0501,PLOS,501,11,The study identified previously unpublished mutations in HIV Reverse Transcriptase and HIV Protease that confer drug resistance.,,,4,long_word_dense|hard_word_dense,17,111,6.529411764705882,5,0.29411764705882354,8,0.47058823529411764,,,
pilot_n20_v8_factuality_chase,gemini3_flash_preview_minimal,rewritten,laysumm_plos_0501,PLOS,501,12,These specific genetic changes allow the virus to survive even when exposed to standard anti-viral medications.,,,2,hard_word_dense,16,94,5.875,1,0.0625,6,0.375,,,
pilot_n20_v8_factuality_chase,gemini3_flash_preview_minimal,rewritten,laysumm_plos_0501,PLOS,501,13,The proteochemometric models achieved an 84% correct resistance prediction rate when applied to the public Stanford University HIV resistance database.,,,5,long_sentence|long_word_dense|hard_word_dense|number,20,128,6.4,5,0.25,7,0.35,,,
pilot_n20_v8_factuality_chase,gemini3_flash_preview_minimal,rewritten,laysumm_plos_0501,PLOS,501,14,This high success rate demonstrates the model's ability to handle real-world data from a large patient population.,,,0,technical_density,17,95,5.588235294117647,2,0.11764705882352941,3,0.17647058823529413,,,
pilot_n20_v8_factuality_chase,gemini3_flash_preview_minimal,rewritten,laysumm_plos_0501,PLOS,501,15,The researchers added an applicability domain to the prediction tool to inform users about the reliability of specific predictions.,,,5,long_sentence|long_word_dense|hard_word_dense,19,112,5.894736842105263,5,0.2631578947368421,6,0.3157894736842105,,,
pilot_n20_v8_factuality_chase,gemini3_flash_preview_minimal,rewritten,laysumm_plos_0563,PLOS,563,1,Staphylococcus aureus expresses cell wall-anchored proteins to invade host tissues and achieve immune evasion.,,,2,hard_word_dense,14,95,6.785714285714286,2,0.14285714285714285,7,0.5,,,
pilot_n20_v8_factuality_chase,gemini3_flash_preview_minimal,rewritten,laysumm_plos_0563,PLOS,563,2,These specialized proteins allow the bacteria to stick to host cells while hiding from defenses.,,,0,,15,81,5.4,1,0.06666666666666667,3,0.2,,,
pilot_n20_v8_factuality_chase,gemini3_flash_preview_minimal,rewritten,laysumm_plos_0563,PLOS,563,3,"The protein clumping factor B, or ClfB, facilitates Staphylococcus aureus nasal colonization.",,,2,long_word_dense,12,79,6.583333333333333,3,0.25,3,0.25,,,
pilot_n20_v8_factuality_chase,gemini3_flash_preview_minimal,rewritten,laysumm_plos_0563,PLOS,563,4,ClfB helps the bacteria live in the nose by interacting with the cornified envelope.,,,0,,14,70,5.0,1,0.07142857142857142,4,0.2857142857142857,,,
pilot_n20_v8_factuality_chase,gemini3_flash_preview_minimal,rewritten,laysumm_plos_0563,PLOS,563,5,Researchers discovered that ClfB is a virulence determinant during Staphylococcus aureus skin infection.,,,4,long_word_dense|hard_word_dense,13,91,7.0,4,0.3076923076923077,6,0.46153846153846156,,,
pilot_n20_v8_factuality_chase,gemini3_flash_preview_minimal,rewritten,laysumm_plos_0563,PLOS,563,6,This finding shows the protein is a key factor in how the bacteria cause disease.,,,0,causal_or_inferential,15,66,4.4,0,0.0,2,0.13333333333333333,,,
pilot_n20_v8_factuality_chase,gemini3_flash_preview_minimal,rewritten,laysumm_plos_0563,PLOS,563,7,ClfB promotes the development of a skin abscess by binding to the host ligand loricrin.,,,0,technical_density,15,72,4.8,1,0.06666666666666667,3,0.2,,,
pilot_n20_v8_factuality_chase,gemini3_flash_preview_minimal,rewritten,laysumm_plos_0563,PLOS,563,8,Loricrin is a specific protein found in human skin that the bacteria latch onto.,,,0,,14,66,4.714285714285714,0,0.0,3,0.21428571428571427,,,
pilot_n20_v8_factuality_chase,gemini3_flash_preview_minimal,rewritten,laysumm_plos_0563,PLOS,563,9,ClfB influences the abscess structure and bacterial burden within the first 12 hours of infection.,,,0,number,15,81,5.4,1,0.06666666666666667,4,0.26666666666666666,,,
pilot_n20_v8_factuality_chase,gemini3_flash_preview_minimal,rewritten,laysumm_plos_0563,PLOS,563,10,The protein is crucial for determining how the infection organizes early in the process.,,,0,,14,74,5.285714285714286,1,0.07142857142857142,3,0.21428571428571427,,,
pilot_n20_v8_factuality_chase,gemini3_flash_preview_minimal,rewritten,laysumm_plos_0563,PLOS,563,11,A model vaccine targeting ClfB induces protective humoral and cellular immune responses.,,,2,hard_word_dense,12,76,6.333333333333333,1,0.08333333333333333,8,0.6666666666666666,,,
pilot_n20_v8_factuality_chase,gemini3_flash_preview_minimal,rewritten,laysumm_plos_0563,PLOS,563,12,This vaccine triggers both antibodies and immune cells to defend against the skin infection.,,,0,,14,78,5.571428571428571,1,0.07142857142857142,4,0.2857142857142857,,,
pilot_n20_v8_factuality_chase,gemini3_flash_preview_minimal,rewritten,laysumm_plos_0563,PLOS,563,13,ClfB is an important candidate antigen for future SSTI vaccines.,,,2,hard_word_dense,10,54,5.4,0,0.0,5,0.5,,,
pilot_n20_v8_factuality_chase,gemini3_flash_preview_minimal,rewritten,laysumm_plos_0563,PLOS,563,14,Targeting this antigen could help prevent difficult-to-treat skin and soft tissue infections.,,,2,hard_word_dense|hedged,12,79,6.583333333333333,2,0.16666666666666666,4,0.3333333333333333,,,
pilot_n20_v8_factuality_chase,gemini3_flash_preview_minimal,rewritten,laysumm_plos_1116,PLOS,1116,1,Dengue virus causes approximately 100 million symptomatic infections every year.,,,4,long_word_dense|hard_word_dense|technical_density|causal_or_inferential|number,10,67,6.7,3,0.3,4,0.4,,,
pilot_n20_v8_factuality_chase,gemini3_flash_preview_minimal,rewritten,laysumm_plos_1116,PLOS,1116,2,Dengue is a viral infection spread by mosquitoes that affects millions of people globally.,,,0,,14,76,5.428571428571429,1,0.07142857142857142,3,0.21428571428571427,,,
pilot_n20_v8_factuality_chase,gemini3_flash_preview_minimal,rewritten,laysumm_plos_1116,PLOS,1116,3,Dengue infection ranges from mild dengue fever to life-threatening dengue hemorrhagic fever.,,,0,,12,79,6.583333333333333,2,0.16666666666666666,3,0.25,,,
pilot_n20_v8_factuality_chase,gemini3_flash_preview_minimal,rewritten,laysumm_plos_1116,PLOS,1116,4,Dengue fever is abbreviated as DF and dengue hemorrhagic fever as DHF.,,,0,,12,58,4.833333333333333,2,0.16666666666666666,2,0.16666666666666666,,,
pilot_n20_v8_factuality_chase,gemini3_flash_preview_minimal,rewritten,laysumm_plos_1116,PLOS,1116,5,Researchers used mass spectrometry-based metabolomic profiling to analyze the blood sera of patients.,,,4,long_word_dense|hard_word_dense,13,87,6.6923076923076925,3,0.23076923076923078,5,0.38461538461538464,,,
pilot_n20_v8_factuality_chase,gemini3_flash_preview_minimal,rewritten,laysumm_plos_1116,PLOS,1116,6,Metabolomic profiling is the study of small molecules in the blood called metabolites.,,,2,hard_word_dense,13,73,5.615384615384615,2,0.15384615384615385,4,0.3076923076923077,,,
pilot_n20_v8_factuality_chase,gemini3_flash_preview_minimal,rewritten,laysumm_plos_1116,PLOS,1116,7,The study identified 29 metabolites that differed between DF and DHF during the critical phase.,,,0,number,15,78,5.2,2,0.13333333333333333,4,0.26666666666666666,,,
pilot_n20_v8_factuality_chase,gemini3_flash_preview_minimal,rewritten,laysumm_plos_1116,PLOS,1116,8,The critical phase usually occurs 5 to 7 days after the fever starts.,,,0,number,13,54,4.153846153846154,0,0.0,2,0.15384615384615385,,,
pilot_n20_v8_factuality_chase,gemini3_flash_preview_minimal,rewritten,laysumm_plos_1116,PLOS,1116,9,Bile acid levels were up to 5 fold higher in DHF patients.,,,0,number,12,45,3.75,0,0.0,0,0.0,,,
pilot_n20_v8_factuality_chase,gemini3_flash_preview_minimal,rewritten,laysumm_plos_1116,PLOS,1116,10,These levels correlated with higher levels of liver enzymes AST and ALT indicating liver injury.,,,0,,15,81,5.4,2,0.13333333333333333,4,0.26666666666666666,,,
pilot_n20_v8_factuality_chase,gemini3_flash_preview_minimal,rewritten,laysumm_plos_1116,PLOS,1116,11,Uric acid levels were 1.5 fold lower in DHF patients compared to DF patients.,,,0,number,15,60,4.0,0,0.0,1,0.06666666666666667,,,
pilot_n20_v8_factuality_chase,gemini3_flash_preview_minimal,rewritten,laysumm_plos_1116,PLOS,1116,12,Uric acid acts as an antioxidant that helps the body protect itself from stress.,,,0,,14,66,4.714285714285714,1,0.07142857142857142,1,0.07142857142857142,,,
pilot_n20_v8_factuality_chase,gemini3_flash_preview_minimal,rewritten,laysumm_plos_1116,PLOS,1116,13,"In the recovery phase, eight metabolites remained significantly altered in DHF patients.",,,2,hard_word_dense|technical_density,12,75,6.25,2,0.16666666666666666,5,0.4166666666666667,,,
pilot_n20_v8_factuality_chase,gemini3_flash_preview_minimal,rewritten,laysumm_plos_1116,PLOS,1116,14,These altered metabolites included the specific bile acid named chenodeoxyglycocholic acid.,,,4,long_word_dense|hard_word_dense,11,80,7.2727272727272725,2,0.18181818181818182,5,0.45454545454545453,,,
pilot_n20_v8_factuality_chase,gemini3_flash_preview_minimal,rewritten,laysumm_plos_1116,PLOS,1116,15,The identified metabolic pathways provide insights into DHF pathogenesis and suggest possible therapeutic targets.,,,4,long_word_dense|hard_word_dense|technical_density|hedged,14,100,7.142857142857143,3,0.21428571428571427,6,0.42857142857142855,,,
pilot_n20_v8_factuality_chase,gemini3_flash_preview_minimal,rewritten,laysumm_plos_1116,PLOS,1116,16,Pathogenesis refers to the process by which the disease develops in the body.,,,0,,13,64,4.923076923076923,1,0.07692307692307693,3,0.23076923076923078,,,
pilot_n20_v8_factuality_chase,gemini3_flash_preview_minimal,rewritten,laysumm_plos_1309,PLOS,1309,1,Cullin-RING ubiquitin ligases must have their substrate receptor subunits tightly controlled to maintain a balanced repertoire of ligases.,,,2,hard_word_dense,18,119,6.611111111111111,3,0.16666666666666666,10,0.5555555555555556,,,
pilot_n20_v8_factuality_chase,gemini3_flash_preview_minimal,rewritten,laysumm_plos_1309,PLOS,1309,2,These ligases are specialized machines that cells use to mark specific proteins for destruction.,,,2,hard_word_dense,14,82,5.857142857142857,2,0.14285714285714285,5,0.35714285714285715,,,
pilot_n20_v8_factuality_chase,gemini3_flash_preview_minimal,rewritten,laysumm_plos_1309,PLOS,1309,3,"Unbalanced levels of substrate receptors can lead to the sequestration of core components, potentially causing diseases like cancer.",,,4,long_word_dense|hard_word_dense|hedged,18,113,6.277777777777778,4,0.2222222222222222,7,0.3888888888888889,,,
pilot_n20_v8_factuality_chase,gemini3_flash_preview_minimal,rewritten,laysumm_plos_1309,PLOS,1309,4,This sequestration occurs when a few overabundant receptors hog the core machinery through competition.,,,4,long_word_dense|hard_word_dense,14,89,6.357142857142857,3,0.21428571428571427,5,0.35714285714285715,,,
pilot_n20_v8_factuality_chase,gemini3_flash_preview_minimal,rewritten,laysumm_plos_1309,PLOS,1309,5,F-box proteins are substrate receptors for the SCF class of ubiquitin ligases.,,,2,hard_word_dense,12,65,5.416666666666667,0,0.0,4,0.3333333333333333,,,
pilot_n20_v8_factuality_chase,gemini3_flash_preview_minimal,rewritten,laysumm_plos_1309,PLOS,1309,6,The SCF complex uses these F-box proteins to grab specific targets for degradation.,,,0,,13,69,5.3076923076923075,1,0.07692307692307693,2,0.15384615384615385,,,
pilot_n20_v8_factuality_chase,gemini3_flash_preview_minimal,rewritten,laysumm_plos_1309,PLOS,1309,7,Researchers identified a new degradation pathway for the yeast F-box protein Met30 that occurs when it is dissociated from the Skp1 protein.,,,3,long_sentence|long_word_dense|number,22,114,5.181818181818182,4,0.18181818181818182,4,0.18181818181818182,,,
pilot_n20_v8_factuality_chase,gemini3_flash_preview_minimal,rewritten,laysumm_plos_1309,PLOS,1309,8,This pathway cleans up Met30 specifically when it is not attached to its usual partner.,,,0,negation_or_contrast|number,15,70,4.666666666666667,1,0.06666666666666667,2,0.13333333333333333,,,
pilot_n20_v8_factuality_chase,gemini3_flash_preview_minimal,rewritten,laysumm_plos_1309,PLOS,1309,9,The newly discovered Met30 degradation pathway requires the cullin component Cdc53/Cul1 but is independent of the Skp1 component.,,,3,long_sentence|hard_word_dense|number,19,104,5.473684210526316,3,0.15789473684210525,6,0.3157894736842105,,,
pilot_n20_v8_factuality_chase,gemini3_flash_preview_minimal,rewritten,laysumm_plos_1309,PLOS,1309,10,This process uses one part of the main machinery while ignoring the part usually required.,,,0,,15,75,5.0,0,0.0,4,0.26666666666666666,,,
pilot_n20_v8_factuality_chase,gemini3_flash_preview_minimal,rewritten,laysumm_plos_1309,PLOS,1309,11,The non-canonical Met30 degradation pathway is essential for maintaining chromosome stability and defending against heavy metal stress.,,,4,long_word_dense|hard_word_dense|number,17,115,6.764705882352941,4,0.23529411764705882,7,0.4117647058823529,,,
pilot_n20_v8_factuality_chase,gemini3_flash_preview_minimal,rewritten,laysumm_plos_1309,PLOS,1309,12,Yeast cells require this system to survive exposure to toxic metals like cadmium.,,,0,,13,68,5.230769230769231,0,0.0,3,0.23076923076923078,,,
pilot_n20_v8_factuality_chase,gemini3_flash_preview_minimal,rewritten,laysumm_plos_1309,PLOS,1309,13,"The study identifies a functional sub-complex consisting of Cdc53, Rbx1, and Cdc34 that works independently of Skp1 to ubiquitylate Met30.",,,5,long_sentence|long_word_dense|hard_word_dense|number,20,107,5.35,6,0.3,6,0.3,,,
pilot_n20_v8_factuality_chase,gemini3_flash_preview_minimal,rewritten,laysumm_plos_1309,PLOS,1309,14,This reveals that parts of the destruction machinery can form a smaller independent team.,,,0,,14,75,5.357142857142857,2,0.14285714285714285,3,0.21428571428571427,,,
pilot_n20_v8_factuality_chase,gpt41_mini,generated,laysumm_elife_0006,eLife,6,1,Many decisions arise by accumulating noisy evidence until a threshold or bound is reached.,,,0,,14,76,5.428571428571429,1,0.07142857142857142,4,0.2857142857142857,,,
pilot_n20_v8_factuality_chase,gpt41_mini,generated,laysumm_elife_0006,eLife,6,2,This process is described by a bounded accumulation model that tracks evidence over time.,,,0,,14,75,5.357142857142857,1,0.07142857142857142,3,0.21428571428571427,,,
pilot_n20_v8_factuality_chase,gpt41_mini,generated,laysumm_elife_0006,eLife,6,3,"In perception, stimulus strength measured by signal-to-noise ratio affects decision speed, accuracy, and confidence.",,,4,long_word_dense|hard_word_dense,14,97,6.928571428571429,3,0.21428571428571427,7,0.5,,,
pilot_n20_v8_factuality_chase,gpt41_mini,generated,laysumm_elife_0006,eLife,6,4,"Stronger signals lead to faster, more accurate decisions with higher confidence.",,,0,,11,68,6.181818181818182,1,0.09090909090909091,3,0.2727272727272727,,,
pilot_n20_v8_factuality_chase,gpt41_mini,generated,laysumm_elife_0006,eLife,6,5,"An increase in noise causes faster decisions, reduced accuracy, and paradoxically higher confidence in bounded evidence accumulation.",,,2,hard_word_dense|causal_or_inferential,17,114,6.705882352941177,3,0.17647058823529413,8,0.47058823529411764,,,
pilot_n20_v8_factuality_chase,gpt41_mini,generated,laysumm_elife_0006,eLife,6,6,"Higher noise speeds the decision variable toward the bound, shortening reaction time and raising confidence when evidence is weak.",,,1,long_sentence,19,110,5.7894736842105265,2,0.10526315789473684,5,0.2631578947368421,,,
pilot_n20_v8_factuality_chase,gpt41_mini,generated,laysumm_elife_0006,eLife,6,7,The study used a sensory manipulation that added unbiased noise to motion-selective regions of visual cortex.,,,0,,16,92,5.75,2,0.125,4,0.25,,,
pilot_n20_v8_factuality_chase,gpt41_mini,generated,laysumm_elife_0006,eLife,6,8,This manipulation was confirmed by neuronal recordings from macaque areas MT and MST.,,,2,hard_word_dense,13,72,5.538461538461538,2,0.15384615384615385,5,0.38461538461538464,,,
pilot_n20_v8_factuality_chase,gpt41_mini,generated,laysumm_elife_0006,eLife,6,9,Increasing noise caused faster decisions and greater confidence in humans and monkeys with minimal loss of accuracy.,,,0,causal_or_inferential,17,99,5.823529411764706,2,0.11764705882352941,5,0.29411764705882354,,,
pilot_n20_v8_factuality_chase,gpt41_mini,generated,laysumm_elife_0006,eLife,6,10,The effect was strongest at low motion strengths where accuracy was only slightly impaired.,,,0,negation_or_contrast,14,77,5.5,0,0.0,2,0.14285714285714285,,,
pilot_n20_v8_factuality_chase,gpt41_mini,generated,laysumm_elife_0006,eLife,6,11,The size of noise effects on decision speed and confidence matched predictions of the bounded evidence accumulation model.,,,0,,18,104,5.777777777777778,3,0.16666666666666666,5,0.2777777777777778,,,
pilot_n20_v8_factuality_chase,gpt41_mini,generated,laysumm_elife_0006,eLife,6,12,"This model links motion strength and volatility to choice, reaction time, and confidence through a common mechanism.",,,0,technical_density,17,97,5.705882352941177,2,0.11764705882352941,3,0.17647058823529413,,,
pilot_n20_v8_factuality_chase,gpt41_mini,generated,laysumm_elife_0026,eLife,26,1,The deamidase OspI from Shigella flexneri changes glutamine 100 in UBC13 to glutamate.,,,2,hard_word_dense|number,13,68,5.230769230769231,0,0.0,5,0.38461538461538464,,,
pilot_n20_v8_factuality_chase,gpt41_mini,generated,laysumm_elife_0026,eLife,26,2,This modification is called Q100E deamidation.,,,4,long_word_dense|hard_word_dense|number,6,37,6.166666666666667,2,0.3333333333333333,2,0.3333333333333333,,,
pilot_n20_v8_factuality_chase,gpt41_mini,generated,laysumm_elife_0026,eLife,26,3,This change stops UBC13 from working with TRAF6 to trigger polyubiquitination and NF-κB immune signaling.,,,0,number,15,85,5.666666666666667,1,0.06666666666666667,3,0.2,,,
pilot_n20_v8_factuality_chase,gpt41_mini,generated,laysumm_elife_0026,eLife,26,4,Deamidation weakens the interaction between UBC13 and the TRAF6 RING domain by disrupting both stable and temporary contacts.,,,0,number,18,104,5.777777777777778,3,0.16666666666666666,4,0.2222222222222222,,,
pilot_n20_v8_factuality_chase,gpt41_mini,generated,laysumm_elife_0026,eLife,26,5,Deamidation creates a new internal salt-bridge in UBC13 that competes with a key salt-bridge at the UBC13/TRAF6 interface.,,,3,long_sentence|hard_word_dense|number,19,96,5.052631578947368,3,0.15789473684210525,6,0.3157894736842105,,,
pilot_n20_v8_factuality_chase,gpt41_mini,generated,laysumm_elife_0026,eLife,26,6,This new bond forms between R14 and E100 in UBC13 and reduces the normal R14/E69 bond with TRAF6.,,,1,long_sentence|number,19,66,3.473684210526316,0,0.0,1,0.05263157894736842,,,
pilot_n20_v8_factuality_chase,gpt41_mini,generated,laysumm_elife_0026,eLife,26,7,Deamidation reduces the formation and stability of transient complexes between UBC13 and TRAF6 RING domain.,,,2,hard_word_dense|number,15,89,5.933333333333334,1,0.06666666666666667,5,0.3333333333333333,,,
pilot_n20_v8_factuality_chase,gpt41_mini,generated,laysumm_elife_0026,eLife,26,8,Transient complexes are short-lived contacts that help proteins bind efficiently.,,,4,long_word_dense|hard_word_dense,10,70,7.0,2,0.2,3,0.3,,,
pilot_n20_v8_factuality_chase,gpt41_mini,generated,laysumm_elife_0026,eLife,26,9,"The negative charge of E100 in deamidated UBC13 repels the negatively charged surface of RING domains, preventing transient interactions.",,,5,long_sentence|long_word_dense|hard_word_dense|number,19,112,5.894736842105263,4,0.21052631578947367,6,0.3157894736842105,,,
pilot_n20_v8_factuality_chase,gpt41_mini,generated,laysumm_elife_0026,eLife,26,10,This electrostatic repulsion destabilizes the transient complex between UBC13 and TRAF6.,,,2,long_word_dense|number,11,74,6.7272727272727275,2,0.18181818181818182,3,0.2727272727272727,,,
pilot_n20_v8_factuality_chase,gpt41_mini,generated,laysumm_elife_0026,eLife,26,11,Deamidation as a post-translational modification alters transient complex conformation and stability to inhibit protein-protein association.,,,4,long_word_dense|hard_word_dense|technical_density,15,123,8.2,6,0.4,8,0.5333333333333333,,,
pilot_n20_v8_factuality_chase,gpt41_mini,generated,laysumm_elife_0028,eLife,28,1,"Working memory is supported by coordinated interactions among large-scale brain networks, especially frontal and parietal regions.",,,4,long_word_dense|hard_word_dense,16,112,7.0,4,0.25,7,0.4375,,,
pilot_n20_v8_factuality_chase,gpt41_mini,generated,laysumm_elife_0028,eLife,28,2,Oscillatory synchronization in the theta frequency range helps coordinate neuronal activity across distant brain regions during working memory.,,,2,hard_word_dense,18,125,6.944444444444445,3,0.16666666666666666,7,0.3888888888888889,,,
pilot_n20_v8_factuality_chase,gpt41_mini,generated,laysumm_elife_0028,eLife,28,3,Theta frequency means brain waves oscillating between 4 and 8 Hz.,,,0,number,11,52,4.7272727272727275,1,0.09090909090909091,2,0.18181818181818182,,,
pilot_n20_v8_factuality_chase,gpt41_mini,generated,laysumm_elife_0028,eLife,28,4,"Causal evidence for how oscillatory activity shapes brain networks and behavior in humans is limited, so tACS was used to modulate brain oscillations.",,,3,long_sentence|hard_word_dense,23,126,5.478260869565218,2,0.08695652173913043,7,0.30434782608695654,,,
pilot_n20_v8_factuality_chase,gpt41_mini,generated,laysumm_elife_0028,eLife,28,5,Transcranial alternating current stimulation (tACS) applies weak electrical currents to influence brain rhythms.,,,4,long_word_dense|hard_word_dense,13,97,7.461538461538462,4,0.3076923076923077,5,0.38461538461538464,,,
pilot_n20_v8_factuality_chase,gpt41_mini,generated,laysumm_elife_0028,eLife,28,6,Theta-frequency (6 Hz) tACS was applied to the right middle frontal gyrus and inferior parietal lobule to modulate frontoparietal network synchronization during working memory tasks.,,,4,long_sentence|very_long_sentence|hard_word_dense|number,25,153,6.12,3,0.12,8,0.32,,,
pilot_n20_v8_factuality_chase,gpt41_mini,generated,laysumm_elife_0028,eLife,28,7,Synchronous tACS means stimulation at 0° relative phase; desynchronous means 180° relative phase.,,,4,long_word_dense|hard_word_dense|number,13,77,5.923076923076923,3,0.23076923076923078,5,0.38461538461538464,,,
pilot_n20_v8_factuality_chase,gpt41_mini,generated,laysumm_elife_0028,eLife,28,8,Synchronous tACS improved working memory performance during high cognitive demand tasks like the 2-back test.,,,2,hard_word_dense|technical_density|number,15,92,6.133333333333334,2,0.13333333333333333,5,0.3333333333333333,,,
pilot_n20_v8_factuality_chase,gpt41_mini,generated,laysumm_elife_0028,eLife,28,9,"The 2-back task requires remembering items presented two steps earlier, making it more difficult than 1-back.",,,0,number,16,88,5.5,1,0.0625,4,0.25,,,
pilot_n20_v8_factuality_chase,gpt41_mini,generated,laysumm_elife_0028,eLife,28,10,"The effects of tACS on brain activity depend on the relative phase of stimulation and the cognitive state during the task, as shown by simultaneous fMRI. fMRI measures brain activity without interference from electrical stimulation artifacts.",,,4,long_sentence|very_long_sentence|hard_word_dense|technical_density|negation_or_contrast,36,204,5.666666666666667,5,0.1388888888888889,11,0.3055555555555556,,,
pilot_n20_v8_factuality_chase,gpt41_mini,generated,laysumm_elife_0028,eLife,28,11,"Synchronous tACS during verbal working memory tasks increased parietal brain activity, which correlated with better behavioral performance.",,,4,long_word_dense|hard_word_dense|technical_density,17,121,7.117647058823529,4,0.23529411764705882,8,0.47058823529411764,,,
pilot_n20_v8_factuality_chase,gpt41_mini,generated,laysumm_elife_0028,eLife,28,12,The parietal cortex is a brain region involved in maintaining information during working memory.,,,2,hard_word_dense,14,82,5.857142857142857,2,0.14285714285714285,5,0.35714285714285715,,,
pilot_n20_v8_factuality_chase,gpt41_mini,generated,laysumm_elife_0028,eLife,28,13,The relative phase of frontoparietal tACS influences functional connectivity and information flow within the working memory network.,,,4,long_word_dense|hard_word_dense,17,115,6.764705882352941,5,0.29411764705882354,7,0.4117647058823529,,,
pilot_n20_v8_factuality_chase,gpt41_mini,generated,laysumm_elife_0028,eLife,28,14,"Synchronous stimulation increased frontal connectivity, while desynchronous increased posterior connectivity.",,,4,long_word_dense|hard_word_dense,10,98,9.8,5,0.5,8,0.8,,,
pilot_n20_v8_factuality_chase,gpt41_mini,generated,laysumm_elife_0028,eLife,28,15,Working memory performance is directly linked to large-scale brain synchronization across a right frontoparietal network.,,,4,long_word_dense|hard_word_dense,15,105,7.0,4,0.26666666666666666,6,0.4,,,
pilot_n20_v8_factuality_chase,gpt41_mini,generated,laysumm_elife_0035,eLife,35,1,The granular retrosplenial cortex (RSG) is critical for both spatial and non-spatial behaviors.,,,2,hard_word_dense,13,79,6.076923076923077,2,0.15384615384615385,5,0.38461538461538464,,,
pilot_n20_v8_factuality_chase,gpt41_mini,generated,laysumm_elife_0035,eLife,35,2,"The RSG helps process information about location and other types of behavior, but how it does this is not well understood.",,,1,long_sentence|negation_or_contrast,21,100,4.761904761904762,2,0.09523809523809523,4,0.19047619047619047,,,
pilot_n20_v8_factuality_chase,gpt41_mini,generated,laysumm_elife_0035,eLife,35,3,Optogenetic circuit mapping in mice was used to study specific circuits in the RSG.,,,0,,14,69,4.928571428571429,1,0.07142857142857142,2,0.14285714285714285,,,
pilot_n20_v8_factuality_chase,gpt41_mini,generated,laysumm_elife_0035,eLife,35,4,This method activates neurons with light to trace connections from different brain regions to the RSG.,,,0,,16,86,5.375,1,0.0625,3,0.1875,,,
pilot_n20_v8_factuality_chase,gpt41_mini,generated,laysumm_elife_0035,eLife,35,5,The anterior thalamus and dorsal subiculum selectively recruit low-rheobase (LR) pyramidal cells in the superficial RSG.,,,4,long_word_dense|hard_word_dense,16,101,6.3125,3,0.1875,7,0.4375,,,
pilot_n20_v8_factuality_chase,gpt41_mini,generated,laysumm_elife_0035,eLife,35,6,These brain areas provide spatial information that targets LR neurons in the RSG.,,,0,,13,68,5.230769230769231,1,0.07692307692307693,2,0.15384615384615385,,,
pilot_n20_v8_factuality_chase,gpt41_mini,generated,laysumm_elife_0035,eLife,35,7,Claustral and anterior cingulate cortex inputs preferentially control neighboring regular-spiking (RS) pyramidal cells in the superficial RSG.,,,4,long_word_dense|hard_word_dense,17,122,7.176470588235294,4,0.23529411764705882,7,0.4117647058823529,,,
pilot_n20_v8_factuality_chase,gpt41_mini,generated,laysumm_elife_0035,eLife,35,8,These inputs carry mostly non-spatial information to RS neurons.,,,2,long_word_dense,9,54,6.0,2,0.2222222222222222,2,0.2222222222222222,,,
pilot_n20_v8_factuality_chase,gpt41_mini,generated,laysumm_elife_0035,eLife,35,9,Precise sublaminar axonal and dendritic arborization within RSG layer 1 allows parallel processing of spatial and non-spatial inputs.,,,4,long_word_dense|hard_word_dense|number,18,113,6.277777777777778,4,0.2222222222222222,8,0.4444444444444444,,,
pilot_n20_v8_factuality_chase,gpt41_mini,generated,laysumm_elife_0035,eLife,35,10,The arrangement of neuron branches and incoming axons in layer 1 separates inputs to different neuron types.,,,0,number,17,90,5.294117647058823,1,0.058823529411764705,4,0.23529411764705882,,,
pilot_n20_v8_factuality_chase,gpt41_mini,generated,laysumm_elife_0035,eLife,35,11,Thalamocortical synaptic dynamics enable LR neurons to compute head rotation speed despite head direction inputs lacking speed information.,,,2,hard_word_dense,18,121,6.722222222222222,2,0.1111111111111111,9,0.5,,,
pilot_n20_v8_factuality_chase,gpt41_mini,generated,laysumm_elife_0035,eLife,35,12,Synaptic depression of head direction inputs causes LR neurons to respond more during faster head turns.,,,0,causal_or_inferential,16,88,5.5,1,0.0625,3,0.1875,,,
pilot_n20_v8_factuality_chase,gpt41_mini,generated,laysumm_elife_0035,eLife,35,13,Parallel input streams identify LR neurons as a principal subtype positioned to support spatial orientation in the RSG.,,,2,hard_word_dense,18,101,5.611111111111111,2,0.1111111111111111,6,0.3333333333333333,,,
pilot_n20_v8_factuality_chase,gpt41_mini,generated,laysumm_elife_0035,eLife,35,14,LR neurons have unique connections and properties suited for spatial orientation computations.,,,4,long_word_dense|hard_word_dense,12,82,6.833333333333333,4,0.3333333333333333,5,0.4166666666666667,,,
pilot_n20_v8_factuality_chase,gpt41_mini,generated,laysumm_elife_0057,eLife,57,1,"A stable number of petals helps ensure reliable flower opening and pollinator attraction, supporting reproductive success.",,,4,long_word_dense|hard_word_dense,16,105,6.5625,4,0.25,7,0.4375,,,
pilot_n20_v8_factuality_chase,gpt41_mini,generated,laysumm_elife_0057,eLife,57,2,"Developmental systems are robust to natural perturbations, allowing consistent petal number despite environmental or genetic variation.",,,4,long_word_dense|hard_word_dense|technical_density,16,118,7.375,4,0.25,9,0.5625,,,
pilot_n20_v8_factuality_chase,gpt41_mini,generated,laysumm_elife_0057,eLife,57,3,Arabidopsis thaliana flowers consistently produce four petals across genetically diverse plants.,,,4,long_word_dense|hard_word_dense,11,85,7.7272727272727275,3,0.2727272727272727,6,0.5454545454545454,,,
pilot_n20_v8_factuality_chase,gpt41_mini,generated,laysumm_elife_0057,eLife,57,4,This shows that petal number is a robust phenotype in Arabidopsis thaliana.,,,0,causal_or_inferential,12,63,5.25,1,0.08333333333333333,3,0.25,,,
pilot_n20_v8_factuality_chase,gpt41_mini,generated,laysumm_elife_0057,eLife,57,5,"Petal number varies in the closely related species Cardamine hirsuta, ranging from zero to four petals on a single plant.",,,1,long_sentence,20,100,5.0,0,0.0,4,0.2,,,
pilot_n20_v8_factuality_chase,gpt41_mini,generated,laysumm_elife_0057,eLife,57,6,This variation occurs in response to both environmental and genetic factors.,,,2,hard_word_dense,11,65,5.909090909090909,1,0.09090909090909091,4,0.36363636363636365,,,
pilot_n20_v8_factuality_chase,gpt41_mini,generated,laysumm_elife_0057,eLife,57,7,Divergence in the floral regulator APETALA1 (AP1) explains the species-specific difference in petal number robustness.,,,4,long_word_dense|hard_word_dense|causal_or_inferential|number,15,98,6.533333333333333,4,0.26666666666666666,6,0.4,,,
pilot_n20_v8_factuality_chase,gpt41_mini,generated,laysumm_elife_0057,eLife,57,8,Differences in AP1 between Arabidopsis thaliana and Cardamine hirsuta control petal number stability.,,,2,hard_word_dense|number,13,87,6.6923076923076925,2,0.15384615384615385,6,0.46153846153846156,,,
pilot_n20_v8_factuality_chase,gpt41_mini,generated,laysumm_elife_0057,eLife,57,9,Arabidopsis thaliana AP1 confers robustness by masking the effects of quantitative trait loci controlling petal number in Cardamine hirsuta.,,,5,long_sentence|long_word_dense|hard_word_dense|number,19,120,6.315789473684211,4,0.21052631578947367,7,0.3684210526315789,,,
pilot_n20_v8_factuality_chase,gpt41_mini,generated,laysumm_elife_0057,eLife,57,10,This masking hides the influence of at least nine genetic regions that affect petal number.,,,0,,15,76,5.066666666666666,0,0.0,2,0.13333333333333333,,,
pilot_n20_v8_factuality_chase,gpt41_mini,generated,laysumm_elife_0057,eLife,57,11,"Cardamine hirsuta AP1 fails to complement Arabidopsis thaliana AP1, resulting in variable petal number.",,,2,hard_word_dense|number,14,86,6.142857142857143,2,0.14285714285714285,7,0.5,,,
pilot_n20_v8_factuality_chase,gpt41_mini,generated,laysumm_elife_0057,eLife,57,12,Upstream regulatory regions of AP1 contribute to this functional difference.,,,4,long_word_dense|hard_word_dense|number,10,65,6.5,4,0.4,4,0.4,,,
pilot_n20_v8_factuality_chase,gpt41_mini,generated,laysumm_elife_0057,eLife,57,13,Variable petal number persists in Cardamine hirsuta despite sufficient genetic variation to produce four-petalled flowers.,,,2,hard_word_dense,15,106,7.066666666666666,2,0.13333333333333333,9,0.6,,,
pilot_n20_v8_factuality_chase,gpt41_mini,generated,laysumm_elife_0057,eLife,57,14,"Natural populations have enough diversity to make stable four-petal flowers, but variation remains common.",,,2,hard_word_dense|technical_density,14,90,6.428571428571429,1,0.07142857142857142,5,0.35714285714285715,,,
pilot_n20_v8_factuality_chase,gpt41_mini,generated,laysumm_elife_0062,eLife,62,1,Proper function and repair of the digestive system are vital to most animals.,,,0,,13,64,4.923076923076923,0,0.0,2,0.15384615384615385,,,
pilot_n20_v8_factuality_chase,gpt41_mini,generated,laysumm_elife_0062,eLife,62,2,Understanding digestive system function and repair requires an atlas of gene expression and cell types.,,,0,technical_density,15,88,5.866666666666666,2,0.13333333333333333,4,0.26666666666666666,,,
pilot_n20_v8_factuality_chase,gpt41_mini,generated,laysumm_elife_0062,eLife,62,3,An atlas catalogs which genes are active and which cell types exist in the tissue.,,,0,,15,67,4.466666666666667,0,0.0,2,0.13333333333333333,,,
pilot_n20_v8_factuality_chase,gpt41_mini,generated,laysumm_elife_0062,eLife,62,4,"Laser-capture microdissection and RNA sequencing were used to study the intestinal transcriptome of Schmidtea mediterranea, a flatworm that can regenerate all organs including the gut.",,,6,long_sentence|very_long_sentence|long_word_dense|hard_word_dense,25,157,6.28,7,0.28,8,0.32,,,
pilot_n20_v8_factuality_chase,gpt41_mini,generated,laysumm_elife_0062,eLife,62,5,Laser-capture microdissection isolates specific tissue regions for detailed gene analysis.,,,4,long_word_dense|hard_word_dense,10,79,7.9,2,0.2,6,0.6,,,
pilot_n20_v8_factuality_chase,gpt41_mini,generated,laysumm_elife_0062,eLife,62,6,This method identified hundreds of genes with intestinal expression that previous approaches missed.,,,4,long_word_dense|hard_word_dense|technical_density,13,87,6.6923076923076925,4,0.3076923076923077,4,0.3076923076923077,,,
pilot_n20_v8_factuality_chase,gpt41_mini,generated,laysumm_elife_0062,eLife,62,7,These genes were not detected by earlier single-cell RNA sequencing studies.,,,2,long_word_dense|negation_or_contrast,11,64,5.818181818181818,2,0.18181818181818182,3,0.2727272727272727,,,
pilot_n20_v8_factuality_chase,gpt41_mini,generated,laysumm_elife_0062,eLife,62,8,"The digestive physiology and cell types of Schmidtea mediterranea show extensive conservation with other animals, including humans.",,,2,hard_word_dense,17,113,6.647058823529412,3,0.17647058823529413,7,0.4117647058823529,,,
pilot_n20_v8_factuality_chase,gpt41_mini,generated,laysumm_elife_0062,eLife,62,9,The flatworm’s gut shares similar cell types and digestive functions with human tissues.,,,0,,14,74,5.285714285714286,0,0.0,2,0.14285714285714285,,,
pilot_n20_v8_factuality_chase,gpt41_mini,generated,laysumm_elife_0062,eLife,62,10,Spatial laser-capture microdissection revealed regionalized gene expression along the medio-lateral axis of the planarian intestine.,,,4,long_word_dense|hard_word_dense|technical_density,15,115,7.666666666666667,5,0.3333333333333333,8,0.5333333333333333,,,
pilot_n20_v8_factuality_chase,gpt41_mini,generated,laysumm_elife_0062,eLife,62,11,This regionalization was especially notable among intestinal goblet cells.,,,4,long_word_dense|hard_word_dense,9,65,7.222222222222222,3,0.3333333333333333,4,0.4444444444444444,,,
pilot_n20_v8_factuality_chase,gpt41_mini,generated,laysumm_elife_0062,eLife,62,12,"Two intestine-enriched transcription factors, gli-1 and RREB2, regulate regeneration or maintenance of goblet cells in Schmidtea mediterranea.",,,4,long_word_dense|hard_word_dense|number,17,119,7.0,5,0.29411764705882354,6,0.35294117647058826,,,
pilot_n20_v8_factuality_chase,gpt41_mini,generated,laysumm_elife_0062,eLife,62,13,"Gli-1 controls goblet cell regeneration, while RREB2 supports their maintenance.",,,2,long_word_dense|number,10,66,6.6,2,0.2,2,0.2,,,
pilot_n20_v8_factuality_chase,gpt41_mini,generated,laysumm_elife_0062,eLife,62,14,"The planarian intestinal transcriptome provides a resource for further study of gastrointestinal function, repair, and regeneration.",,,4,long_word_dense|hard_word_dense,16,114,7.125,4,0.25,7,0.4375,,,
pilot_n20_v8_factuality_chase,gpt41_mini,generated,laysumm_elife_0062,eLife,62,15,It offers a foundation for investigating intestine regeneration and physiology.,,,4,long_word_dense|hard_word_dense,10,69,6.9,4,0.4,5,0.5,,,
pilot_n20_v8_factuality_chase,gpt41_mini,generated,laysumm_elife_0070,eLife,70,1,Mitochondria need systems to remove damaged proteins to keep their functions intact.,,,0,,12,72,6.0,1,0.08333333333333333,3,0.25,,,
pilot_n20_v8_factuality_chase,gpt41_mini,generated,laysumm_elife_0070,eLife,70,2,Misfolded proteins can harm mitochondria and disrupt their essential roles.,,,2,hard_word_dense,10,65,6.5,1,0.1,3,0.3,,,
pilot_n20_v8_factuality_chase,gpt41_mini,generated,laysumm_elife_0070,eLife,70,3,Quality control pathways for misfolded mitochondrial proteins are not well understood.,,,4,long_word_dense|hard_word_dense|negation_or_contrast,11,75,6.818181818181818,2,0.18181818181818182,4,0.36363636363636365,,,
pilot_n20_v8_factuality_chase,gpt41_mini,generated,laysumm_elife_0070,eLife,70,4,"Thus, a universal mitochondrial-associated degradation pathway for outer membrane proteins has not been described.",,,2,hard_word_dense|negation_or_contrast,14,98,7.0,2,0.14285714285714285,5,0.35714285714285715,,,
pilot_n20_v8_factuality_chase,gpt41_mini,generated,laysumm_elife_0070,eLife,70,5,Temperature-sensitive mitochondrial outer membrane proteins sam35-2HAts and sen2-1HAts were used as model substrates in yeast.,,,2,long_word_dense|number,15,103,6.866666666666666,3,0.2,4,0.26666666666666666,,,
pilot_n20_v8_factuality_chase,gpt41_mini,generated,laysumm_elife_0070,eLife,70,6,"These proteins become unstable at higher temperatures but stay attached to mitochondria, allowing study of their degradation.",,,2,hard_word_dense,17,107,6.294117647058823,3,0.17647058823529413,7,0.4117647058823529,,,
pilot_n20_v8_factuality_chase,gpt41_mini,generated,laysumm_elife_0070,eLife,70,7,The proteins sam35-2HAts and sen2-1HAts are degraded from the mitochondrial outer membrane by the ubiquitin-proteasome system.,,,0,number,16,102,6.375,2,0.125,4,0.25,,,
pilot_n20_v8_factuality_chase,gpt41_mini,generated,laysumm_elife_0070,eLife,70,8,"Ubiquitin tags mark these proteins for destruction by the proteasome, a cellular protein-degrading machine.",,,4,long_word_dense|hard_word_dense,14,91,6.5,3,0.21428571428571427,6,0.42857142857142855,,,
pilot_n20_v8_factuality_chase,gpt41_mini,generated,laysumm_elife_0070,eLife,70,9,"Ubiquitination of sen2-1HAts is done by the ligase Ubr1, while San1 ubiquitinates sam35-2HAts.",,,0,number,13,71,5.461538461538462,2,0.15384615384615385,3,0.23076923076923078,,,
pilot_n20_v8_factuality_chase,gpt41_mini,generated,laysumm_elife_0070,eLife,70,10,Ubiquitin ligases attach tags that signal proteins for degradation.,,,2,hard_word_dense,9,58,6.444444444444445,1,0.1111111111111111,3,0.3333333333333333,,,
pilot_n20_v8_factuality_chase,gpt41_mini,generated,laysumm_elife_0070,eLife,70,11,Mitochondria-associated degradation of both proteins requires SSA family Hsp70 chaperones and the Hsp40 Sis1.,,,4,long_word_dense|hard_word_dense|number,14,89,6.357142857142857,3,0.21428571428571427,5,0.35714285714285715,,,
pilot_n20_v8_factuality_chase,gpt41_mini,generated,laysumm_elife_0070,eLife,70,12,Chaperones help recognize misfolded proteins and assist their ubiquitination.,,,4,long_word_dense|hard_word_dense,9,68,7.555555555555555,2,0.2222222222222222,4,0.4444444444444444,,,
pilot_n20_v8_factuality_chase,gpt41_mini,generated,laysumm_elife_0070,eLife,70,13,"The Cdc48-Npl4-Ufd1 complex, Doa1, and mitochondrial Ubx2 adaptor are needed for degradation of these mitochondrial proteins.",,,2,long_word_dense|number,16,99,6.1875,3,0.1875,4,0.25,,,
pilot_n20_v8_factuality_chase,gpt41_mini,generated,laysumm_elife_0070,eLife,70,14,These factors help extract ubiquitinated proteins for proteasomal destruction.,,,4,long_word_dense|hard_word_dense,9,69,7.666666666666667,3,0.3333333333333333,3,0.3333333333333333,,,
pilot_n20_v8_factuality_chase,gpt41_mini,generated,laysumm_elife_0070,eLife,70,15,This study identifies a unique quality control pathway involving both cytosolic and mitochondrial factors.,,,2,hard_word_dense,14,92,6.571428571428571,2,0.14285714285714285,6,0.42857142857142855,,,
pilot_n20_v8_factuality_chase,gpt41_mini,generated,laysumm_elife_0070,eLife,70,16,This pathway differs from other cellular quality control systems.,,,0,,9,56,6.222222222222222,0,0.0,2,0.2222222222222222,,,
pilot_n20_v8_factuality_chase,gpt41_mini,generated,laysumm_elife_0163,eLife,163,1,"MicroRNAs are conserved noncoding RNAs that regulate gene expression posttranscriptionally, and miR-9 is one of the most abundant microRNAs in the brain. miR-9 is abundant in both the developing and adult brain.",,,4,long_sentence|very_long_sentence|hard_word_dense|technical_density|number,32,173,5.40625,3,0.09375,10,0.3125,,,
pilot_n20_v8_factuality_chase,gpt41_mini,generated,laysumm_elife_0163,eLife,163,2,The role of miR-9 in dendritic and synaptic development is largely unknown.,,,2,hard_word_dense|technical_density|number,12,61,5.083333333333333,1,0.08333333333333333,4,0.3333333333333333,,,
pilot_n20_v8_factuality_chase,gpt41_mini,generated,laysumm_elife_0163,eLife,163,3,Dendrites and synapses are parts of neurons that connect and communicate with other cells.,,,0,,14,76,5.428571428571429,1,0.07142857142857142,3,0.21428571428571427,,,
pilot_n20_v8_factuality_chase,gpt41_mini,generated,laysumm_elife_0163,eLife,163,4,A conditional transgenic miRNA sponge mouse was created to inactivate the miR-9 family in specific brain areas and times in vivo.,,,1,long_sentence|number,21,106,5.0476190476190474,3,0.14285714285714285,5,0.23809523809523808,,,
pilot_n20_v8_factuality_chase,gpt41_mini,generated,laysumm_elife_0163,eLife,163,5,The miRNA sponge binds to miR-9 and blocks its activity in living mice.,,,0,number,13,56,4.3076923076923075,0,0.0,1,0.07692307692307693,,,
pilot_n20_v8_factuality_chase,gpt41_mini,generated,laysumm_elife_0163,eLife,163,6,Blocking miR-9 in mice reduces dendritic growth and alters synaptic transmission in vivo.,,,2,hard_word_dense|number,13,74,5.6923076923076925,1,0.07692307692307693,4,0.3076923076923077,,,
pilot_n20_v8_factuality_chase,gpt41_mini,generated,laysumm_elife_0163,eLife,163,7,"Neurons in these mice have shorter and less complex dendrites compared to controls. miR-9 downregulates REST, a transcriptional repressor, to ensure proper dendritic growth.",,,1,long_sentence|number,24,144,6.0,2,0.08333333333333333,7,0.2916666666666667,,,
pilot_n20_v8_factuality_chase,gpt41_mini,generated,laysumm_elife_0163,eLife,163,8,"REST normally blocks genes needed for dendrite development, so lowering REST allows dendrites to grow.",,,2,hard_word_dense|technical_density,15,86,5.733333333333333,1,0.06666666666666667,5,0.3333333333333333,,,
pilot_n20_v8_factuality_chase,gpt41_mini,generated,laysumm_elife_0163,eLife,163,9,Elevated REST protein levels were found in neurons where miR-9 was blocked.,,,0,number,12,61,5.083333333333333,0,0.0,1,0.08333333333333333,,,
pilot_n20_v8_factuality_chase,gpt41_mini,generated,laysumm_elife_0188,eLife,188,1,Vector-borne disease transmission peaks at intermediate temperatures and declines at high and low temperatures.,,,4,long_word_dense|hard_word_dense,14,96,6.857142857142857,5,0.35714285714285715,7,0.5,,,
pilot_n20_v8_factuality_chase,gpt41_mini,generated,laysumm_elife_0188,eLife,188,2,Both low and high temperatures limit transmission because mosquitoes survive and reproduce less well outside moderate temperatures.,,,4,long_word_dense|hard_word_dense|causal_or_inferential,17,114,6.705882352941177,4,0.23529411764705882,9,0.5294117647058824,,,
pilot_n20_v8_factuality_chase,gpt41_mini,generated,laysumm_elife_0188,eLife,188,3,A mechanistic model was built for the thermal response of Ross River virus in Australia and the Pacific Islands.,,,1,long_sentence,19,93,4.894736842105263,1,0.05263157894736842,4,0.21052631578947367,,,
pilot_n20_v8_factuality_chase,gpt41_mini,generated,laysumm_elife_0188,eLife,188,4,The model links temperature to mosquito density and life history traits that affect virus spread.,,,0,,15,82,5.466666666666667,1,0.06666666666666667,4,0.26666666666666666,,,
pilot_n20_v8_factuality_chase,gpt41_mini,generated,laysumm_elife_0188,eLife,188,5,Ross River virus transmission peaks at 26.4°C and drops to zero below 17.0°C or above 31.5°C.,,,1,long_sentence|number,22,62,2.8181818181818183,1,0.045454545454545456,2,0.09090909090909091,,,
pilot_n20_v8_factuality_chase,gpt41_mini,generated,laysumm_elife_0188,eLife,188,6,These thermal limits define the temperature range where the virus can spread by mosquitoes.,,,0,,14,77,5.5,2,0.14285714285714285,3,0.21428571428571427,,,
pilot_n20_v8_factuality_chase,gpt41_mini,generated,laysumm_elife_0188,eLife,188,7,The model predicts year-round Ross River virus transmission in the tropics and seasonal transmission in temperate areas.,,,0,,17,102,6.0,2,0.11764705882352941,4,0.23529411764705882,,,
pilot_n20_v8_factuality_chase,gpt41_mini,generated,laysumm_elife_0188,eLife,188,8,This matches observed human case patterns across Australia.,,,0,,8,51,6.375,0,0.0,2,0.25,,,
pilot_n20_v8_factuality_chase,gpt41_mini,generated,laysumm_elife_0188,eLife,188,9,Climate warming will likely increase virus transmission in temperate areas but decrease it in tropical areas near the thermal optimum.,,,3,long_sentence|hard_word_dense|hedged,20,114,5.7,1,0.05,8,0.4,,,
pilot_n20_v8_factuality_chase,gpt41_mini,generated,laysumm_elife_0188,eLife,188,10,Most Australians live in temperate regions where warming will extend transmission seasons.,,,0,,12,78,6.5,2,0.16666666666666666,3,0.25,,,
pilot_n20_v8_factuality_chase,gpt41_mini,generated,laysumm_elife_0188,eLife,188,11,Nonlinear mechanistic models are essential to estimate temperature effects on Ross River virus transmission.,,,4,long_word_dense|hard_word_dense,14,94,6.714285714285714,3,0.21428571428571427,6,0.42857142857142855,,,
pilot_n20_v8_factuality_chase,gpt41_mini,generated,laysumm_elife_0188,eLife,188,12,Small temperature changes can increase or decrease transmission depending on the current temperature relative to the thermal response curve.,,,3,long_sentence|hard_word_dense,19,121,6.368421052631579,3,0.15789473684210525,8,0.42105263157894735,,,
pilot_n20_v8_factuality_chase,gpt41_mini,generated,laysumm_elife_0189,eLife,189,1,Motor cortical beta oscillations have been reported for decades but their behavioral correlates remain unresolved.,,,4,long_word_dense|hard_word_dense|technical_density,15,99,6.6,4,0.26666666666666666,7,0.4666666666666667,,,
pilot_n20_v8_factuality_chase,gpt41_mini,generated,laysumm_elife_0189,eLife,189,2,Beta oscillations are rhythmic brain activity in motor areas linked to movement control.,,,0,,13,75,5.769230769230769,1,0.07692307692307693,3,0.23076923076923078,,,
pilot_n20_v8_factuality_chase,gpt41_mini,generated,laysumm_elife_0189,eLife,189,3,The study recorded neural activity from motor cortex of three macaque monkeys performing a novel neurofeedback task.,,,0,,17,99,5.823529411764706,2,0.11764705882352941,5,0.29411764705882354,,,
pilot_n20_v8_factuality_chase,gpt41_mini,generated,laysumm_elife_0189,eLife,189,4,The neurofeedback task involved monkeys controlling their brain waves before making arm reaches.,,,2,hard_word_dense,13,83,6.384615384615385,2,0.15384615384615385,4,0.3076923076923077,,,
pilot_n20_v8_factuality_chase,gpt41_mini,generated,laysumm_elife_0189,eLife,189,5,Monkeys volitionally modulated their motor cortical beta oscillatory power before executing arm reaches.,,,2,hard_word_dense,13,91,7.0,2,0.15384615384615385,6,0.46153846153846156,,,
pilot_n20_v8_factuality_chase,gpt41_mini,generated,laysumm_elife_0189,eLife,189,6,Monkeys controlled a cursor by increasing or decreasing beta oscillations and held it steady to trigger reaching.,,,2,long_word_dense,17,96,5.647058823529412,4,0.23529411764705882,4,0.23529411764705882,,,
pilot_n20_v8_factuality_chase,gpt41_mini,generated,laysumm_elife_0189,eLife,189,7,Reaches preceded by reduced beta power had significantly faster movement onset times than those preceded by increased beta power.,,,3,long_sentence|hard_word_dense|technical_density,19,110,5.7894736842105265,1,0.05263157894736842,6,0.3157894736842105,,,
pilot_n20_v8_factuality_chase,gpt41_mini,generated,laysumm_elife_0189,eLife,189,8,Higher beta power was linked to slower start of arm movements across all three monkeys.,,,0,,15,72,4.8,0,0.0,1,0.06666666666666667,,,
pilot_n20_v8_factuality_chase,gpt41_mini,generated,laysumm_elife_0189,eLife,189,9,Population neural activity shifted farther from the movement onset state during beta oscillations.,,,2,hard_word_dense|technical_density,13,85,6.538461538461538,2,0.15384615384615385,4,0.3076923076923077,,,
pilot_n20_v8_factuality_chase,gpt41_mini,generated,laysumm_elife_0189,eLife,189,10,This shift occurred for both neurofeedback-induced and naturally occurring beta oscillations during reaching tasks.,,,2,hard_word_dense,14,100,7.142857142857143,2,0.14285714285714285,5,0.35714285714285715,,,
pilot_n20_v8_factuality_chase,gpt41_mini,generated,laysumm_elife_0189,eLife,189,11,The study establishes a population neural basis for slowed movement onset following beta oscillatory activity.,,,4,long_word_dense|hard_word_dense|technical_density,15,95,6.333333333333333,3,0.2,6,0.4,,,
pilot_n20_v8_factuality_chase,gpt41_mini,generated,laysumm_elife_0189,eLife,189,12,Beta oscillations mark brain states linked to delayed initiation of new movements.,,,0,,12,70,5.833333333333333,2,0.16666666666666666,3,0.25,,,
pilot_n20_v8_factuality_chase,gpt41_mini,generated,laysumm_plos_0051,PLOS,51,1,"Marburg virus, KSHV, and Dengue virus activate and benefit from Nrf2, but HIV infection is blocked by Nrf2 activation.",,,1,long_sentence|number,19,94,4.947368421052632,1,0.05263157894736842,4,0.21052631578947367,,,
pilot_n20_v8_factuality_chase,gpt41_mini,generated,laysumm_plos_0051,PLOS,51,2,"While several viruses use Nrf2 to help their infection, HIV is uniquely blocked when Nrf2 is activated.",,,0,number,17,83,4.882352941176471,0,0.0,5,0.29411764705882354,,,
pilot_n20_v8_factuality_chase,gpt41_mini,generated,laysumm_plos_0051,PLOS,51,3,The effect of Nrf2 activation on HIV infection had not been tested before this study.,,,0,negation_or_contrast|number,15,69,4.6,1,0.06666666666666667,3,0.2,,,
pilot_n20_v8_factuality_chase,gpt41_mini,generated,laysumm_plos_0051,PLOS,51,4,Sulforaphane (SFN) from cruciferous vegetables activates Nrf2 to strongly change gene expression.,,,4,long_word_dense|hard_word_dense|technical_density|number,12,82,6.833333333333333,4,0.3333333333333333,5,0.4166666666666667,,,
pilot_n20_v8_factuality_chase,gpt41_mini,generated,laysumm_plos_0051,PLOS,51,5,"SFN is a powerful mobilizer of Nrf2, a master regulator of the antioxidant response.",,,2,hard_word_dense|number,14,68,4.857142857142857,1,0.07142857142857142,5,0.35714285714285715,,,
pilot_n20_v8_factuality_chase,gpt41_mini,generated,laysumm_plos_0051,PLOS,51,6,SFN blocks HIV infection in primary macrophages but not in primary T cells.,,,2,hard_word_dense|negation_or_contrast,13,62,4.769230769230769,1,0.07692307692307693,4,0.3076923076923077,,,
pilot_n20_v8_factuality_chase,gpt41_mini,generated,laysumm_plos_0051,PLOS,51,7,Macrophages and T cells are different types of immune cells targeted by HIV.,,,2,hard_word_dense,13,63,4.846153846153846,1,0.07692307692307693,4,0.3076923076923077,,,
pilot_n20_v8_factuality_chase,gpt41_mini,generated,laysumm_plos_0051,PLOS,51,8,Lowering Nrf2 levels in macrophages increases HIV infection and reduces SFN's antiviral effect. siRNA was used to reduce Nrf2 protein in macrophages.,,,3,long_sentence|hard_word_dense|number,22,123,5.590909090909091,2,0.09090909090909091,8,0.36363636363636365,,,
pilot_n20_v8_factuality_chase,gpt41_mini,generated,laysumm_plos_0051,PLOS,51,9,"SFN blocks HIV after viral entry but before 2-LTR circle formation, like the antiviral proteins SAMHD1 and MX2.",,,0,number,18,88,4.888888888888889,0,0.0,3,0.16666666666666666,,,
pilot_n20_v8_factuality_chase,gpt41_mini,generated,laysumm_plos_0051,PLOS,51,10,2-LTR circles are DNA forms made before HIV integrates into the host genome.,,,0,number,13,61,4.6923076923076925,1,0.07692307692307693,3,0.23076923076923078,,,
pilot_n20_v8_factuality_chase,gpt41_mini,generated,laysumm_plos_0051,PLOS,51,11,SFN does not increase levels of the antiviral proteins SAMHD1 or MX2 during HIV inhibition.,,,0,negation_or_contrast|number,15,74,4.933333333333334,1,0.06666666666666667,3,0.2,,,
pilot_n20_v8_factuality_chase,gpt41_mini,generated,laysumm_plos_0051,PLOS,51,12,Activating Nrf2 can strongly block HIV infection and reveals a new antiviral mechanism.,,,2,hard_word_dense|technical_density|number,13,73,5.615384615384615,1,0.07692307692307693,4,0.3076923076923077,,,
pilot_n20_v8_factuality_chase,gpt41_mini,generated,laysumm_plos_0178,PLOS,178,1,Aedes-borne arboviruses such as dengue and Zika continue to cause epidemics worldwide.,,,2,hard_word_dense|causal_or_inferential,12,73,6.083333333333333,2,0.16666666666666666,5,0.4166666666666667,,,
pilot_n20_v8_factuality_chase,gpt41_mini,generated,laysumm_plos_0178,PLOS,178,2,"The Dominican Republic had a large dengue epidemic followed closely by Zika virus cases, allowing study of their different transmission drivers.",,,3,long_sentence|hard_word_dense,21,122,5.809523809523809,1,0.047619047619047616,8,0.38095238095238093,,,
pilot_n20_v8_factuality_chase,gpt41_mini,generated,laysumm_plos_0178,PLOS,178,3,"Retrospective surveillance data were used to analyze national outbreaks of dengue, Zika, and Guillain-Barre syndrome in the Dominican Republic.",,,3,long_sentence|hard_word_dense,19,121,6.368421052631579,3,0.15789473684210525,8,0.42105263157894735,,,
pilot_n20_v8_factuality_chase,gpt41_mini,generated,laysumm_plos_0178,PLOS,178,4,"Dengue cases were mostly in people under 20 years old, while Zika infections were spread more evenly across age groups.",,,1,long_sentence|number,20,96,4.8,1,0.05,2,0.1,,,
pilot_n20_v8_factuality_chase,gpt41_mini,generated,laysumm_plos_0178,PLOS,178,5,"Dengue attack rates were slightly higher in males at 25.9 per 10,000 compared to 21.5 per 10,000 in females.",,,1,long_sentence|number,23,69,3.0,0,0.0,2,0.08695652173913043,,,
pilot_n20_v8_factuality_chase,gpt41_mini,generated,laysumm_plos_0178,PLOS,178,6,"Zika infections were significantly more common among females, who made up 73.8% of cases and had age-adjusted attack rates of 7.64 per 10,000 versus 2.72 per 10,000 in males.",,,2,long_sentence|very_long_sentence|technical_density|number,34,118,3.4705882352941178,3,0.08823529411764706,4,0.11764705882352941,,,
pilot_n20_v8_factuality_chase,gpt41_mini,generated,laysumm_plos_0178,PLOS,178,7,The basic reproduction number (R0) for Zika was higher in females at 1.84 than in males at 1.72.,,,1,long_sentence|number,20,67,3.35,1,0.05,2,0.1,,,
pilot_n20_v8_factuality_chase,gpt41_mini,generated,laysumm_plos_0178,PLOS,178,8,R0 measures the average number of new infections caused by one infected person.,,,2,hard_word_dense|causal_or_inferential|number,13,65,5.0,1,0.07692307692307693,4,0.3076923076923077,,,
pilot_n20_v8_factuality_chase,gpt41_mini,generated,laysumm_plos_0178,PLOS,178,9,"Guillain-Barre syndrome attack rates were slightly higher in males at 0.62 per 10,000 than in females at 0.57 per 10,000 during the Zika outbreak.",,,2,long_sentence|very_long_sentence|number,28,101,3.607142857142857,1,0.03571428571428571,3,0.10714285714285714,,,
pilot_n20_v8_factuality_chase,gpt41_mini,generated,laysumm_plos_0178,PLOS,178,10,Guillain-Barre syndrome is a nerve condition linked to Zika infection.,,,2,hard_word_dense,10,59,5.9,1,0.1,4,0.4,,,
pilot_n20_v8_factuality_chase,gpt41_mini,generated,laysumm_plos_0178,PLOS,178,11,Existing dengue immunity had little impact on Zika attack rates at the population level.,,,0,technical_density,14,74,5.285714285714286,1,0.07142857142857142,3,0.21428571428571427,,,
pilot_n20_v8_factuality_chase,gpt41_mini,generated,laysumm_plos_0178,PLOS,178,12,"Community awareness campaigns likely increased reporting of Zika infections among women of reproductive age, though biological susceptibility cannot be ruled out.",,,5,long_sentence|long_word_dense|hard_word_dense|hedged|negation_or_contrast,21,140,6.666666666666667,4,0.19047619047619047,9,0.42857142857142855,,,
pilot_n20_v8_factuality_chase,gpt41_mini,generated,laysumm_plos_0178,PLOS,178,13,Media campaigns and screening are recommended for women of reproductive age during Zika outbreaks.,,,0,,14,84,6.0,2,0.14285714285714285,2,0.14285714285714285,,,
pilot_n20_v8_factuality_chase,gpt41_mini,generated,laysumm_plos_0209,PLOS,209,1,"Under nitrogen deprivation, Anabaena filaments develop a one-dimensional pattern of nitrogen-fixing heterocysts separated by about ten photosynthetic vegetative cells.",,,5,long_sentence|long_word_dense|hard_word_dense,19,145,7.631578947368421,6,0.3157894736842105,11,0.5789473684210527,,,
pilot_n20_v8_factuality_chase,gpt41_mini,generated,laysumm_plos_0209,PLOS,209,2,"The transcription factor HetR, essential for heterocyst differentiation, was studied using a chromosomal hetR-gfp fusion under nitrogen-rich and nitrogen-poor conditions.",,,5,long_sentence|long_word_dense|hard_word_dense,20,145,7.25,7,0.35,8,0.4,,,
pilot_n20_v8_factuality_chase,gpt41_mini,generated,laysumm_plos_0209,PLOS,209,3,The chromosomal fusion allowed precise measurement of HetR gene expression fluctuations.,,,4,long_word_dense|hard_word_dense|technical_density,11,77,7.0,4,0.36363636363636365,6,0.5454545454545454,,,
pilot_n20_v8_factuality_chase,gpt41_mini,generated,laysumm_plos_0209,PLOS,209,4,Expression fluctuations of hetR in nearby cells along Anabaena filaments are coupled with a spatial range of about two to three cells.,,,1,long_sentence|technical_density,22,112,5.090909090909091,2,0.09090909090909091,4,0.18181818181818182,,,
pilot_n20_v8_factuality_chase,gpt41_mini,generated,laysumm_plos_0209,PLOS,209,5,This coupling defines the scale of cellular interactions along the filament.,,,2,hard_word_dense,11,65,5.909090909090909,1,0.09090909090909091,4,0.36363636363636365,,,
pilot_n20_v8_factuality_chase,gpt41_mini,generated,laysumm_plos_0209,PLOS,209,6,Correlations in hetR expression between cells mainly arise from intercellular molecular transfer rather than cell division.,,,4,long_word_dense|hard_word_dense|technical_density,16,107,6.6875,3,0.1875,6,0.375,,,
pilot_n20_v8_factuality_chase,gpt41_mini,generated,laysumm_plos_0209,PLOS,209,7,Molecules passing between cells coordinate gene activity more than inheritance from cell division.,,,2,hard_word_dense,13,85,6.538461538461538,2,0.15384615384615385,5,0.38461538461538464,,,
pilot_n20_v8_factuality_chase,gpt41_mini,generated,laysumm_plos_0209,PLOS,209,8,"Fluctuations in HetR expression exist under nitrogen-rich conditions and build up after nitrogen deprivation, showing continuity in gene expression dynamics during development.",,,5,long_sentence|long_word_dense|hard_word_dense|technical_density,22,152,6.909090909090909,8,0.36363636363636365,10,0.45454545454545453,,,
pilot_n20_v8_factuality_chase,gpt41_mini,generated,laysumm_plos_0209,PLOS,209,9,Linked fluctuations form a base pattern before nitrogen removal and intensify during early development.,,,2,hard_word_dense|technical_density,14,89,6.357142857142857,2,0.14285714285714285,6,0.42857142857142855,,,
pilot_n20_v8_factuality_chase,gpt41_mini,generated,laysumm_plos_0209,PLOS,209,10,"Basal expression of the HetR inhibitor PatS, cell-cell communication via SepJ, and positive HetR auto-regulation determine hetR expression fluctuations under nitrogen-rich conditions.",,,5,long_sentence|long_word_dense|hard_word_dense|technical_density,22,156,7.090909090909091,7,0.3181818181818182,10,0.45454545454545453,,,
pilot_n20_v8_factuality_chase,gpt41_mini,generated,laysumm_plos_0209,PLOS,209,11,These factors shape gene activity even when development is not triggered.,,,0,technical_density|negation_or_contrast,11,62,5.636363636363637,1,0.09090909090909091,3,0.2727272727272727,,,
pilot_n20_v8_factuality_chase,gpt41_mini,generated,laysumm_plos_0209,PLOS,209,12,"The HetR inhibitors PatS and HetN differ in their roles during development, and septal proteins SepJ and FraC/FraD differ in their effects on hetR expression and cell communication.",,,2,long_sentence|very_long_sentence|technical_density,29,151,5.206896551724138,4,0.13793103448275862,4,0.13793103448275862,,,
pilot_n20_v8_factuality_chase,gpt41_mini,generated,laysumm_plos_0209,PLOS,209,13,"PatS acts earlier, while HetN and FraC/FraD affect later stages and specific molecular transport.",,,0,,15,81,5.4,0,0.0,2,0.13333333333333333,,,
pilot_n20_v8_factuality_chase,gpt41_mini,generated,laysumm_plos_0209,PLOS,209,14,"Activation, inhibition, and cell-cell communication proteins combine with stochastic gene expression to control coupled fluctuations that generate the one-dimensional developmental pattern in Anabaena filaments.",,,5,long_sentence|long_word_dense|hard_word_dense|technical_density,24,183,7.625,8,0.3333333333333333,12,0.5,,,
pilot_n20_v8_factuality_chase,gpt41_mini,generated,laysumm_plos_0228,PLOS,228,1,Humans can learn and store multiple visuomotor mappings when feedback for each mapping is provided alternately.,,,0,,16,95,5.9375,2,0.125,4,0.25,,,
pilot_n20_v8_factuality_chase,gpt41_mini,generated,laysumm_plos_0228,PLOS,228,2,This process is called dual-adaptation.,,,2,long_word_dense,5,33,6.6,1,0.2,1,0.2,,,
pilot_n20_v8_factuality_chase,gpt41_mini,generated,laysumm_plos_0228,PLOS,228,3,Learned context cues allow switching between stored visuomotor mappings.,,,0,,9,63,7.0,1,0.1111111111111111,1,0.1111111111111111,,,
pilot_n20_v8_factuality_chase,gpt41_mini,generated,laysumm_plos_0228,PLOS,228,4,Context cues are signals that help select the correct movement pattern.,,,0,,11,60,5.454545454545454,0,0.0,1,0.09090909090909091,,,
pilot_n20_v8_factuality_chase,gpt41_mini,generated,laysumm_plos_0228,PLOS,228,5,Little is known about how associative learning between contextual cues and visuomotor mappings generalises to novel but similar conditions.,,,5,long_sentence|long_word_dense|hard_word_dense,19,120,6.315789473684211,5,0.2631578947368421,6,0.3157894736842105,,,
pilot_n20_v8_factuality_chase,gpt41_mini,generated,laysumm_plos_0228,PLOS,228,6,Generalisation means applying learned movements to new but related targets.,,,2,hard_word_dense,10,65,6.5,1,0.1,3,0.3,,,
pilot_n20_v8_factuality_chase,gpt41_mini,generated,laysumm_plos_0228,PLOS,228,7,Participants performed a rapid target-pointing task with visual feedback offsets that depended on target shape.,,,0,technical_density,15,95,6.333333333333333,2,0.13333333333333333,4,0.26666666666666666,,,
pilot_n20_v8_factuality_chase,gpt41_mini,generated,laysumm_plos_0228,PLOS,228,8,Different shapes required different hand movements to hit the targets.,,,2,hard_word_dense,10,60,6.0,0,0.0,4,0.4,,,
pilot_n20_v8_factuality_chase,gpt41_mini,generated,laysumm_plos_0228,PLOS,228,9,Target shapes formed a continuous set morphed between spiky and circular shapes.,,,0,,12,68,5.666666666666667,1,0.08333333333333333,2,0.16666666666666666,,,
pilot_n20_v8_factuality_chase,gpt41_mini,generated,laysumm_plos_0228,PLOS,228,10,The shape provided a continuous cue for which visuomotor mapping to use.,,,0,,12,60,5.0,2,0.16666666666666666,3,0.25,,,
pilot_n20_v8_factuality_chase,gpt41_mini,generated,laysumm_plos_0228,PLOS,228,11,"After training, participants were tested without feedback on novel target shapes not seen before.",,,0,technical_density|negation_or_contrast,14,82,5.857142857142857,1,0.07142857142857142,2,0.14285714285714285,,,
pilot_n20_v8_factuality_chase,gpt41_mini,generated,laysumm_plos_0228,PLOS,228,12,This tested whether learning generalized to new shapes.,,,0,,8,47,5.875,1,0.125,1,0.125,,,
pilot_n20_v8_factuality_chase,gpt41_mini,generated,laysumm_plos_0228,PLOS,228,13,The study compared explicit linear generalisation with an implicit Bayesian learning model predicting categorisation.,,,4,long_word_dense|hard_word_dense,14,103,7.357142857142857,3,0.21428571428571427,6,0.42857142857142855,,,
pilot_n20_v8_factuality_chase,gpt41_mini,generated,laysumm_plos_0228,PLOS,228,14,The Bayesian model predicts using the mapping of the closest trained shape.,,,0,,12,63,5.25,0,0.0,0,0.0,,,
pilot_n20_v8_factuality_chase,gpt41_mini,generated,laysumm_plos_0228,PLOS,228,15,"Learning the associations requires explicit awareness, and participants generalise by applying the mapping of the trained shape most similar to the current one.",,,3,long_sentence|hard_word_dense|technical_density,23,136,5.913043478260869,3,0.13043478260869565,7,0.30434782608695654,,,
pilot_n20_v8_factuality_chase,gpt41_mini,generated,laysumm_plos_0228,PLOS,228,16,Participants unaware of the shape-mapping link did not learn to adjust their movements.,,,2,hard_word_dense|technical_density|negation_or_contrast,13,73,5.615384615384615,2,0.15384615384615385,4,0.3076923076923077,,,
pilot_n20_v8_factuality_chase,gpt41_mini,generated,laysumm_plos_0228,PLOS,228,17,"The Bayesian learning model predicts learning slows down with more training pairs, which was confirmed experimentally.",,,0,,16,101,6.3125,1,0.0625,2,0.125,,,
pilot_n20_v8_factuality_chase,gpt41_mini,generated,laysumm_plos_0228,PLOS,228,18,Learning many shape-movement pairs at once causes interference and slows learning.,,,2,long_word_dense|causal_or_inferential,11,70,6.363636363636363,2,0.18181818181818182,2,0.18181818181818182,,,
pilot_n20_v8_factuality_chase,gpt41_mini,generated,laysumm_plos_0228,PLOS,228,19,The Bayesian learning model offers a mechanism for simultaneously learning multiple visuomotor mappings.,,,2,hard_word_dense|technical_density,13,91,7.0,2,0.15384615384615385,4,0.3076923076923077,,,
pilot_n20_v8_factuality_chase,gpt41_mini,generated,laysumm_plos_0228,PLOS,228,20,This model uses a Mixture-of-Kalman-Filters to track each shape-mapping pair separately.,,,2,long_word_dense,11,73,6.636363636363637,3,0.2727272727272727,3,0.2727272727272727,,,
pilot_n20_v8_factuality_chase,gpt41_mini,generated,laysumm_plos_0285,PLOS,285,1,Vertical control and elimination programs focused on neglected tropical diseases can reduce infection prevalence and intensity.,,,2,hard_word_dense,16,111,6.9375,2,0.125,10,0.625,,,
pilot_n20_v8_factuality_chase,gpt41_mini,generated,laysumm_plos_0285,PLOS,285,2,Many NTD-endemic countries lack baseline data needed to start or expand control programs.,,,0,,13,75,5.769230769230769,1,0.07692307692307693,2,0.15384615384615385,,,
pilot_n20_v8_factuality_chase,gpt41_mini,generated,laysumm_plos_0285,PLOS,285,3,An integrated mapping approach for overlapping NTDs could save resources and improve efficiency.,,,4,long_word_dense|hard_word_dense|hedged,13,83,6.384615384615385,3,0.23076923076923078,5,0.38461538461538464,,,
pilot_n20_v8_factuality_chase,gpt41_mini,generated,laysumm_plos_0285,PLOS,285,4,Researchers developed and tested an integrated mapping protocol called Integrated Threshold Mapping for four NTDs.,,,4,long_word_dense|hard_word_dense,15,99,6.6,3,0.2,5,0.3333333333333333,,,
pilot_n20_v8_factuality_chase,gpt41_mini,generated,laysumm_plos_0285,PLOS,285,5,"The diseases included lymphatic filariasis, trachoma, schistosomiasis, and soil-transmitted helminths.",,,4,long_word_dense|hard_word_dense,10,88,8.8,3,0.3,7,0.7,,,
pilot_n20_v8_factuality_chase,gpt41_mini,generated,laysumm_plos_0285,PLOS,285,6,The ITM protocol is resource-efficient and determines if disease thresholds for public health interventions are met.,,,4,long_word_dense|hard_word_dense|technical_density,16,99,6.1875,4,0.25,5,0.3125,,,
pilot_n20_v8_factuality_chase,gpt41_mini,generated,laysumm_plos_0285,PLOS,285,7,It assesses whether an area has reached levels that require health actions.,,,0,,12,63,5.25,0,0.0,2,0.16666666666666666,,,
pilot_n20_v8_factuality_chase,gpt41_mini,generated,laysumm_plos_0285,PLOS,285,8,The ITM protocol uses WHO-recommended disease indicators and age groups with adapted sampling for field use.,,,2,hard_word_dense,16,91,5.6875,2,0.125,5,0.3125,,,
pilot_n20_v8_factuality_chase,gpt41_mini,generated,laysumm_plos_0285,PLOS,285,9,"For schistosomiasis, sampling was done at the sub-district level instead of ecological zones.",,,2,long_word_dense,13,78,6.0,3,0.23076923076923078,3,0.23076923076923078,,,
pilot_n20_v8_factuality_chase,gpt41_mini,generated,laysumm_plos_0285,PLOS,285,10,The ITM protocol was tested against WHO mapping methods in one district each in Mali and Senegal.,,,0,,17,80,4.705882352941177,0,0.0,2,0.11764705882352941,,,
pilot_n20_v8_factuality_chase,gpt41_mini,generated,laysumm_plos_0285,PLOS,285,11,"The ITM method agreed with WHO methods on interventions for trachoma, lymphatic filariasis, and soil-transmitted helminths.",,,4,long_word_dense|hard_word_dense|technical_density,16,104,6.5,3,0.1875,5,0.3125,,,
pilot_n20_v8_factuality_chase,gpt41_mini,generated,laysumm_plos_0285,PLOS,285,12,"For schistosomiasis, ITM gave more targeted intervention recommendations at the sub-district level.",,,4,long_word_dense|hard_word_dense|technical_density,12,85,7.083333333333333,4,0.3333333333333333,5,0.4166666666666667,,,
pilot_n20_v8_factuality_chase,gpt41_mini,generated,laysumm_plos_0285,PLOS,285,13,"The ITM method was practical, feasible, and showed overall cost savings compared to WHO methods.",,,0,,15,79,5.266666666666667,0,0.0,4,0.26666666666666666,,,
pilot_n20_v8_factuality_chase,gpt41_mini,generated,laysumm_plos_0285,PLOS,285,14,"ITM used fewer vehicles, smaller teams, and less time in the field in Mali and Senegal.",,,0,,16,69,4.3125,0,0.0,2,0.125,,,
pilot_n20_v8_factuality_chase,gpt41_mini,generated,laysumm_plos_0285,PLOS,285,15,This integrated mapping tool could help implement needed NTD programs in endemic countries.,,,0,hedged,13,78,6.0,1,0.07692307692307693,3,0.23076923076923078,,,
pilot_n20_v8_factuality_chase,gpt41_mini,generated,laysumm_plos_0457,PLOS,457,1,"Stem cells naturally stay in a special environment called the niche, which is designed to support them.",,,0,,17,85,5.0,1,0.058823529411764705,3,0.17647058823529413,,,
pilot_n20_v8_factuality_chase,gpt41_mini,generated,laysumm_plos_0457,PLOS,457,2,"As organs age, fewer stem cells remain in their niche, but the reasons are not well understood.",,,0,negation_or_contrast,17,76,4.470588235294118,1,0.058823529411764705,1,0.058823529411764705,,,
pilot_n20_v8_factuality_chase,gpt41_mini,generated,laysumm_plos_0457,PLOS,457,3,"Notch signaling increases with age in Drosophila female germline stem cells, causing their removal from the niche.",,,2,hard_word_dense,17,96,5.647058823529412,1,0.058823529411764705,6,0.35294117647058826,,,
pilot_n20_v8_factuality_chase,gpt41_mini,generated,laysumm_plos_0457,PLOS,457,4,"Stem cells with low Notch signaling stick better to the niche by increasing E-cadherin, out-competing neighbors with higher Notch levels.",,,1,long_sentence,20,114,5.7,2,0.1,4,0.2,,,
pilot_n20_v8_factuality_chase,gpt41_mini,generated,laysumm_plos_0457,PLOS,457,5,E-cadherin is a molecule that helps cells attach to each other and to their environment.,,,0,,15,72,4.8,1,0.06666666666666667,3,0.2,,,
pilot_n20_v8_factuality_chase,gpt41_mini,generated,laysumm_plos_0457,PLOS,457,6,"Increasing Notch signaling in stem cells speeds up their age-related loss from the niche, partly controlled by the gene Sex lethal.",,,1,long_sentence,21,108,5.142857142857143,3,0.14285714285714285,4,0.19047619047619047,,,
pilot_n20_v8_factuality_chase,gpt41_mini,generated,laysumm_plos_0457,PLOS,457,7,Blocking Notch signaling in stem cells does not delay their loss with age or affect BMP signaling that supports stem cell renewal.,,,1,long_sentence|negation_or_contrast,22,108,4.909090909090909,0,0.0,3,0.13636363636363635,,,
pilot_n20_v8_factuality_chase,gpt41_mini,generated,laysumm_plos_0457,PLOS,457,8,BMP signaling is a pathway that helps stem cells renew themselves.,,,0,,11,55,5.0,1,0.09090909090909091,2,0.18181818181818182,,,
pilot_n20_v8_factuality_chase,gpt41_mini,generated,laysumm_plos_0457,PLOS,457,9,"Notch activity decreases with age in niche cells, weakening niche integrity and affecting stem cell retention.",,,2,hard_word_dense,16,93,5.8125,0,0.0,6,0.375,,,
pilot_n20_v8_factuality_chase,gpt41_mini,generated,laysumm_plos_0457,PLOS,457,10,Niche cells support stem cells and help keep them attached.,,,0,,10,49,4.9,0,0.0,1,0.1,,,
pilot_n20_v8_factuality_chase,gpt41_mini,generated,laysumm_plos_0457,PLOS,457,11,Notch signaling controls stem cell adhesion to the niche during aging and also reduces adhesion in metastatic cancer cells.,,,1,long_sentence,19,104,5.473684210526316,1,0.05263157894736842,5,0.2631578947368421,,,
pilot_n20_v8_factuality_chase,gpt41_mini,generated,laysumm_plos_0501,PLOS,501,1,HIV infection cannot currently be cured but can be controlled by combination treatment with multiple anti-retroviral drugs.,,,2,hard_word_dense|negation_or_contrast,17,105,6.176470588235294,3,0.17647058823529413,6,0.35294117647058826,,,
pilot_n20_v8_factuality_chase,gpt41_mini,generated,laysumm_plos_0501,PLOS,501,2,"Different viral genotypes occur in virtually every patient, so the best drug combination must be chosen for effective treatment.",,,3,long_sentence|hard_word_dense,19,108,5.684210526315789,1,0.05263157894736842,6,0.3157894736842105,,,
pilot_n20_v8_factuality_chase,gpt41_mini,generated,laysumm_plos_0501,PLOS,501,3,Computational models using viral genotypic and clinical phenotypic data can predict optimal treatment regimens for individual HIV patients.,,,2,hard_word_dense,18,121,6.722222222222222,3,0.16666666666666666,7,0.3888888888888889,,,
pilot_n20_v8_factuality_chase,gpt41_mini,generated,laysumm_plos_0501,PLOS,501,4,Current models for HIV drug resistance prediction use only viral sequence data and ignore chemical similarity of drugs.,,,2,hard_word_dense|negation_or_contrast,18,101,5.611111111111111,3,0.16666666666666666,6,0.3333333333333333,,,
pilot_n20_v8_factuality_chase,gpt41_mini,generated,laysumm_plos_0501,PLOS,501,5,Proteochemometric models combine chemical and protein target properties in a single bioactivity model to improve resistance prediction.,,,4,long_word_dense|hard_word_dense,17,118,6.9411764705882355,5,0.29411764705882354,8,0.47058823529411764,,,
pilot_n20_v8_factuality_chase,gpt41_mini,generated,laysumm_plos_0501,PLOS,501,6,Proteochemometric modeling integrates drug chemistry with viral mutations to better capture drug-target interactions.,,,4,long_word_dense|hard_word_dense,13,103,7.923076923076923,4,0.3076923076923077,8,0.6153846153846154,,,
pilot_n20_v8_factuality_chase,gpt41_mini,generated,laysumm_plos_0501,PLOS,501,7,"The study used a large clinical database with about 300,000 drug-mutant bioactivity data points across multiple drug classes and thousands of HIV mutants.",,,1,long_sentence|number,24,123,5.125,2,0.08333333333333333,5,0.20833333333333334,,,
pilot_n20_v8_factuality_chase,gpt41_mini,generated,laysumm_plos_0501,PLOS,501,8,Proteochemometric models achieved a prediction error below 0.5 Log Fold Change and outperformed previous sequence-only models in resistance classification.,,,5,long_sentence|long_word_dense|hard_word_dense|negation_or_contrast|number,20,132,6.6,6,0.3,7,0.35,,,
pilot_n20_v8_factuality_chase,gpt41_mini,generated,laysumm_plos_0501,PLOS,501,9,The models confirmed known and identified previously unpublished resistance-conferring mutations in HIV Reverse Transcriptase and HIV Protease.,,,4,long_word_dense|hard_word_dense,17,125,7.352941176470588,5,0.29411764705882354,9,0.5294117647058824,,,
pilot_n20_v8_factuality_chase,gpt41_mini,generated,laysumm_plos_0501,PLOS,501,10,"Applying the models to the public Stanford HIV resistance database resulted in an 84% correct resistance prediction rate, better than previous work.",,,1,long_sentence|causal_or_inferential|number,22,122,5.545454545454546,3,0.13636363636363635,5,0.22727272727272727,,,
pilot_n20_v8_factuality_chase,gpt41_mini,generated,laysumm_plos_0501,PLOS,501,11,Proteochemometric models can accurately predict phenotypic resistance from genotypic data even for novel HIV mutants and mixtures.,,,4,long_word_dense|hard_word_dense,17,113,6.647058823529412,4,0.23529411764705882,6,0.35294117647058826,,,
pilot_n20_v8_factuality_chase,gpt41_mini,generated,laysumm_plos_0501,PLOS,501,12,An applicability domain was added to inform users about prediction reliability based on sequence similarity and training data density.,,,5,long_sentence|long_word_dense|hard_word_dense,19,115,6.052631578947368,4,0.21052631578947367,6,0.3157894736842105,,,
pilot_n20_v8_factuality_chase,gpt41_mini,generated,laysumm_plos_0501,PLOS,501,13,This measure helps indicate when model predictions are more or less trustworthy.,,,2,hard_word_dense,12,68,5.666666666666667,2,0.16666666666666666,4,0.3333333333333333,,,
pilot_n20_v8_factuality_chase,gpt41_mini,generated,laysumm_plos_0563,PLOS,563,1,"Staphylococcus aureus expresses cell wall-anchored proteins that mediate adhesion, invasion, and immune evasion, contributing to its virulence.",,,2,hard_word_dense,17,122,7.176470588235294,3,0.17647058823529413,10,0.5882352941176471,,,
pilot_n20_v8_factuality_chase,gpt41_mini,generated,laysumm_plos_0563,PLOS,563,2,Clumping factor B (ClfB) helps Staphylococcus aureus stick inside the nose by binding with high affinity to loricrin in the anterior nares.,,,1,long_sentence,22,115,5.2272727272727275,1,0.045454545454545456,5,0.22727272727272727,,,
pilot_n20_v8_factuality_chase,gpt41_mini,generated,laysumm_plos_0563,PLOS,563,3,Loricrin is a protein in the skin's outer layer that ClfB binds to during nasal colonization.,,,0,,16,76,4.75,1,0.0625,2,0.125,,,
pilot_n20_v8_factuality_chase,gpt41_mini,generated,laysumm_plos_0563,PLOS,563,4,The role of ClfB during skin and soft tissue infection (SSTI) had not been previously investigated.,,,0,negation_or_contrast,16,81,5.0625,2,0.125,3,0.1875,,,
pilot_n20_v8_factuality_chase,gpt41_mini,generated,laysumm_plos_0563,PLOS,563,5,This study reveals a novel role for ClfB during Staphylococcus aureus skin and soft tissue infections.,,,0,,16,86,5.375,2,0.125,2,0.125,,,
pilot_n20_v8_factuality_chase,gpt41_mini,generated,laysumm_plos_0563,PLOS,563,6,ClfB is crucial for abscess structure and bacterial burden early in skin infection through a specific interaction with loricrin expressed in abscess tissue.,,,3,long_sentence|hard_word_dense,23,133,5.782608695652174,1,0.043478260869565216,7,0.30434782608695654,,,
pilot_n20_v8_factuality_chase,gpt41_mini,generated,laysumm_plos_0563,PLOS,563,7,Loricrin is present in the abscess wall and allows ClfB to help bacteria form abscesses and grow early in infection.,,,1,long_sentence,20,96,4.8,0,0.0,4,0.2,,,
pilot_n20_v8_factuality_chase,gpt41_mini,generated,laysumm_plos_0563,PLOS,563,8,Vaccination targeting ClfB induces protective humoral and cellular immune responses and protects against Staphylococcus aureus skin infection.,,,2,hard_word_dense,17,125,7.352941176470588,3,0.17647058823529413,10,0.5882352941176471,,,
pilot_n20_v8_factuality_chase,gpt41_mini,generated,laysumm_plos_0563,PLOS,563,9,The vaccine triggers antibodies and T cells that reduce abscess size and bacterial burden in infected skin.,,,0,,17,90,5.294117647058823,1,0.058823529411764705,5,0.29411764705882354,,,
pilot_n20_v8_factuality_chase,gpt41_mini,generated,laysumm_plos_0563,PLOS,563,10,ClfB is identified as an important antigen for future vaccines against Staphylococcus aureus skin and soft tissue infections.,,,2,hard_word_dense,18,107,5.944444444444445,3,0.16666666666666666,7,0.3888888888888889,,,
pilot_n20_v8_factuality_chase,gpt41_mini,generated,laysumm_plos_1116,PLOS,1116,1,Dengue virus (DENV) causes about 100 million symptomatic dengue infections each year.,,,0,causal_or_inferential|number,12,68,5.666666666666667,2,0.16666666666666666,2,0.16666666666666666,,,
pilot_n20_v8_factuality_chase,gpt41_mini,generated,laysumm_plos_1116,PLOS,1116,2,DENV infection can cause mild dengue fever (DF) or severe dengue hemorrhagic fever (DHF).,,,0,causal_or_inferential,14,71,5.071428571428571,1,0.07142857142857142,3,0.21428571428571427,,,
pilot_n20_v8_factuality_chase,gpt41_mini,generated,laysumm_plos_1116,PLOS,1116,3,The critical phase occurs 5–7 days after fever starts when DHF symptoms usually appear.,,,0,number,15,70,4.666666666666667,0,0.0,2,0.13333333333333333,,,
pilot_n20_v8_factuality_chase,gpt41_mini,generated,laysumm_plos_1116,PLOS,1116,4,The reasons why some patients progress from DF to DHF are not well understood.,,,0,negation_or_contrast,14,64,4.571428571428571,1,0.07142857142857142,1,0.07142857142857142,,,
pilot_n20_v8_factuality_chase,gpt41_mini,generated,laysumm_plos_1116,PLOS,1116,5,Researchers used mass spectrometry to profile metabolites in blood from adult DF and DHF patients at critical and recovery phases.,,,3,long_sentence|hard_word_dense,20,110,5.5,3,0.15,6,0.3,,,
pilot_n20_v8_factuality_chase,gpt41_mini,generated,laysumm_plos_1116,PLOS,1116,6,"Twenty-nine metabolites differed between DF and DHF patients at the critical phase, including bile acids, purines, acylcarnitines, phospholipids, and amino acids.",,,5,long_sentence|long_word_dense|hard_word_dense,21,135,6.428571428571429,4,0.19047619047619047,9,0.42857142857142855,,,
pilot_n20_v8_factuality_chase,gpt41_mini,generated,laysumm_plos_1116,PLOS,1116,7,Bile acids were up to fivefold higher in DHF patients than in DF patients and correlated with elevated liver enzymes AST and ALT.,,,1,long_sentence,23,106,4.608695652173913,1,0.043478260869565216,4,0.17391304347826086,,,
pilot_n20_v8_factuality_chase,gpt41_mini,generated,laysumm_plos_1116,PLOS,1116,8,Higher bile acid levels indicate liver injury in DHF patients.,,,0,,10,52,5.2,0,0.0,2,0.2,,,
pilot_n20_v8_factuality_chase,gpt41_mini,generated,laysumm_plos_1116,PLOS,1116,9,"Uric acid was 1.5 fold lower in DHF patients compared to DF patients, indicating reduced antioxidant defense and increased oxidative stress.",,,3,long_sentence|hard_word_dense|number,22,115,5.2272727272727275,2,0.09090909090909091,7,0.3181818181818182,,,
pilot_n20_v8_factuality_chase,gpt41_mini,generated,laysumm_plos_1116,PLOS,1116,10,Uric acid is the most abundant antioxidant in blood.,,,0,,9,43,4.777777777777778,1,0.1111111111111111,2,0.2222222222222222,,,
pilot_n20_v8_factuality_chase,gpt41_mini,generated,laysumm_plos_1116,PLOS,1116,11,"At recovery, eight metabolites including the bile acid chenodeoxyglycocholic acid remained altered in DHF patients.",,,2,hard_word_dense,15,99,6.6,2,0.13333333333333333,6,0.4,,,
pilot_n20_v8_factuality_chase,gpt41_mini,generated,laysumm_plos_1116,PLOS,1116,12,This shows prolonged liver impact after severe dengue infection.,,,2,hard_word_dense,9,55,6.111111111111111,0,0.0,3,0.3333333333333333,,,
pilot_n20_v8_factuality_chase,gpt41_mini,generated,laysumm_plos_1116,PLOS,1116,13,Altered metabolic pathways linked to DHF were identified in both critical and recovery phases.,,,2,hard_word_dense,14,80,5.714285714285714,1,0.07142857142857142,5,0.35714285714285715,,,
pilot_n20_v8_factuality_chase,gpt41_mini,generated,laysumm_plos_1116,PLOS,1116,14,These changes provide insights into host-virus interactions and DHF disease mechanisms.,,,4,long_word_dense|hard_word_dense|technical_density,11,75,6.818181818181818,2,0.18181818181818182,5,0.45454545454545453,,,
pilot_n20_v8_factuality_chase,gpt41_mini,generated,laysumm_plos_1116,PLOS,1116,15,Some altered metabolic pathways in DHF may serve as potential therapeutic targets.,,,2,hard_word_dense|technical_density|hedged,12,70,5.833333333333333,1,0.08333333333333333,4,0.3333333333333333,,,
pilot_n20_v8_factuality_chase,gpt41_mini,generated,laysumm_plos_1309,PLOS,1309,1,The abundance of substrate receptor subunits of Cullin-RING ubiquitin ligases (CRLs) is tightly controlled to maintain the full set of CRLs.,,,3,long_sentence|hard_word_dense,21,116,5.523809523809524,2,0.09523809523809523,8,0.38095238095238093,,,
pilot_n20_v8_factuality_chase,gpt41_mini,generated,laysumm_plos_1309,PLOS,1309,2,Substrate receptor subunits help CRLs recognize specific target proteins.,,,2,hard_word_dense,9,64,7.111111111111111,0,0.0,5,0.5555555555555556,,,
pilot_n20_v8_factuality_chase,gpt41_mini,generated,laysumm_plos_1309,PLOS,1309,3,"Misregulation of substrate receptor components of CRLs, especially SCF ligases, has been linked to diseases including cancer.",,,2,hard_word_dense|technical_density,17,106,6.235294117647059,3,0.17647058823529413,8,0.47058823529411764,,,
pilot_n20_v8_factuality_chase,gpt41_mini,generated,laysumm_plos_1309,PLOS,1309,4,"F-box proteins, the substrate receptors of SCF ligases, are regulated by autocatalytic ubiquitylation followed by proteasome-mediated degradation.",,,4,long_word_dense|hard_word_dense,17,125,7.352941176470588,4,0.23529411764705882,9,0.5294117647058824,,,
pilot_n20_v8_factuality_chase,gpt41_mini,generated,laysumm_plos_1309,PLOS,1309,5,Autocatalytic ubiquitylation means F-box proteins tag themselves for destruction by the cell's protein recycling system.,,,4,long_word_dense|hard_word_dense,15,103,6.866666666666666,4,0.26666666666666666,5,0.3333333333333333,,,
pilot_n20_v8_factuality_chase,gpt41_mini,generated,laysumm_plos_1309,PLOS,1309,6,A separate degradation pathway acts on the yeast F-box protein Met30 when it is dissociated from Skp1.,,,0,number,17,81,4.764705882352941,2,0.11764705882352941,3,0.17647058823529413,,,
pilot_n20_v8_factuality_chase,gpt41_mini,generated,laysumm_plos_1309,PLOS,1309,7,This pathway targets Met30 that is not bound to its usual partner Skp1.,,,0,negation_or_contrast|number,13,55,4.230769230769231,0,0.0,0,0.0,,,
pilot_n20_v8_factuality_chase,gpt41_mini,generated,laysumm_plos_1309,PLOS,1309,8,This non-canonical degradation pathway requires the cullin component Cdc53/Cul1 but is independent of Skp1.,,,4,long_word_dense|hard_word_dense|number,15,87,5.8,3,0.2,5,0.3333333333333333,,,
pilot_n20_v8_factuality_chase,gpt41_mini,generated,laysumm_plos_1309,PLOS,1309,9,"Cdc53/Cul1 is part of the SCF core, while Skp1 is usually essential but not needed here.",,,0,negation_or_contrast|number,17,66,3.8823529411764706,0,0.0,2,0.11764705882352941,,,
pilot_n20_v8_factuality_chase,gpt41_mini,generated,laysumm_plos_1309,PLOS,1309,10,"The pathway involves SCF core components Cdc53, Rbx1, and the ubiquitin conjugating enzyme Cdc34 but does not require Skp1.",,,3,long_sentence|hard_word_dense|negation_or_contrast|number,19,96,5.052631578947368,2,0.10526315789473684,6,0.3157894736842105,,,
pilot_n20_v8_factuality_chase,gpt41_mini,generated,laysumm_plos_1309,PLOS,1309,11,"Cdc34 attaches ubiquitin to Met30, marking it for degradation without Skp1 involvement.",,,2,hard_word_dense|negation_or_contrast|number,12,69,5.75,2,0.16666666666666666,4,0.3333333333333333,,,
pilot_n20_v8_factuality_chase,gpt41_mini,generated,laysumm_plos_1309,PLOS,1309,12,This Skp1-independent degradation pathway is critical for chromosome stability and defense against heavy metal stress in yeast.,,,2,hard_word_dense|number,17,108,6.352941176470588,3,0.17647058823529413,6,0.35294117647058826,,,
pilot_n20_v8_factuality_chase,gpt41_mini,generated,laysumm_plos_1309,PLOS,1309,13,"Heavy metal stress causes Met30 to dissociate from Skp1, triggering this degradation pathway.",,,2,long_word_dense|causal_or_inferential|number,13,76,5.846153846153846,3,0.23076923076923078,3,0.23076923076923078,,,
pilot_n20_v8_factuality_chase,gpt41_mini,rewritten,laysumm_elife_0006,eLife,6,1,Many decisions arise by accumulating noisy evidence until a threshold or bound is reached.,,,0,,14,76,5.428571428571429,1,0.07142857142857142,4,0.2857142857142857,,,
pilot_n20_v8_factuality_chase,gpt41_mini,rewritten,laysumm_elife_0006,eLife,6,2,This process is described by a bounded accumulation model that tracks evidence over time.,,,0,,14,75,5.357142857142857,1,0.07142857142857142,3,0.21428571428571427,,,
pilot_n20_v8_factuality_chase,gpt41_mini,rewritten,laysumm_elife_0006,eLife,6,3,The brain makes decisions by gathering uncertain information over time until enough evidence supports one.,,,2,hard_word_dense,15,91,6.066666666666666,1,0.06666666666666667,5,0.3333333333333333,,,
pilot_n20_v8_factuality_chase,gpt41_mini,rewritten,laysumm_elife_0006,eLife,6,4,"In perception, stimulus strength measured by signal-to-noise ratio affects decision speed, accuracy, and confidence.",,,4,long_word_dense|hard_word_dense,14,97,6.928571428571429,3,0.21428571428571427,7,0.5,,,
pilot_n20_v8_factuality_chase,gpt41_mini,rewritten,laysumm_elife_0006,eLife,6,5,"Stronger signals lead to faster, more accurate decisions with higher confidence.",,,0,,11,68,6.181818181818182,1,0.09090909090909091,3,0.2727272727272727,,,
pilot_n20_v8_factuality_chase,gpt41_mini,rewritten,laysumm_elife_0006,eLife,6,6,"Stronger sensory signals (higher signal-to-noise) lead to faster, more accurate decisions and higher confidence.",,,2,hard_word_dense,14,93,6.642857142857143,2,0.14285714285714285,5,0.35714285714285715,,,
pilot_n20_v8_factuality_chase,gpt41_mini,rewritten,laysumm_elife_0006,eLife,6,7,"An increase in noise causes faster decisions, reduced accuracy, and paradoxically higher confidence in bounded evidence accumulation.",,,2,hard_word_dense|causal_or_inferential,17,114,6.705882352941177,3,0.17647058823529413,8,0.47058823529411764,,,
pilot_n20_v8_factuality_chase,gpt41_mini,rewritten,laysumm_elife_0006,eLife,6,8,"Higher noise speeds the decision variable toward the bound, shortening reaction time and raising confidence when evidence is weak.",,,1,long_sentence,19,110,5.7894736842105265,2,0.10526315789473684,5,0.2631578947368421,,,
pilot_n20_v8_factuality_chase,gpt41_mini,rewritten,laysumm_elife_0006,eLife,6,9,"Adding noise makes decisions quicker and less accurate, but surprisingly, people feel more confident about.",,,0,,15,90,6.0,1,0.06666666666666667,4,0.26666666666666666,,,
pilot_n20_v8_factuality_chase,gpt41_mini,rewritten,laysumm_elife_0006,eLife,6,10,The study used a sensory manipulation that added unbiased noise to motion-selective regions of visual cortex.,,,0,,16,92,5.75,2,0.125,4,0.25,,,
pilot_n20_v8_factuality_chase,gpt41_mini,rewritten,laysumm_elife_0006,eLife,6,11,This manipulation was confirmed by neuronal recordings from macaque areas MT and MST.,,,2,hard_word_dense,13,72,5.538461538461538,2,0.15384615384615385,5,0.38461538461538464,,,
pilot_n20_v8_factuality_chase,gpt41_mini,rewritten,laysumm_elife_0006,eLife,6,12,Increasing noise caused faster decisions and greater confidence in humans and monkeys with minimal loss of accuracy.,,,0,causal_or_inferential,17,99,5.823529411764706,2,0.11764705882352941,5,0.29411764705882354,,,
pilot_n20_v8_factuality_chase,gpt41_mini,rewritten,laysumm_elife_0006,eLife,6,13,The effect was strongest at low motion strengths where accuracy was only slightly impaired.,,,0,negation_or_contrast,14,77,5.5,0,0.0,2,0.14285714285714285,,,
pilot_n20_v8_factuality_chase,gpt41_mini,rewritten,laysumm_elife_0006,eLife,6,14,The size of noise effects on decision speed and confidence matched predictions of the bounded evidence accumulation model.,,,0,,18,104,5.777777777777778,3,0.16666666666666666,5,0.2777777777777778,,,
pilot_n20_v8_factuality_chase,gpt41_mini,rewritten,laysumm_elife_0006,eLife,6,15,"This model links motion strength and volatility to choice, reaction time, and confidence through a common mechanism.",,,0,technical_density,17,97,5.705882352941177,2,0.11764705882352941,3,0.17647058823529413,,,
pilot_n20_v8_factuality_chase,gpt41_mini,rewritten,laysumm_elife_0026,eLife,26,1,The deamidase OspI from Shigella flexneri changes glutamine 100 in UBC13 to glutamate.,,,2,hard_word_dense|number,13,68,5.230769230769231,0,0.0,5,0.38461538461538464,,,
pilot_n20_v8_factuality_chase,gpt41_mini,rewritten,laysumm_elife_0026,eLife,26,2,This modification is called Q100E deamidation.,,,4,long_word_dense|hard_word_dense|number,6,37,6.166666666666667,2,0.3333333333333333,2,0.3333333333333333,,,
pilot_n20_v8_factuality_chase,gpt41_mini,rewritten,laysumm_elife_0026,eLife,26,3,Shigella bacteria produce an enzyme called OspI that changes one specific building block (amino acid).,,,2,hard_word_dense,15,85,5.666666666666667,0,0.0,6,0.4,,,
pilot_n20_v8_factuality_chase,gpt41_mini,rewritten,laysumm_elife_0026,eLife,26,4,This change stops UBC13 from working with TRAF6 to trigger polyubiquitination and NF-κB immune signaling.,,,0,number,15,85,5.666666666666667,1,0.06666666666666667,3,0.2,,,
pilot_n20_v8_factuality_chase,gpt41_mini,rewritten,laysumm_elife_0026,eLife,26,5,Deamidation of UBC13 by OspI silences its polyubiquitination activity with TRAF6 and.,,,2,hard_word_dense|number,12,70,5.833333333333333,2,0.16666666666666666,4,0.3333333333333333,,,
pilot_n20_v8_factuality_chase,gpt41_mini,rewritten,laysumm_elife_0026,eLife,26,6,"Normally, UBC13 teams up with another protein called TRAF6 to trigger immune signals that help.",,,0,number,15,76,5.066666666666666,0,0.0,3,0.2,,,
pilot_n20_v8_factuality_chase,gpt41_mini,rewritten,laysumm_elife_0026,eLife,26,7,Deamidation weakens the interaction between UBC13 and the TRAF6 RING domain by disrupting both stable and temporary contacts.,,,0,number,18,104,5.777777777777778,3,0.16666666666666666,4,0.2222222222222222,,,
pilot_n20_v8_factuality_chase,gpt41_mini,rewritten,laysumm_elife_0026,eLife,26,8,Deamidation inhibits the interaction between UBC13 and TRAF6 RING domain by disrupting.,,,4,long_word_dense|hard_word_dense|number,12,72,6.0,3,0.25,4,0.3333333333333333,,,
pilot_n20_v8_factuality_chase,gpt41_mini,rewritten,laysumm_elife_0026,eLife,26,9,Deamidation creates a new internal salt-bridge in UBC13 that competes with a key salt-bridge at the UBC13/TRAF6 interface.,,,3,long_sentence|hard_word_dense|number,19,96,5.052631578947368,3,0.15789473684210525,6,0.3157894736842105,,,
pilot_n20_v8_factuality_chase,gpt41_mini,rewritten,laysumm_elife_0026,eLife,26,10,This new bond forms between R14 and E100 in UBC13 and reduces the normal R14/E69 bond with TRAF6.,,,1,long_sentence|number,19,66,3.473684210526316,0,0.0,1,0.05263157894736842,,,
pilot_n20_v8_factuality_chase,gpt41_mini,rewritten,laysumm_elife_0026,eLife,26,11,Deamidation reduces the formation and stability of transient complexes between UBC13 and TRAF6 RING domain.,,,2,hard_word_dense|number,15,89,5.933333333333334,1,0.06666666666666667,5,0.3333333333333333,,,
pilot_n20_v8_factuality_chase,gpt41_mini,rewritten,laysumm_elife_0026,eLife,26,12,Transient complexes are short-lived contacts that help proteins bind efficiently.,,,4,long_word_dense|hard_word_dense,10,70,7.0,2,0.2,3,0.3,,,
pilot_n20_v8_factuality_chase,gpt41_mini,rewritten,laysumm_elife_0026,eLife,26,13,"The negative charge of E100 in deamidated UBC13 repels the negatively charged surface of RING domains, preventing transient interactions.",,,5,long_sentence|long_word_dense|hard_word_dense|number,19,112,5.894736842105263,4,0.21052631578947367,6,0.3157894736842105,,,
pilot_n20_v8_factuality_chase,gpt41_mini,rewritten,laysumm_elife_0026,eLife,26,14,This electrostatic repulsion destabilizes the transient complex between UBC13 and TRAF6.,,,2,long_word_dense|number,11,74,6.7272727272727275,2,0.18181818181818182,3,0.2727272727272727,,,
pilot_n20_v8_factuality_chase,gpt41_mini,rewritten,laysumm_elife_0026,eLife,26,15,Deamidation as a post-translational modification alters transient complex conformation and stability to inhibit protein-protein association.,,,4,long_word_dense|hard_word_dense|technical_density,15,123,8.2,6,0.4,8,0.5333333333333333,,,
pilot_n20_v8_factuality_chase,gpt41_mini,rewritten,laysumm_elife_0026,eLife,26,16,Post-translational modification by deamidation perturbs transient complex conformation and stability to inhibit.,,,4,long_word_dense|hard_word_dense,12,99,8.25,4,0.3333333333333333,6,0.5,,,
pilot_n20_v8_factuality_chase,gpt41_mini,rewritten,laysumm_elife_0028,eLife,28,1,"Working memory is supported by coordinated interactions among large-scale brain networks, especially frontal and parietal regions.",,,4,long_word_dense|hard_word_dense,16,112,7.0,4,0.25,7,0.4375,,,
pilot_n20_v8_factuality_chase,gpt41_mini,rewritten,laysumm_elife_0028,eLife,28,2,Oscillatory synchronization in the theta frequency range helps coordinate neuronal activity across distant brain regions during working memory.,,,2,hard_word_dense,18,125,6.944444444444445,3,0.16666666666666666,7,0.3888888888888889,,,
pilot_n20_v8_factuality_chase,gpt41_mini,rewritten,laysumm_elife_0028,eLife,28,3,Theta frequency means brain waves oscillating between 4 and 8 Hz.,,,0,number,11,52,4.7272727272727275,1,0.09090909090909091,2,0.18181818181818182,,,
pilot_n20_v8_factuality_chase,gpt41_mini,rewritten,laysumm_elife_0028,eLife,28,4,"Causal evidence for how oscillatory activity shapes brain networks and behavior in humans is limited, so tACS was used to modulate brain oscillations.",,,3,long_sentence|hard_word_dense,23,126,5.478260869565218,2,0.08695652173913043,7,0.30434782608695654,,,
pilot_n20_v8_factuality_chase,gpt41_mini,rewritten,laysumm_elife_0028,eLife,28,5,Transcranial alternating current stimulation (tACS) applies weak electrical currents to influence brain rhythms.,,,4,long_word_dense|hard_word_dense,13,97,7.461538461538462,4,0.3076923076923077,5,0.38461538461538464,,,
pilot_n20_v8_factuality_chase,gpt41_mini,rewritten,laysumm_elife_0028,eLife,28,6,Theta-frequency (6 Hz) tACS was applied to the right middle frontal gyrus and inferior parietal lobule to modulate frontoparietal network synchronization during working memory tasks.,,,4,long_sentence|very_long_sentence|hard_word_dense|number,25,153,6.12,3,0.12,8,0.32,,,
pilot_n20_v8_factuality_chase,gpt41_mini,rewritten,laysumm_elife_0028,eLife,28,7,Synchronous tACS means stimulation at 0° relative phase; desynchronous means 180° relative phase.,,,4,long_word_dense|hard_word_dense|number,13,77,5.923076923076923,3,0.23076923076923078,5,0.38461538461538464,,,
pilot_n20_v8_factuality_chase,gpt41_mini,rewritten,laysumm_elife_0028,eLife,28,8,Synchronous tACS improved working memory performance during high cognitive demand tasks like the 2-back test.,,,2,hard_word_dense|technical_density|number,15,92,6.133333333333334,2,0.13333333333333333,5,0.3333333333333333,,,
pilot_n20_v8_factuality_chase,gpt41_mini,rewritten,laysumm_elife_0028,eLife,28,9,"The 2-back task requires remembering items presented two steps earlier, making it more difficult than 1-back.",,,0,number,16,88,5.5,1,0.0625,4,0.25,,,
pilot_n20_v8_factuality_chase,gpt41_mini,rewritten,laysumm_elife_0028,eLife,28,10,"The effects of tACS on brain activity depend on the relative phase of stimulation and the cognitive state during the task, as shown by simultaneous fMRI. fMRI measures brain activity without interference from electrical stimulation artifacts.",,,4,long_sentence|very_long_sentence|hard_word_dense|technical_density|negation_or_contrast,36,204,5.666666666666667,5,0.1388888888888889,11,0.3055555555555556,,,
pilot_n20_v8_factuality_chase,gpt41_mini,rewritten,laysumm_elife_0028,eLife,28,11,"Synchronous tACS during verbal working memory tasks increased parietal brain activity, which correlated with better behavioral performance.",,,4,long_word_dense|hard_word_dense|technical_density,17,121,7.117647058823529,4,0.23529411764705882,8,0.47058823529411764,,,
pilot_n20_v8_factuality_chase,gpt41_mini,rewritten,laysumm_elife_0028,eLife,28,12,The parietal cortex is a brain region involved in maintaining information during working memory.,,,2,hard_word_dense,14,82,5.857142857142857,2,0.14285714285714285,5,0.35714285714285715,,,
pilot_n20_v8_factuality_chase,gpt41_mini,rewritten,laysumm_elife_0028,eLife,28,13,The relative phase of frontoparietal tACS influences functional connectivity and information flow within the working memory network.,,,4,long_word_dense|hard_word_dense,17,115,6.764705882352941,5,0.29411764705882354,7,0.4117647058823529,,,
pilot_n20_v8_factuality_chase,gpt41_mini,rewritten,laysumm_elife_0028,eLife,28,14,"Synchronous stimulation increased frontal connectivity, while desynchronous increased posterior connectivity.",,,4,long_word_dense|hard_word_dense,10,98,9.8,5,0.5,8,0.8,,,
pilot_n20_v8_factuality_chase,gpt41_mini,rewritten,laysumm_elife_0028,eLife,28,15,Working memory performance is directly linked to large-scale brain synchronization across a right frontoparietal network.,,,4,long_word_dense|hard_word_dense,15,105,7.0,4,0.26666666666666666,6,0.4,,,
pilot_n20_v8_factuality_chase,gpt41_mini,rewritten,laysumm_elife_0035,eLife,35,1,The granular retrosplenial cortex (RSG) is critical for both spatial and non-spatial behaviors.,,,2,hard_word_dense,13,79,6.076923076923077,2,0.15384615384615385,5,0.38461538461538464,,,
pilot_n20_v8_factuality_chase,gpt41_mini,rewritten,laysumm_elife_0035,eLife,35,2,"The RSG helps process information about location and other types of behavior, but how it does this is not well understood.",,,1,long_sentence|negation_or_contrast,21,100,4.761904761904762,2,0.09523809523809523,4,0.19047619047619047,,,
pilot_n20_v8_factuality_chase,gpt41_mini,rewritten,laysumm_elife_0035,eLife,35,3,Optogenetic circuit mapping in mice was used to study specific circuits in the RSG.,,,0,,14,69,4.928571428571429,1,0.07142857142857142,2,0.14285714285714285,,,
pilot_n20_v8_factuality_chase,gpt41_mini,rewritten,laysumm_elife_0035,eLife,35,4,This method activates neurons with light to trace connections from different brain regions to the RSG.,,,0,,16,86,5.375,1,0.0625,3,0.1875,,,
pilot_n20_v8_factuality_chase,gpt41_mini,rewritten,laysumm_elife_0035,eLife,35,5,The anterior thalamus and dorsal subiculum selectively recruit low-rheobase (LR) pyramidal cells in the superficial RSG.,,,4,long_word_dense|hard_word_dense,16,101,6.3125,3,0.1875,7,0.4375,,,
pilot_n20_v8_factuality_chase,gpt41_mini,rewritten,laysumm_elife_0035,eLife,35,6,These brain areas provide spatial information that targets LR neurons in the RSG.,,,0,,13,68,5.230769230769231,1,0.07692307692307693,2,0.15384615384615385,,,
pilot_n20_v8_factuality_chase,gpt41_mini,rewritten,laysumm_elife_0035,eLife,35,7,Claustral and anterior cingulate cortex inputs preferentially control neighboring regular-spiking (RS) pyramidal cells in the superficial RSG.,,,4,long_word_dense|hard_word_dense,17,122,7.176470588235294,4,0.23529411764705882,7,0.4117647058823529,,,
pilot_n20_v8_factuality_chase,gpt41_mini,rewritten,laysumm_elife_0035,eLife,35,8,These inputs carry mostly non-spatial information to RS neurons.,,,2,long_word_dense,9,54,6.0,2,0.2222222222222222,2,0.2222222222222222,,,
pilot_n20_v8_factuality_chase,gpt41_mini,rewritten,laysumm_elife_0035,eLife,35,9,Precise sublaminar axonal and dendritic arborization within RSG layer 1 allows parallel processing of spatial and non-spatial inputs.,,,4,long_word_dense|hard_word_dense|number,18,113,6.277777777777778,4,0.2222222222222222,8,0.4444444444444444,,,
pilot_n20_v8_factuality_chase,gpt41_mini,rewritten,laysumm_elife_0035,eLife,35,10,The arrangement of neuron branches and incoming axons in layer 1 separates inputs to different neuron types.,,,0,number,17,90,5.294117647058823,1,0.058823529411764705,4,0.23529411764705882,,,
pilot_n20_v8_factuality_chase,gpt41_mini,rewritten,laysumm_elife_0035,eLife,35,11,Thalamocortical synaptic dynamics enable LR neurons to compute head rotation speed despite head direction inputs lacking speed information.,,,2,hard_word_dense,18,121,6.722222222222222,2,0.1111111111111111,9,0.5,,,
pilot_n20_v8_factuality_chase,gpt41_mini,rewritten,laysumm_elife_0035,eLife,35,12,Synaptic depression of head direction inputs causes LR neurons to respond more during faster head turns.,,,0,causal_or_inferential,16,88,5.5,1,0.0625,3,0.1875,,,
pilot_n20_v8_factuality_chase,gpt41_mini,rewritten,laysumm_elife_0035,eLife,35,13,Parallel input streams identify LR neurons as a principal subtype positioned to support spatial orientation in the RSG.,,,2,hard_word_dense,18,101,5.611111111111111,2,0.1111111111111111,6,0.3333333333333333,,,
pilot_n20_v8_factuality_chase,gpt41_mini,rewritten,laysumm_elife_0035,eLife,35,14,LR neurons have unique connections and properties suited for spatial orientation computations.,,,4,long_word_dense|hard_word_dense,12,82,6.833333333333333,4,0.3333333333333333,5,0.4166666666666667,,,
pilot_n20_v8_factuality_chase,gpt41_mini,rewritten,laysumm_elife_0057,eLife,57,1,"A stable number of petals helps ensure reliable flower opening and pollinator attraction, supporting reproductive success.",,,4,long_word_dense|hard_word_dense,16,105,6.5625,4,0.25,7,0.4375,,,
pilot_n20_v8_factuality_chase,gpt41_mini,rewritten,laysumm_elife_0057,eLife,57,2,"Developmental systems are robust to natural perturbations, allowing consistent petal number despite environmental or genetic variation.",,,4,long_word_dense|hard_word_dense|technical_density,16,118,7.375,4,0.25,9,0.5625,,,
pilot_n20_v8_factuality_chase,gpt41_mini,rewritten,laysumm_elife_0057,eLife,57,3,"Petals help open the flower and attract pollinators, so having a stable number of petals.",,,0,,15,73,4.866666666666666,1,0.06666666666666667,1,0.06666666666666667,,,
pilot_n20_v8_factuality_chase,gpt41_mini,rewritten,laysumm_elife_0057,eLife,57,4,Arabidopsis thaliana flowers consistently produce four petals across genetically diverse plants.,,,4,long_word_dense|hard_word_dense,11,85,7.7272727272727275,3,0.2727272727272727,6,0.5454545454545454,,,
pilot_n20_v8_factuality_chase,gpt41_mini,rewritten,laysumm_elife_0057,eLife,57,5,This shows that petal number is a robust phenotype in Arabidopsis thaliana.,,,0,causal_or_inferential,12,63,5.25,1,0.08333333333333333,3,0.25,,,
pilot_n20_v8_factuality_chase,gpt41_mini,rewritten,laysumm_elife_0057,eLife,57,6,"Petal number varies in the closely related species Cardamine hirsuta, ranging from zero to four petals on a single plant.",,,1,long_sentence,20,100,5.0,0,0.0,4,0.2,,,
pilot_n20_v8_factuality_chase,gpt41_mini,rewritten,laysumm_elife_0057,eLife,57,7,This variation occurs in response to both environmental and genetic factors.,,,2,hard_word_dense,11,65,5.909090909090909,1,0.09090909090909091,4,0.36363636363636365,,,
pilot_n20_v8_factuality_chase,gpt41_mini,rewritten,laysumm_elife_0057,eLife,57,8,Divergence in the floral regulator APETALA1 (AP1) explains the species-specific difference in petal number robustness.,,,4,long_word_dense|hard_word_dense|causal_or_inferential|number,15,98,6.533333333333333,4,0.26666666666666666,6,0.4,,,
pilot_n20_v8_factuality_chase,gpt41_mini,rewritten,laysumm_elife_0057,eLife,57,9,Differences in AP1 between Arabidopsis thaliana and Cardamine hirsuta control petal number stability.,,,2,hard_word_dense|number,13,87,6.6923076923076925,2,0.15384615384615385,6,0.46153846153846156,,,
pilot_n20_v8_factuality_chase,gpt41_mini,rewritten,laysumm_elife_0057,eLife,57,10,Arabidopsis thaliana AP1 confers robustness by masking the effects of quantitative trait loci controlling petal number in Cardamine hirsuta.,,,5,long_sentence|long_word_dense|hard_word_dense|number,19,120,6.315789473684211,4,0.21052631578947367,7,0.3684210526315789,,,
pilot_n20_v8_factuality_chase,gpt41_mini,rewritten,laysumm_elife_0057,eLife,57,11,This masking hides the influence of at least nine genetic regions that affect petal number.,,,0,,15,76,5.066666666666666,0,0.0,2,0.13333333333333333,,,
pilot_n20_v8_factuality_chase,gpt41_mini,rewritten,laysumm_elife_0057,eLife,57,12,"Cardamine hirsuta AP1 fails to complement Arabidopsis thaliana AP1, resulting in variable petal number.",,,2,hard_word_dense|number,14,86,6.142857142857143,2,0.14285714285714285,7,0.5,,,
pilot_n20_v8_factuality_chase,gpt41_mini,rewritten,laysumm_elife_0057,eLife,57,13,Upstream regulatory regions of AP1 contribute to this functional difference.,,,4,long_word_dense|hard_word_dense|number,10,65,6.5,4,0.4,4,0.4,,,
pilot_n20_v8_factuality_chase,gpt41_mini,rewritten,laysumm_elife_0057,eLife,57,14,Variable petal number persists in Cardamine hirsuta despite sufficient genetic variation to produce four-petalled flowers.,,,2,hard_word_dense,15,106,7.066666666666666,2,0.13333333333333333,9,0.6,,,
pilot_n20_v8_factuality_chase,gpt41_mini,rewritten,laysumm_elife_0057,eLife,57,15,"Natural populations have enough diversity to make stable four-petal flowers, but variation remains common.",,,2,hard_word_dense|technical_density,14,90,6.428571428571429,1,0.07142857142857142,5,0.35714285714285715,,,
pilot_n20_v8_factuality_chase,gpt41_mini,rewritten,laysumm_elife_0062,eLife,62,1,Proper function and repair of the digestive system are vital to most animals.,,,0,,13,64,4.923076923076923,0,0.0,2,0.15384615384615385,,,
pilot_n20_v8_factuality_chase,gpt41_mini,rewritten,laysumm_elife_0062,eLife,62,2,Proper function and repair of the digestive system are vital to most.,,,0,,12,57,4.75,0,0.0,1,0.08333333333333333,,,
pilot_n20_v8_factuality_chase,gpt41_mini,rewritten,laysumm_elife_0062,eLife,62,3,Understanding digestive system function and repair requires an atlas of gene expression and cell types.,,,0,technical_density,15,88,5.866666666666666,2,0.13333333333333333,4,0.26666666666666666,,,
pilot_n20_v8_factuality_chase,gpt41_mini,rewritten,laysumm_elife_0062,eLife,62,4,An atlas catalogs which genes are active and which cell types exist in the tissue.,,,0,,15,67,4.466666666666667,0,0.0,2,0.13333333333333333,,,
pilot_n20_v8_factuality_chase,gpt41_mini,rewritten,laysumm_elife_0062,eLife,62,5,"Laser-capture microdissection and RNA sequencing were used to study the intestinal transcriptome of Schmidtea mediterranea, a flatworm that can regenerate all organs including the gut.",,,6,long_sentence|very_long_sentence|long_word_dense|hard_word_dense,25,157,6.28,7,0.28,8,0.32,,,
pilot_n20_v8_factuality_chase,gpt41_mini,rewritten,laysumm_elife_0062,eLife,62,6,Laser-capture microdissection isolates specific tissue regions for detailed gene analysis.,,,4,long_word_dense|hard_word_dense,10,79,7.9,2,0.2,6,0.6,,,
pilot_n20_v8_factuality_chase,gpt41_mini,rewritten,laysumm_elife_0062,eLife,62,7,This method identified hundreds of genes with intestinal expression that previous approaches missed.,,,4,long_word_dense|hard_word_dense|technical_density,13,87,6.6923076923076925,4,0.3076923076923077,4,0.3076923076923077,,,
pilot_n20_v8_factuality_chase,gpt41_mini,rewritten,laysumm_elife_0062,eLife,62,8,These genes were not detected by earlier single-cell RNA sequencing studies.,,,2,long_word_dense|negation_or_contrast,11,64,5.818181818181818,2,0.18181818181818182,3,0.2727272727272727,,,
pilot_n20_v8_factuality_chase,gpt41_mini,rewritten,laysumm_elife_0062,eLife,62,9,"The digestive physiology and cell types of Schmidtea mediterranea show extensive conservation with other animals, including humans.",,,2,hard_word_dense,17,113,6.647058823529412,3,0.17647058823529413,7,0.4117647058823529,,,
pilot_n20_v8_factuality_chase,gpt41_mini,rewritten,laysumm_elife_0062,eLife,62,10,The flatworm’s gut shares similar cell types and digestive functions with human tissues.,,,0,,14,74,5.285714285714286,0,0.0,2,0.14285714285714285,,,
pilot_n20_v8_factuality_chase,gpt41_mini,rewritten,laysumm_elife_0062,eLife,62,11,Spatial laser-capture microdissection revealed regionalized gene expression along the medio-lateral axis of the planarian intestine.,,,4,long_word_dense|hard_word_dense|technical_density,15,115,7.666666666666667,5,0.3333333333333333,8,0.5333333333333333,,,
pilot_n20_v8_factuality_chase,gpt41_mini,rewritten,laysumm_elife_0062,eLife,62,12,This regionalization was especially notable among intestinal goblet cells.,,,4,long_word_dense|hard_word_dense,9,65,7.222222222222222,3,0.3333333333333333,4,0.4444444444444444,,,
pilot_n20_v8_factuality_chase,gpt41_mini,rewritten,laysumm_elife_0062,eLife,62,13,"Two intestine-enriched transcription factors, gli-1 and RREB2, regulate regeneration or maintenance of goblet cells in Schmidtea mediterranea.",,,4,long_word_dense|hard_word_dense|number,17,119,7.0,5,0.29411764705882354,6,0.35294117647058826,,,
pilot_n20_v8_factuality_chase,gpt41_mini,rewritten,laysumm_elife_0062,eLife,62,14,"Gli-1 controls goblet cell regeneration, while RREB2 supports their maintenance.",,,2,long_word_dense|number,10,66,6.6,2,0.2,2,0.2,,,
pilot_n20_v8_factuality_chase,gpt41_mini,rewritten,laysumm_elife_0062,eLife,62,15,"The planarian intestinal transcriptome provides a resource for further study of gastrointestinal function, repair, and regeneration.",,,4,long_word_dense|hard_word_dense,16,114,7.125,4,0.25,7,0.4375,,,
pilot_n20_v8_factuality_chase,gpt41_mini,rewritten,laysumm_elife_0062,eLife,62,16,It offers a foundation for investigating intestine regeneration and physiology.,,,4,long_word_dense|hard_word_dense,10,69,6.9,4,0.4,5,0.5,,,
pilot_n20_v8_factuality_chase,gpt41_mini,rewritten,laysumm_elife_0070,eLife,70,1,Mitochondria need systems to remove damaged proteins to keep their functions intact.,,,0,,12,72,6.0,1,0.08333333333333333,3,0.25,,,
pilot_n20_v8_factuality_chase,gpt41_mini,rewritten,laysumm_elife_0070,eLife,70,2,Misfolded proteins can harm mitochondria and disrupt their essential roles.,,,2,hard_word_dense,10,65,6.5,1,0.1,3,0.3,,,
pilot_n20_v8_factuality_chase,gpt41_mini,rewritten,laysumm_elife_0070,eLife,70,3,"Mitochondria are vulnerable to damage that causes proteins to misfold, so cells have systems to.",,,0,causal_or_inferential,15,80,5.333333333333333,2,0.13333333333333333,3,0.2,,,
pilot_n20_v8_factuality_chase,gpt41_mini,rewritten,laysumm_elife_0070,eLife,70,4,Quality control pathways for misfolded mitochondrial proteins are not well understood.,,,4,long_word_dense|hard_word_dense|negation_or_contrast,11,75,6.818181818181818,2,0.18181818181818182,4,0.36363636363636365,,,
pilot_n20_v8_factuality_chase,gpt41_mini,rewritten,laysumm_elife_0070,eLife,70,5,"Thus, a universal mitochondrial-associated degradation pathway for outer membrane proteins has not been described.",,,2,hard_word_dense|negation_or_contrast,14,98,7.0,2,0.14285714285714285,5,0.35714285714285715,,,
pilot_n20_v8_factuality_chase,gpt41_mini,rewritten,laysumm_elife_0070,eLife,70,6,Temperature-sensitive mitochondrial outer membrane proteins sam35-2HAts and sen2-1HAts were used as model substrates in yeast.,,,2,long_word_dense|number,15,103,6.866666666666666,3,0.2,4,0.26666666666666666,,,
pilot_n20_v8_factuality_chase,gpt41_mini,rewritten,laysumm_elife_0070,eLife,70,7,"These proteins become unstable at higher temperatures but stay attached to mitochondria, allowing study of their degradation.",,,2,hard_word_dense,17,107,6.294117647058823,3,0.17647058823529413,7,0.4117647058823529,,,
pilot_n20_v8_factuality_chase,gpt41_mini,rewritten,laysumm_elife_0070,eLife,70,8,The proteins sam35-2HAts and sen2-1HAts are degraded from the mitochondrial outer membrane by the ubiquitin-proteasome system.,,,0,number,16,102,6.375,2,0.125,4,0.25,,,
pilot_n20_v8_factuality_chase,gpt41_mini,rewritten,laysumm_elife_0070,eLife,70,9,"Ubiquitin tags mark these proteins for destruction by the proteasome, a cellular protein-degrading machine.",,,4,long_word_dense|hard_word_dense,14,91,6.5,3,0.21428571428571427,6,0.42857142857142855,,,
pilot_n20_v8_factuality_chase,gpt41_mini,rewritten,laysumm_elife_0070,eLife,70,10,"Ubiquitination of sen2-1HAts is done by the ligase Ubr1, while San1 ubiquitinates sam35-2HAts.",,,0,number,13,71,5.461538461538462,2,0.15384615384615385,3,0.23076923076923078,,,
pilot_n20_v8_factuality_chase,gpt41_mini,rewritten,laysumm_elife_0070,eLife,70,11,Ubiquitin ligases attach tags that signal proteins for degradation.,,,2,hard_word_dense,9,58,6.444444444444445,1,0.1111111111111111,3,0.3333333333333333,,,
pilot_n20_v8_factuality_chase,gpt41_mini,rewritten,laysumm_elife_0070,eLife,70,12,Mitochondria-associated degradation of both proteins requires SSA family Hsp70 chaperones and the Hsp40 Sis1.,,,4,long_word_dense|hard_word_dense|number,14,89,6.357142857142857,3,0.21428571428571427,5,0.35714285714285715,,,
pilot_n20_v8_factuality_chase,gpt41_mini,rewritten,laysumm_elife_0070,eLife,70,13,Chaperones help recognize misfolded proteins and assist their ubiquitination.,,,4,long_word_dense|hard_word_dense,9,68,7.555555555555555,2,0.2222222222222222,4,0.4444444444444444,,,
pilot_n20_v8_factuality_chase,gpt41_mini,rewritten,laysumm_elife_0070,eLife,70,14,"The Cdc48-Npl4-Ufd1 complex, Doa1, and mitochondrial Ubx2 adaptor are needed for degradation of these mitochondrial proteins.",,,2,long_word_dense|number,16,99,6.1875,3,0.1875,4,0.25,,,
pilot_n20_v8_factuality_chase,gpt41_mini,rewritten,laysumm_elife_0070,eLife,70,15,These factors help extract ubiquitinated proteins for proteasomal destruction.,,,4,long_word_dense|hard_word_dense,9,69,7.666666666666667,3,0.3333333333333333,3,0.3333333333333333,,,
pilot_n20_v8_factuality_chase,gpt41_mini,rewritten,laysumm_elife_0070,eLife,70,16,This study identifies a unique quality control pathway involving both cytosolic and mitochondrial factors.,,,2,hard_word_dense,14,92,6.571428571428571,2,0.14285714285714285,6,0.42857142857142855,,,
pilot_n20_v8_factuality_chase,gpt41_mini,rewritten,laysumm_elife_0070,eLife,70,17,This pathway differs from other cellular quality control systems.,,,0,,9,56,6.222222222222222,0,0.0,2,0.2222222222222222,,,
pilot_n20_v8_factuality_chase,gpt41_mini,rewritten,laysumm_elife_0163,eLife,163,1,"MicroRNAs are conserved noncoding RNAs that regulate gene expression posttranscriptionally, and miR-9 is one of the most abundant microRNAs in the brain. miR-9 is abundant in both the developing and adult brain.",,,4,long_sentence|very_long_sentence|hard_word_dense|technical_density|number,32,173,5.40625,3,0.09375,10,0.3125,,,
pilot_n20_v8_factuality_chase,gpt41_mini,rewritten,laysumm_elife_0163,eLife,163,2,MicroRNAs are small RNA molecules that control how genes are turned on or off after.,,,0,,15,69,4.6,0,0.0,2,0.13333333333333333,,,
pilot_n20_v8_factuality_chase,gpt41_mini,rewritten,laysumm_elife_0163,eLife,163,3,The role of miR-9 in dendritic and synaptic development is largely unknown.,,,2,hard_word_dense|technical_density|number,12,61,5.083333333333333,1,0.08333333333333333,4,0.3333333333333333,,,
pilot_n20_v8_factuality_chase,gpt41_mini,rewritten,laysumm_elife_0163,eLife,163,4,Dendrites and synapses are parts of neurons that connect and communicate with other cells.,,,0,,14,76,5.428571428571429,1,0.07142857142857142,3,0.21428571428571427,,,
pilot_n20_v8_factuality_chase,gpt41_mini,rewritten,laysumm_elife_0163,eLife,163,5,"While miR-9’s role in early neuron development is understood, how it affects the growth of.",,,0,technical_density|number,16,72,4.5,2,0.125,2,0.125,,,
pilot_n20_v8_factuality_chase,gpt41_mini,rewritten,laysumm_elife_0163,eLife,163,6,A conditional transgenic miRNA sponge mouse was created to inactivate the miR-9 family in specific brain areas and times in vivo.,,,1,long_sentence|number,21,106,5.0476190476190474,3,0.14285714285714285,5,0.23809523809523808,,,
pilot_n20_v8_factuality_chase,gpt41_mini,rewritten,laysumm_elife_0163,eLife,163,7,The miRNA sponge binds to miR-9 and blocks its activity in living mice.,,,0,number,13,56,4.3076923076923075,0,0.0,1,0.07692307692307693,,,
pilot_n20_v8_factuality_chase,gpt41_mini,rewritten,laysumm_elife_0163,eLife,163,8,Researchers created a special genetically modified mouse that can block miR-9 activity in specific brain.,,,2,hard_word_dense|number,15,88,5.866666666666666,2,0.13333333333333333,5,0.3333333333333333,,,
pilot_n20_v8_factuality_chase,gpt41_mini,rewritten,laysumm_elife_0163,eLife,163,9,Blocking miR-9 in mice reduces dendritic growth and alters synaptic transmission in vivo.,,,2,hard_word_dense|number,13,74,5.6923076923076925,1,0.07692307692307693,4,0.3076923076923077,,,
pilot_n20_v8_factuality_chase,gpt41_mini,rewritten,laysumm_elife_0163,eLife,163,10,Neurons in these mice have shorter and less complex dendrites compared to controls.,,,0,,13,70,5.384615384615385,0,0.0,2,0.15384615384615385,,,
pilot_n20_v8_factuality_chase,gpt41_mini,rewritten,laysumm_elife_0163,eLife,163,11,"By blocking miR-9 in mice, researchers observed that neurons had shorter and less complex dendrites. miR-9 downregulates REST, a transcriptional repressor, to ensure proper dendritic growth.",,,4,long_sentence|very_long_sentence|hard_word_dense|number,26,156,6.0,3,0.11538461538461539,8,0.3076923076923077,,,
pilot_n20_v8_factuality_chase,gpt41_mini,rewritten,laysumm_elife_0163,eLife,163,12,"REST normally blocks genes needed for dendrite development, so lowering REST allows dendrites to grow.",,,2,hard_word_dense|technical_density,15,86,5.733333333333333,1,0.06666666666666667,5,0.3333333333333333,,,
pilot_n20_v8_factuality_chase,gpt41_mini,rewritten,laysumm_elife_0163,eLife,163,13,Elevated REST protein levels were found in neurons where miR-9 was blocked.,,,0,number,12,61,5.083333333333333,0,0.0,1,0.08333333333333333,,,
pilot_n20_v8_factuality_chase,gpt41_mini,rewritten,laysumm_elife_0188,eLife,188,1,Vector-borne disease transmission peaks at intermediate temperatures and declines at high and low temperatures.,,,4,long_word_dense|hard_word_dense,14,96,6.857142857142857,5,0.35714285714285715,7,0.5,,,
pilot_n20_v8_factuality_chase,gpt41_mini,rewritten,laysumm_elife_0188,eLife,188,2,Both low and high temperatures limit transmission because mosquitoes survive and reproduce less well outside moderate temperatures.,,,4,long_word_dense|hard_word_dense|causal_or_inferential,17,114,6.705882352941177,4,0.23529411764705882,9,0.5294117647058824,,,
pilot_n20_v8_factuality_chase,gpt41_mini,rewritten,laysumm_elife_0188,eLife,188,3,Mosquito-borne diseases spread best at moderate temperatures because mosquitoes survive and reproduce less well when.,,,4,long_word_dense|hard_word_dense|causal_or_inferential,15,101,6.733333333333333,3,0.2,8,0.5333333333333333,,,
pilot_n20_v8_factuality_chase,gpt41_mini,rewritten,laysumm_elife_0188,eLife,188,4,A mechanistic model was built for the thermal response of Ross River virus in Australia and the Pacific Islands.,,,1,long_sentence,19,93,4.894736842105263,1,0.05263157894736842,4,0.21052631578947367,,,
pilot_n20_v8_factuality_chase,gpt41_mini,rewritten,laysumm_elife_0188,eLife,188,5,The model links temperature to mosquito density and life history traits that affect virus spread.,,,0,,15,82,5.466666666666667,1,0.06666666666666667,4,0.26666666666666666,,,
pilot_n20_v8_factuality_chase,gpt41_mini,rewritten,laysumm_elife_0188,eLife,188,6,The model links temperature changes to how well the virus spreads by mosquitoes in Australia.,,,0,,15,78,5.2,2,0.13333333333333333,3,0.2,,,
pilot_n20_v8_factuality_chase,gpt41_mini,rewritten,laysumm_elife_0188,eLife,188,7,Ross River virus transmission peaks at 26.4°C and drops to zero below 17.0°C or above 31.5°C.,,,1,long_sentence|number,22,62,2.8181818181818183,1,0.045454545454545456,2,0.09090909090909091,,,
pilot_n20_v8_factuality_chase,gpt41_mini,rewritten,laysumm_elife_0188,eLife,188,8,These thermal limits define the temperature range where the virus can spread by mosquitoes.,,,0,,14,77,5.5,2,0.14285714285714285,3,0.21428571428571427,,,
pilot_n20_v8_factuality_chase,gpt41_mini,rewritten,laysumm_elife_0188,eLife,188,9,The model predicts year-round Ross River virus transmission in the tropics and seasonal transmission in temperate areas.,,,0,,17,102,6.0,2,0.11764705882352941,4,0.23529411764705882,,,
pilot_n20_v8_factuality_chase,gpt41_mini,rewritten,laysumm_elife_0188,eLife,188,10,This matches observed human case patterns across Australia.,,,0,,8,51,6.375,0,0.0,2,0.25,,,
pilot_n20_v8_factuality_chase,gpt41_mini,rewritten,laysumm_elife_0188,eLife,188,11,Climate warming will likely increase virus transmission in temperate areas but decrease it in tropical areas near the thermal optimum.,,,3,long_sentence|hard_word_dense|hedged,20,114,5.7,1,0.05,8,0.4,,,
pilot_n20_v8_factuality_chase,gpt41_mini,rewritten,laysumm_elife_0188,eLife,188,12,Most Australians live in temperate regions where warming will extend transmission seasons.,,,0,,12,78,6.5,2,0.16666666666666666,3,0.25,,,
pilot_n20_v8_factuality_chase,gpt41_mini,rewritten,laysumm_elife_0188,eLife,188,13,Nonlinear mechanistic models are essential to estimate temperature effects on Ross River virus transmission.,,,4,long_word_dense|hard_word_dense,14,94,6.714285714285714,3,0.21428571428571427,6,0.42857142857142855,,,
pilot_n20_v8_factuality_chase,gpt41_mini,rewritten,laysumm_elife_0188,eLife,188,14,Small temperature changes can increase or decrease transmission depending on the current temperature relative to the thermal response curve.,,,3,long_sentence|hard_word_dense,19,121,6.368421052631579,3,0.15789473684210525,8,0.42105263157894735,,,
pilot_n20_v8_factuality_chase,gpt41_mini,rewritten,laysumm_elife_0189,eLife,189,1,Motor cortical beta oscillations have been reported for decades but their behavioral correlates remain unresolved.,,,4,long_word_dense|hard_word_dense|technical_density,15,99,6.6,4,0.26666666666666666,7,0.4666666666666667,,,
pilot_n20_v8_factuality_chase,gpt41_mini,rewritten,laysumm_elife_0189,eLife,189,2,Beta oscillations are rhythmic brain activity in motor areas linked to movement control.,,,0,,13,75,5.769230769230769,1,0.07692307692307693,3,0.23076923076923078,,,
pilot_n20_v8_factuality_chase,gpt41_mini,rewritten,laysumm_elife_0189,eLife,189,3,"Beta oscillations are rhythmic brain activity in motor areas, but how they relate to behavior.",,,0,,15,78,5.2,1,0.06666666666666667,4,0.26666666666666666,,,
pilot_n20_v8_factuality_chase,gpt41_mini,rewritten,laysumm_elife_0189,eLife,189,4,The study recorded neural activity from motor cortex of three macaque monkeys performing a novel neurofeedback task.,,,0,,17,99,5.823529411764706,2,0.11764705882352941,5,0.29411764705882354,,,
pilot_n20_v8_factuality_chase,gpt41_mini,rewritten,laysumm_elife_0189,eLife,189,5,The neurofeedback task involved monkeys controlling their brain waves before making arm reaches.,,,2,hard_word_dense,13,83,6.384615384615385,2,0.15384615384615385,4,0.3076923076923077,,,
pilot_n20_v8_factuality_chase,gpt41_mini,rewritten,laysumm_elife_0189,eLife,189,6,Researchers implanted electrodes in monkeys' motor cortex and trained them to change their beta brain.,,,0,,15,86,5.733333333333333,2,0.13333333333333333,3,0.2,,,
pilot_n20_v8_factuality_chase,gpt41_mini,rewritten,laysumm_elife_0189,eLife,189,7,Monkeys volitionally modulated their motor cortical beta oscillatory power before executing arm reaches.,,,2,hard_word_dense,13,91,7.0,2,0.15384615384615385,6,0.46153846153846156,,,
pilot_n20_v8_factuality_chase,gpt41_mini,rewritten,laysumm_elife_0189,eLife,189,8,Monkeys controlled a cursor by increasing or decreasing beta oscillations and held it steady to trigger reaching.,,,2,long_word_dense,17,96,5.647058823529412,4,0.23529411764705882,4,0.23529411764705882,,,
pilot_n20_v8_factuality_chase,gpt41_mini,rewritten,laysumm_elife_0189,eLife,189,9,"Monkeys controlled a cursor on a screen by changing their beta brain waves, holding it.",,,0,,15,71,4.733333333333333,1,0.06666666666666667,1,0.06666666666666667,,,
pilot_n20_v8_factuality_chase,gpt41_mini,rewritten,laysumm_elife_0189,eLife,189,10,Reaches preceded by reduced beta power had significantly faster movement onset times than those preceded by increased beta power.,,,3,long_sentence|hard_word_dense|technical_density,19,110,5.7894736842105265,1,0.05263157894736842,6,0.3157894736842105,,,
pilot_n20_v8_factuality_chase,gpt41_mini,rewritten,laysumm_elife_0189,eLife,189,11,Higher beta power was linked to slower start of arm movements across all three monkeys.,,,0,,15,72,4.8,0,0.0,1,0.06666666666666667,,,
pilot_n20_v8_factuality_chase,gpt41_mini,rewritten,laysumm_elife_0189,eLife,189,12,Population neural activity shifted farther from the movement onset state during beta oscillations.,,,2,hard_word_dense|technical_density,13,85,6.538461538461538,2,0.15384615384615385,4,0.3076923076923077,,,
pilot_n20_v8_factuality_chase,gpt41_mini,rewritten,laysumm_elife_0189,eLife,189,13,This shift occurred for both neurofeedback-induced and naturally occurring beta oscillations during reaching tasks.,,,2,hard_word_dense,14,100,7.142857142857143,2,0.14285714285714285,5,0.35714285714285715,,,
pilot_n20_v8_factuality_chase,gpt41_mini,rewritten,laysumm_elife_0189,eLife,189,14,The study establishes a population neural basis for slowed movement onset following beta oscillatory activity.,,,4,long_word_dense|hard_word_dense|technical_density,15,95,6.333333333333333,3,0.2,6,0.4,,,
pilot_n20_v8_factuality_chase,gpt41_mini,rewritten,laysumm_elife_0189,eLife,189,15,Beta oscillations mark brain states linked to delayed initiation of new movements.,,,0,,12,70,5.833333333333333,2,0.16666666666666666,3,0.25,,,
pilot_n20_v8_factuality_chase,gpt41_mini,rewritten,laysumm_plos_0051,PLOS,51,1,"Marburg virus, KSHV, and Dengue virus activate and benefit from Nrf2, but HIV infection is blocked by Nrf2 activation.",,,1,long_sentence|number,19,94,4.947368421052632,1,0.05263157894736842,4,0.21052631578947367,,,
pilot_n20_v8_factuality_chase,gpt41_mini,rewritten,laysumm_plos_0051,PLOS,51,2,"While several viruses use Nrf2 to help their infection, HIV is uniquely blocked when Nrf2 is activated.",,,0,number,17,83,4.882352941176471,0,0.0,5,0.29411764705882354,,,
pilot_n20_v8_factuality_chase,gpt41_mini,rewritten,laysumm_plos_0051,PLOS,51,3,The effect of Nrf2 activation on HIV infection had not been tested before this study.,,,0,negation_or_contrast|number,15,69,4.6,1,0.06666666666666667,3,0.2,,,
pilot_n20_v8_factuality_chase,gpt41_mini,rewritten,laysumm_plos_0051,PLOS,51,4,Sulforaphane (SFN) from cruciferous vegetables activates Nrf2 to strongly change gene expression.,,,4,long_word_dense|hard_word_dense|technical_density|number,12,82,6.833333333333333,4,0.3333333333333333,5,0.4166666666666667,,,
pilot_n20_v8_factuality_chase,gpt41_mini,rewritten,laysumm_plos_0051,PLOS,51,5,"SFN is a powerful mobilizer of Nrf2, a master regulator of the antioxidant response.",,,2,hard_word_dense|number,14,68,4.857142857142857,1,0.07142857142857142,5,0.35714285714285715,,,
pilot_n20_v8_factuality_chase,gpt41_mini,rewritten,laysumm_plos_0051,PLOS,51,6,SFN blocks HIV infection in primary macrophages but not in primary T cells.,,,2,hard_word_dense|negation_or_contrast,13,62,4.769230769230769,1,0.07692307692307693,4,0.3076923076923077,,,
pilot_n20_v8_factuality_chase,gpt41_mini,rewritten,laysumm_plos_0051,PLOS,51,7,Macrophages and T cells are different types of immune cells targeted by HIV.,,,2,hard_word_dense,13,63,4.846153846153846,1,0.07692307692307693,4,0.3076923076923077,,,
pilot_n20_v8_factuality_chase,gpt41_mini,rewritten,laysumm_plos_0051,PLOS,51,8,Lowering Nrf2 levels in macrophages increases HIV infection and reduces SFN's antiviral effect.,,,2,hard_word_dense|number,13,80,6.153846153846154,1,0.07692307692307693,6,0.46153846153846156,,,
pilot_n20_v8_factuality_chase,gpt41_mini,rewritten,laysumm_plos_0051,PLOS,51,9,"SFN blocks HIV after viral entry but before 2-LTR circle formation, like the antiviral proteins SAMHD1 and MX2.",,,0,number,18,88,4.888888888888889,0,0.0,3,0.16666666666666666,,,
pilot_n20_v8_factuality_chase,gpt41_mini,rewritten,laysumm_plos_0051,PLOS,51,10,2-LTR circles are DNA forms made before HIV integrates into the host genome.,,,0,number,13,61,4.6923076923076925,1,0.07692307692307693,3,0.23076923076923078,,,
pilot_n20_v8_factuality_chase,gpt41_mini,rewritten,laysumm_plos_0051,PLOS,51,11,SFN does not increase levels of the antiviral proteins SAMHD1 or MX2 during HIV inhibition.,,,0,negation_or_contrast|number,15,74,4.933333333333334,1,0.06666666666666667,3,0.2,,,
pilot_n20_v8_factuality_chase,gpt41_mini,rewritten,laysumm_plos_0051,PLOS,51,12,Activating Nrf2 can strongly block HIV infection and reveals a new antiviral mechanism.,,,2,hard_word_dense|technical_density|number,13,73,5.615384615384615,1,0.07692307692307693,4,0.3076923076923077,,,
pilot_n20_v8_factuality_chase,gpt41_mini,rewritten,laysumm_plos_0178,PLOS,178,1,Aedes-borne arboviruses such as dengue and Zika continue to cause epidemics worldwide.,,,2,hard_word_dense|causal_or_inferential,12,73,6.083333333333333,2,0.16666666666666666,5,0.4166666666666667,,,
pilot_n20_v8_factuality_chase,gpt41_mini,rewritten,laysumm_plos_0178,PLOS,178,2,"The Dominican Republic had a large dengue epidemic followed closely by Zika virus cases, allowing study of their different transmission drivers.",,,3,long_sentence|hard_word_dense,21,122,5.809523809523809,1,0.047619047619047616,8,0.38095238095238093,,,
pilot_n20_v8_factuality_chase,gpt41_mini,rewritten,laysumm_plos_0178,PLOS,178,3,"Retrospective surveillance data were used to analyze national outbreaks of dengue, Zika, and Guillain-Barre syndrome in the Dominican Republic.",,,3,long_sentence|hard_word_dense,19,121,6.368421052631579,3,0.15789473684210525,8,0.42105263157894735,,,
pilot_n20_v8_factuality_chase,gpt41_mini,rewritten,laysumm_plos_0178,PLOS,178,4,"Dengue cases were mostly in people under 20 years old, while Zika infections were spread more evenly across age groups.",,,1,long_sentence|number,20,96,4.8,1,0.05,2,0.1,,,
pilot_n20_v8_factuality_chase,gpt41_mini,rewritten,laysumm_plos_0178,PLOS,178,5,"Dengue attack rates were slightly higher in males at 25.9 per 10,000 compared to 21.5 per 10,000 in females.",,,1,long_sentence|number,23,69,3.0,0,0.0,2,0.08695652173913043,,,
pilot_n20_v8_factuality_chase,gpt41_mini,rewritten,laysumm_plos_0178,PLOS,178,6,"Zika infections were significantly more common among females, who made up 73.8% of cases and had age-adjusted attack rates of 7.64 per 10,000 versus 2.72 per 10,000 in males.",,,2,long_sentence|very_long_sentence|technical_density|number,34,118,3.4705882352941178,3,0.08823529411764706,4,0.11764705882352941,,,
pilot_n20_v8_factuality_chase,gpt41_mini,rewritten,laysumm_plos_0178,PLOS,178,7,The basic reproduction number (R0) for Zika was higher in females at 1.84 than in males at 1.72.,,,1,long_sentence|number,20,67,3.35,1,0.05,2,0.1,,,
pilot_n20_v8_factuality_chase,gpt41_mini,rewritten,laysumm_plos_0178,PLOS,178,8,R0 measures the average number of new infections caused by one infected person.,,,2,hard_word_dense|causal_or_inferential|number,13,65,5.0,1,0.07692307692307693,4,0.3076923076923077,,,
pilot_n20_v8_factuality_chase,gpt41_mini,rewritten,laysumm_plos_0178,PLOS,178,9,"Guillain-Barre syndrome attack rates were slightly higher in males at 0.62 per 10,000 than in females at 0.57 per 10,000 during the Zika outbreak.",,,2,long_sentence|very_long_sentence|number,28,101,3.607142857142857,1,0.03571428571428571,3,0.10714285714285714,,,
pilot_n20_v8_factuality_chase,gpt41_mini,rewritten,laysumm_plos_0178,PLOS,178,10,Guillain-Barre syndrome is a nerve condition linked to Zika infection.,,,2,hard_word_dense,10,59,5.9,1,0.1,4,0.4,,,
pilot_n20_v8_factuality_chase,gpt41_mini,rewritten,laysumm_plos_0178,PLOS,178,11,Existing dengue immunity had little impact on Zika attack rates at the population level.,,,0,technical_density,14,74,5.285714285714286,1,0.07142857142857142,3,0.21428571428571427,,,
pilot_n20_v8_factuality_chase,gpt41_mini,rewritten,laysumm_plos_0178,PLOS,178,12,"Community awareness campaigns likely increased reporting of Zika infections among women of reproductive age, though biological susceptibility cannot be ruled out.",,,5,long_sentence|long_word_dense|hard_word_dense|hedged|negation_or_contrast,21,140,6.666666666666667,4,0.19047619047619047,9,0.42857142857142855,,,
pilot_n20_v8_factuality_chase,gpt41_mini,rewritten,laysumm_plos_0178,PLOS,178,13,Media campaigns and screening are recommended for women of reproductive age during Zika outbreaks.,,,0,,14,84,6.0,2,0.14285714285714285,2,0.14285714285714285,,,
pilot_n20_v8_factuality_chase,gpt41_mini,rewritten,laysumm_plos_0209,PLOS,209,1,"Under nitrogen deprivation, Anabaena filaments develop a one-dimensional pattern of nitrogen-fixing heterocysts separated by about ten photosynthetic vegetative cells.",,,5,long_sentence|long_word_dense|hard_word_dense,19,145,7.631578947368421,6,0.3157894736842105,11,0.5789473684210527,,,
pilot_n20_v8_factuality_chase,gpt41_mini,rewritten,laysumm_plos_0209,PLOS,209,2,"The transcription factor HetR, essential for heterocyst differentiation, was studied using a chromosomal hetR-gfp fusion under nitrogen-rich and nitrogen-poor conditions.",,,5,long_sentence|long_word_dense|hard_word_dense,20,145,7.25,7,0.35,8,0.4,,,
pilot_n20_v8_factuality_chase,gpt41_mini,rewritten,laysumm_plos_0209,PLOS,209,3,The chromosomal fusion allowed precise measurement of HetR gene expression fluctuations.,,,4,long_word_dense|hard_word_dense|technical_density,11,77,7.0,4,0.36363636363636365,6,0.5454545454545454,,,
pilot_n20_v8_factuality_chase,gpt41_mini,rewritten,laysumm_plos_0209,PLOS,209,4,Expression fluctuations of hetR in nearby cells along Anabaena filaments are coupled with a spatial range of about two to three cells.,,,1,long_sentence|technical_density,22,112,5.090909090909091,2,0.09090909090909091,4,0.18181818181818182,,,
pilot_n20_v8_factuality_chase,gpt41_mini,rewritten,laysumm_plos_0209,PLOS,209,5,This coupling defines the scale of cellular interactions along the filament.,,,2,hard_word_dense,11,65,5.909090909090909,1,0.09090909090909091,4,0.36363636363636365,,,
pilot_n20_v8_factuality_chase,gpt41_mini,rewritten,laysumm_plos_0209,PLOS,209,6,Correlations in hetR expression between cells mainly arise from intercellular molecular transfer rather than cell division.,,,4,long_word_dense|hard_word_dense|technical_density,16,107,6.6875,3,0.1875,6,0.375,,,
pilot_n20_v8_factuality_chase,gpt41_mini,rewritten,laysumm_plos_0209,PLOS,209,7,Molecules passing between cells coordinate gene activity more than inheritance from cell division.,,,2,hard_word_dense,13,85,6.538461538461538,2,0.15384615384615385,5,0.38461538461538464,,,
pilot_n20_v8_factuality_chase,gpt41_mini,rewritten,laysumm_plos_0209,PLOS,209,8,"Fluctuations in HetR expression exist under nitrogen-rich conditions and build up after nitrogen deprivation, showing continuity in gene expression dynamics during development.",,,5,long_sentence|long_word_dense|hard_word_dense|technical_density,22,152,6.909090909090909,8,0.36363636363636365,10,0.45454545454545453,,,
pilot_n20_v8_factuality_chase,gpt41_mini,rewritten,laysumm_plos_0209,PLOS,209,9,Linked fluctuations form a base pattern before nitrogen removal and intensify during early development.,,,2,hard_word_dense|technical_density,14,89,6.357142857142857,2,0.14285714285714285,6,0.42857142857142855,,,
pilot_n20_v8_factuality_chase,gpt41_mini,rewritten,laysumm_plos_0209,PLOS,209,10,"Basal expression of the HetR inhibitor PatS, cell-cell communication via SepJ, and positive HetR auto-regulation determine hetR expression fluctuations under nitrogen-rich conditions.",,,5,long_sentence|long_word_dense|hard_word_dense|technical_density,22,156,7.090909090909091,7,0.3181818181818182,10,0.45454545454545453,,,
pilot_n20_v8_factuality_chase,gpt41_mini,rewritten,laysumm_plos_0209,PLOS,209,11,These factors shape gene activity even when development is not triggered.,,,0,technical_density|negation_or_contrast,11,62,5.636363636363637,1,0.09090909090909091,3,0.2727272727272727,,,
pilot_n20_v8_factuality_chase,gpt41_mini,rewritten,laysumm_plos_0209,PLOS,209,12,"The HetR inhibitors PatS and HetN differ in their roles during development, and septal proteins SepJ and FraC/FraD differ in their effects on hetR expression and cell communication.",,,2,long_sentence|very_long_sentence|technical_density,29,151,5.206896551724138,4,0.13793103448275862,4,0.13793103448275862,,,
pilot_n20_v8_factuality_chase,gpt41_mini,rewritten,laysumm_plos_0209,PLOS,209,13,"PatS acts earlier, while HetN and FraC/FraD affect later stages and specific molecular transport.",,,0,,15,81,5.4,0,0.0,2,0.13333333333333333,,,
pilot_n20_v8_factuality_chase,gpt41_mini,rewritten,laysumm_plos_0209,PLOS,209,14,"Activation, inhibition, and cell-cell communication proteins combine with stochastic gene expression to control coupled fluctuations that generate the one-dimensional developmental pattern in Anabaena filaments.",,,5,long_sentence|long_word_dense|hard_word_dense|technical_density,24,183,7.625,8,0.3333333333333333,12,0.5,,,
pilot_n20_v8_factuality_chase,gpt41_mini,rewritten,laysumm_plos_0228,PLOS,228,1,Humans can learn and store multiple visuomotor mappings when feedback for each mapping is provided alternately.,,,0,,16,95,5.9375,2,0.125,4,0.25,,,
pilot_n20_v8_factuality_chase,gpt41_mini,rewritten,laysumm_plos_0228,PLOS,228,2,This process is called dual-adaptation.,,,2,long_word_dense,5,33,6.6,1,0.2,1,0.2,,,
pilot_n20_v8_factuality_chase,gpt41_mini,rewritten,laysumm_plos_0228,PLOS,228,3,Learned context cues allow switching between stored visuomotor mappings.,,,0,,9,63,7.0,1,0.1111111111111111,1,0.1111111111111111,,,
pilot_n20_v8_factuality_chase,gpt41_mini,rewritten,laysumm_plos_0228,PLOS,228,4,Context cues are signals that help select the correct movement pattern.,,,0,,11,60,5.454545454545454,0,0.0,1,0.09090909090909091,,,
pilot_n20_v8_factuality_chase,gpt41_mini,rewritten,laysumm_plos_0228,PLOS,228,5,Little is known about how associative learning between contextual cues and visuomotor mappings generalises to novel but similar conditions.,,,5,long_sentence|long_word_dense|hard_word_dense,19,120,6.315789473684211,5,0.2631578947368421,6,0.3157894736842105,,,
pilot_n20_v8_factuality_chase,gpt41_mini,rewritten,laysumm_plos_0228,PLOS,228,6,Generalisation means applying learned movements to new but related targets.,,,2,hard_word_dense,10,65,6.5,1,0.1,3,0.3,,,
pilot_n20_v8_factuality_chase,gpt41_mini,rewritten,laysumm_plos_0228,PLOS,228,7,Participants performed a rapid target-pointing task with visual feedback offsets that depended on target shape.,,,0,technical_density,15,95,6.333333333333333,2,0.13333333333333333,4,0.26666666666666666,,,
pilot_n20_v8_factuality_chase,gpt41_mini,rewritten,laysumm_plos_0228,PLOS,228,8,Different shapes required different hand movements to hit the targets.,,,2,hard_word_dense,10,60,6.0,0,0.0,4,0.4,,,
pilot_n20_v8_factuality_chase,gpt41_mini,rewritten,laysumm_plos_0228,PLOS,228,9,Target shapes formed a continuous set morphed between spiky and circular shapes.,,,0,,12,68,5.666666666666667,1,0.08333333333333333,2,0.16666666666666666,,,
pilot_n20_v8_factuality_chase,gpt41_mini,rewritten,laysumm_plos_0228,PLOS,228,10,The shape provided a continuous cue for which visuomotor mapping to use.,,,0,,12,60,5.0,2,0.16666666666666666,3,0.25,,,
pilot_n20_v8_factuality_chase,gpt41_mini,rewritten,laysumm_plos_0228,PLOS,228,11,"After training, participants were tested without feedback on novel target shapes not seen before.",,,0,technical_density|negation_or_contrast,14,82,5.857142857142857,1,0.07142857142857142,2,0.14285714285714285,,,
pilot_n20_v8_factuality_chase,gpt41_mini,rewritten,laysumm_plos_0228,PLOS,228,12,This tested whether learning generalized to new shapes.,,,0,,8,47,5.875,1,0.125,1,0.125,,,
pilot_n20_v8_factuality_chase,gpt41_mini,rewritten,laysumm_plos_0228,PLOS,228,13,The study compared explicit linear generalisation with an implicit Bayesian learning model predicting categorisation.,,,4,long_word_dense|hard_word_dense,14,103,7.357142857142857,3,0.21428571428571427,6,0.42857142857142855,,,
pilot_n20_v8_factuality_chase,gpt41_mini,rewritten,laysumm_plos_0228,PLOS,228,14,The Bayesian model predicts using the mapping of the closest trained shape.,,,0,,12,63,5.25,0,0.0,0,0.0,,,
pilot_n20_v8_factuality_chase,gpt41_mini,rewritten,laysumm_plos_0228,PLOS,228,15,"Learning the associations requires explicit awareness, and participants generalise by applying the mapping of the trained shape most similar to the current one.",,,3,long_sentence|hard_word_dense|technical_density,23,136,5.913043478260869,3,0.13043478260869565,7,0.30434782608695654,,,
pilot_n20_v8_factuality_chase,gpt41_mini,rewritten,laysumm_plos_0228,PLOS,228,16,Participants unaware of the shape-mapping link did not learn to adjust their movements.,,,2,hard_word_dense|technical_density|negation_or_contrast,13,73,5.615384615384615,2,0.15384615384615385,4,0.3076923076923077,,,
pilot_n20_v8_factuality_chase,gpt41_mini,rewritten,laysumm_plos_0228,PLOS,228,17,"The Bayesian learning model predicts learning slows down with more training pairs, which was confirmed experimentally.",,,0,,16,101,6.3125,1,0.0625,2,0.125,,,
pilot_n20_v8_factuality_chase,gpt41_mini,rewritten,laysumm_plos_0228,PLOS,228,18,Learning many shape-movement pairs at once causes interference and slows learning.,,,2,long_word_dense|causal_or_inferential,11,70,6.363636363636363,2,0.18181818181818182,2,0.18181818181818182,,,
pilot_n20_v8_factuality_chase,gpt41_mini,rewritten,laysumm_plos_0228,PLOS,228,19,The Bayesian learning model offers a mechanism for simultaneously learning multiple visuomotor mappings.,,,2,hard_word_dense|technical_density,13,91,7.0,2,0.15384615384615385,4,0.3076923076923077,,,
pilot_n20_v8_factuality_chase,gpt41_mini,rewritten,laysumm_plos_0228,PLOS,228,20,This model uses a Mixture-of-Kalman-Filters to track each shape-mapping pair separately.,,,2,long_word_dense,11,73,6.636363636363637,3,0.2727272727272727,3,0.2727272727272727,,,
pilot_n20_v8_factuality_chase,gpt41_mini,rewritten,laysumm_plos_0285,PLOS,285,1,Vertical control and elimination programs focused on neglected tropical diseases can reduce infection prevalence and intensity.,,,2,hard_word_dense,16,111,6.9375,2,0.125,10,0.625,,,
pilot_n20_v8_factuality_chase,gpt41_mini,rewritten,laysumm_plos_0285,PLOS,285,2,Many NTD-endemic countries lack baseline data needed to start or expand control programs.,,,0,,13,75,5.769230769230769,1,0.07692307692307693,2,0.15384615384615385,,,
pilot_n20_v8_factuality_chase,gpt41_mini,rewritten,laysumm_plos_0285,PLOS,285,3,An integrated mapping approach for overlapping NTDs could save resources and improve efficiency.,,,4,long_word_dense|hard_word_dense|hedged,13,83,6.384615384615385,3,0.23076923076923078,5,0.38461538461538464,,,
pilot_n20_v8_factuality_chase,gpt41_mini,rewritten,laysumm_plos_0285,PLOS,285,4,Researchers developed and tested an integrated mapping protocol called Integrated Threshold Mapping for four NTDs.,,,4,long_word_dense|hard_word_dense,15,99,6.6,3,0.2,5,0.3333333333333333,,,
pilot_n20_v8_factuality_chase,gpt41_mini,rewritten,laysumm_plos_0285,PLOS,285,5,"The diseases included lymphatic filariasis, trachoma, schistosomiasis, and soil-transmitted helminths.",,,4,long_word_dense|hard_word_dense,10,88,8.8,3,0.3,7,0.7,,,
pilot_n20_v8_factuality_chase,gpt41_mini,rewritten,laysumm_plos_0285,PLOS,285,6,The ITM protocol is resource-efficient and determines if disease thresholds for public health interventions are met.,,,4,long_word_dense|hard_word_dense|technical_density,16,99,6.1875,4,0.25,5,0.3125,,,
pilot_n20_v8_factuality_chase,gpt41_mini,rewritten,laysumm_plos_0285,PLOS,285,7,It assesses whether an area has reached levels that require health actions.,,,0,,12,63,5.25,0,0.0,2,0.16666666666666666,,,
pilot_n20_v8_factuality_chase,gpt41_mini,rewritten,laysumm_plos_0285,PLOS,285,8,The ITM protocol uses WHO-recommended disease indicators and age groups with adapted sampling for field use.,,,2,hard_word_dense,16,91,5.6875,2,0.125,5,0.3125,,,
pilot_n20_v8_factuality_chase,gpt41_mini,rewritten,laysumm_plos_0285,PLOS,285,9,"For schistosomiasis, sampling was done at the sub-district level instead of ecological zones.",,,2,long_word_dense,13,78,6.0,3,0.23076923076923078,3,0.23076923076923078,,,
pilot_n20_v8_factuality_chase,gpt41_mini,rewritten,laysumm_plos_0285,PLOS,285,10,The ITM protocol was tested against WHO mapping methods in one district each in Mali and Senegal.,,,0,,17,80,4.705882352941177,0,0.0,2,0.11764705882352941,,,
pilot_n20_v8_factuality_chase,gpt41_mini,rewritten,laysumm_plos_0285,PLOS,285,11,"The ITM method agreed with WHO methods on interventions for trachoma, lymphatic filariasis, and soil-transmitted helminths.",,,4,long_word_dense|hard_word_dense|technical_density,16,104,6.5,3,0.1875,5,0.3125,,,
pilot_n20_v8_factuality_chase,gpt41_mini,rewritten,laysumm_plos_0285,PLOS,285,12,"For schistosomiasis, ITM gave more targeted intervention recommendations at the sub-district level.",,,4,long_word_dense|hard_word_dense|technical_density,12,85,7.083333333333333,4,0.3333333333333333,5,0.4166666666666667,,,
pilot_n20_v8_factuality_chase,gpt41_mini,rewritten,laysumm_plos_0285,PLOS,285,13,"The ITM method was practical, feasible, and showed overall cost savings compared to WHO methods.",,,0,,15,79,5.266666666666667,0,0.0,4,0.26666666666666666,,,
pilot_n20_v8_factuality_chase,gpt41_mini,rewritten,laysumm_plos_0285,PLOS,285,14,"ITM used fewer vehicles, smaller teams, and less time in the field in Mali and Senegal.",,,0,,16,69,4.3125,0,0.0,2,0.125,,,
pilot_n20_v8_factuality_chase,gpt41_mini,rewritten,laysumm_plos_0285,PLOS,285,15,This integrated mapping tool could help implement needed NTD programs in endemic countries.,,,0,hedged,13,78,6.0,1,0.07692307692307693,3,0.23076923076923078,,,
pilot_n20_v8_factuality_chase,gpt41_mini,rewritten,laysumm_plos_0457,PLOS,457,1,"Stem cells naturally stay in a special environment called the niche, which is designed to support them.",,,0,,17,85,5.0,1,0.058823529411764705,3,0.17647058823529413,,,
pilot_n20_v8_factuality_chase,gpt41_mini,rewritten,laysumm_plos_0457,PLOS,457,2,"As organs age, fewer stem cells remain in their niche, but the reasons are not well understood.",,,0,negation_or_contrast,17,76,4.470588235294118,1,0.058823529411764705,1,0.058823529411764705,,,
pilot_n20_v8_factuality_chase,gpt41_mini,rewritten,laysumm_plos_0457,PLOS,457,3,"Notch signaling increases with age in Drosophila female germline stem cells, causing their removal from the niche.",,,2,hard_word_dense,17,96,5.647058823529412,1,0.058823529411764705,6,0.35294117647058826,,,
pilot_n20_v8_factuality_chase,gpt41_mini,rewritten,laysumm_plos_0457,PLOS,457,4,"Stem cells with low Notch signaling stick better to the niche by increasing E-cadherin, out-competing neighbors with higher Notch levels.",,,1,long_sentence,20,114,5.7,2,0.1,4,0.2,,,
pilot_n20_v8_factuality_chase,gpt41_mini,rewritten,laysumm_plos_0457,PLOS,457,5,E-cadherin is a molecule that helps cells attach to each other and to their environment.,,,0,,15,72,4.8,1,0.06666666666666667,3,0.2,,,
pilot_n20_v8_factuality_chase,gpt41_mini,rewritten,laysumm_plos_0457,PLOS,457,6,"Increasing Notch signaling in stem cells speeds up their age-related loss from the niche, partly controlled by the gene Sex lethal.",,,1,long_sentence,21,108,5.142857142857143,3,0.14285714285714285,4,0.19047619047619047,,,
pilot_n20_v8_factuality_chase,gpt41_mini,rewritten,laysumm_plos_0457,PLOS,457,7,Blocking Notch signaling in stem cells does not delay their loss with age or affect BMP signaling that supports stem cell renewal.,,,1,long_sentence|negation_or_contrast,22,108,4.909090909090909,0,0.0,3,0.13636363636363635,,,
pilot_n20_v8_factuality_chase,gpt41_mini,rewritten,laysumm_plos_0457,PLOS,457,8,BMP signaling is a pathway that helps stem cells renew themselves.,,,0,,11,55,5.0,1,0.09090909090909091,2,0.18181818181818182,,,
pilot_n20_v8_factuality_chase,gpt41_mini,rewritten,laysumm_plos_0457,PLOS,457,9,"Notch activity decreases with age in niche cells, weakening niche integrity and affecting stem cell retention.",,,2,hard_word_dense,16,93,5.8125,0,0.0,6,0.375,,,
pilot_n20_v8_factuality_chase,gpt41_mini,rewritten,laysumm_plos_0457,PLOS,457,10,Niche cells support stem cells and help keep them attached.,,,0,,10,49,4.9,0,0.0,1,0.1,,,
pilot_n20_v8_factuality_chase,gpt41_mini,rewritten,laysumm_plos_0457,PLOS,457,11,Notch signaling controls stem cell adhesion to the niche during aging and also reduces adhesion in metastatic cancer cells.,,,1,long_sentence,19,104,5.473684210526316,1,0.05263157894736842,5,0.2631578947368421,,,
pilot_n20_v8_factuality_chase,gpt41_mini,rewritten,laysumm_plos_0501,PLOS,501,1,HIV infection cannot currently be cured but can be controlled by combination treatment with multiple anti-retroviral drugs.,,,2,hard_word_dense|negation_or_contrast,17,105,6.176470588235294,3,0.17647058823529413,6,0.35294117647058826,,,
pilot_n20_v8_factuality_chase,gpt41_mini,rewritten,laysumm_plos_0501,PLOS,501,2,"Different viral genotypes occur in virtually every patient, so the best drug combination must be chosen for effective treatment.",,,3,long_sentence|hard_word_dense,19,108,5.684210526315789,1,0.05263157894736842,6,0.3157894736842105,,,
pilot_n20_v8_factuality_chase,gpt41_mini,rewritten,laysumm_plos_0501,PLOS,501,3,Computational models using viral genotypic and clinical phenotypic data can predict optimal treatment regimens for individual HIV patients.,,,2,hard_word_dense,18,121,6.722222222222222,3,0.16666666666666666,7,0.3888888888888889,,,
pilot_n20_v8_factuality_chase,gpt41_mini,rewritten,laysumm_plos_0501,PLOS,501,4,Current models for HIV drug resistance prediction use only viral sequence data and ignore chemical similarity of drugs.,,,2,hard_word_dense|negation_or_contrast,18,101,5.611111111111111,3,0.16666666666666666,6,0.3333333333333333,,,
pilot_n20_v8_factuality_chase,gpt41_mini,rewritten,laysumm_plos_0501,PLOS,501,5,Proteochemometric models combine chemical and protein target properties in a single bioactivity model to improve resistance prediction.,,,4,long_word_dense|hard_word_dense,17,118,6.9411764705882355,5,0.29411764705882354,8,0.47058823529411764,,,
pilot_n20_v8_factuality_chase,gpt41_mini,rewritten,laysumm_plos_0501,PLOS,501,6,Proteochemometric modeling integrates drug chemistry with viral mutations to better capture drug-target interactions.,,,4,long_word_dense|hard_word_dense,13,103,7.923076923076923,4,0.3076923076923077,8,0.6153846153846154,,,
pilot_n20_v8_factuality_chase,gpt41_mini,rewritten,laysumm_plos_0501,PLOS,501,7,"The study used a large clinical database with about 300,000 drug-mutant bioactivity data points across multiple drug classes and thousands of HIV mutants.",,,1,long_sentence|number,24,123,5.125,2,0.08333333333333333,5,0.20833333333333334,,,
pilot_n20_v8_factuality_chase,gpt41_mini,rewritten,laysumm_plos_0501,PLOS,501,8,Proteochemometric models achieved a prediction error below 0.5 Log Fold Change and outperformed previous sequence-only models in resistance classification.,,,5,long_sentence|long_word_dense|hard_word_dense|negation_or_contrast|number,20,132,6.6,6,0.3,7,0.35,,,
pilot_n20_v8_factuality_chase,gpt41_mini,rewritten,laysumm_plos_0501,PLOS,501,9,The models confirmed known and identified previously unpublished resistance-conferring mutations in HIV Reverse Transcriptase and HIV Protease.,,,4,long_word_dense|hard_word_dense,17,125,7.352941176470588,5,0.29411764705882354,9,0.5294117647058824,,,
pilot_n20_v8_factuality_chase,gpt41_mini,rewritten,laysumm_plos_0501,PLOS,501,10,"Applying the models to the public Stanford HIV resistance database resulted in an 84% correct resistance prediction rate, better than previous work.",,,1,long_sentence|causal_or_inferential|number,22,122,5.545454545454546,3,0.13636363636363635,5,0.22727272727272727,,,
pilot_n20_v8_factuality_chase,gpt41_mini,rewritten,laysumm_plos_0501,PLOS,501,11,Proteochemometric models can accurately predict phenotypic resistance from genotypic data even for novel HIV mutants and mixtures.,,,4,long_word_dense|hard_word_dense,17,113,6.647058823529412,4,0.23529411764705882,6,0.35294117647058826,,,
pilot_n20_v8_factuality_chase,gpt41_mini,rewritten,laysumm_plos_0501,PLOS,501,12,An applicability domain was added to inform users about prediction reliability based on sequence similarity and training data density.,,,5,long_sentence|long_word_dense|hard_word_dense,19,115,6.052631578947368,4,0.21052631578947367,6,0.3157894736842105,,,
pilot_n20_v8_factuality_chase,gpt41_mini,rewritten,laysumm_plos_0501,PLOS,501,13,This measure helps indicate when model predictions are more or less trustworthy.,,,2,hard_word_dense,12,68,5.666666666666667,2,0.16666666666666666,4,0.3333333333333333,,,
pilot_n20_v8_factuality_chase,gpt41_mini,rewritten,laysumm_plos_0563,PLOS,563,1,"Staphylococcus aureus expresses cell wall-anchored proteins that mediate adhesion, invasion, and immune evasion, contributing to its virulence.",,,2,hard_word_dense,17,122,7.176470588235294,3,0.17647058823529413,10,0.5882352941176471,,,
pilot_n20_v8_factuality_chase,gpt41_mini,rewritten,laysumm_plos_0563,PLOS,563,2,Clumping factor B (ClfB) helps Staphylococcus aureus stick inside the nose by binding with high affinity to loricrin in the anterior nares.,,,1,long_sentence,22,115,5.2272727272727275,1,0.045454545454545456,5,0.22727272727272727,,,
pilot_n20_v8_factuality_chase,gpt41_mini,rewritten,laysumm_plos_0563,PLOS,563,3,Loricrin is a protein in the skin's outer layer that ClfB binds to during nasal colonization.,,,0,,16,76,4.75,1,0.0625,2,0.125,,,
pilot_n20_v8_factuality_chase,gpt41_mini,rewritten,laysumm_plos_0563,PLOS,563,4,The role of ClfB during skin and soft tissue infection (SSTI) had not been previously investigated.,,,0,negation_or_contrast,16,81,5.0625,2,0.125,3,0.1875,,,
pilot_n20_v8_factuality_chase,gpt41_mini,rewritten,laysumm_plos_0563,PLOS,563,5,This study reveals a novel role for ClfB during Staphylococcus aureus skin and soft tissue infections.,,,0,,16,86,5.375,2,0.125,2,0.125,,,
pilot_n20_v8_factuality_chase,gpt41_mini,rewritten,laysumm_plos_0563,PLOS,563,6,ClfB is crucial for abscess structure and bacterial burden early in skin infection through a specific interaction with loricrin expressed in abscess tissue.,,,3,long_sentence|hard_word_dense,23,133,5.782608695652174,1,0.043478260869565216,7,0.30434782608695654,,,
pilot_n20_v8_factuality_chase,gpt41_mini,rewritten,laysumm_plos_0563,PLOS,563,7,Loricrin is present in the abscess wall and allows ClfB to help bacteria form abscesses and grow early in infection.,,,1,long_sentence,20,96,4.8,0,0.0,4,0.2,,,
pilot_n20_v8_factuality_chase,gpt41_mini,rewritten,laysumm_plos_0563,PLOS,563,8,Vaccination targeting ClfB induces protective humoral and cellular immune responses and protects against Staphylococcus aureus skin infection.,,,2,hard_word_dense,17,125,7.352941176470588,3,0.17647058823529413,10,0.5882352941176471,,,
pilot_n20_v8_factuality_chase,gpt41_mini,rewritten,laysumm_plos_0563,PLOS,563,9,The vaccine triggers antibodies and T cells that reduce abscess size and bacterial burden in infected skin.,,,0,,17,90,5.294117647058823,1,0.058823529411764705,5,0.29411764705882354,,,
pilot_n20_v8_factuality_chase,gpt41_mini,rewritten,laysumm_plos_0563,PLOS,563,10,ClfB is identified as an important antigen for future vaccines against Staphylococcus aureus skin and soft tissue infections.,,,2,hard_word_dense,18,107,5.944444444444445,3,0.16666666666666666,7,0.3888888888888889,,,
pilot_n20_v8_factuality_chase,gpt41_mini,rewritten,laysumm_plos_1116,PLOS,1116,1,Dengue virus (DENV) causes about 100 million symptomatic dengue infections each year.,,,0,causal_or_inferential|number,12,68,5.666666666666667,2,0.16666666666666666,2,0.16666666666666666,,,
pilot_n20_v8_factuality_chase,gpt41_mini,rewritten,laysumm_plos_1116,PLOS,1116,2,DENV infection can cause mild dengue fever (DF) or severe dengue hemorrhagic fever (DHF).,,,0,causal_or_inferential,14,71,5.071428571428571,1,0.07142857142857142,3,0.21428571428571427,,,
pilot_n20_v8_factuality_chase,gpt41_mini,rewritten,laysumm_plos_1116,PLOS,1116,3,The critical phase occurs 5–7 days after fever starts when DHF symptoms usually appear.,,,0,number,15,70,4.666666666666667,0,0.0,2,0.13333333333333333,,,
pilot_n20_v8_factuality_chase,gpt41_mini,rewritten,laysumm_plos_1116,PLOS,1116,4,The reasons why some patients progress from DF to DHF are not well understood.,,,0,negation_or_contrast,14,64,4.571428571428571,1,0.07142857142857142,1,0.07142857142857142,,,
pilot_n20_v8_factuality_chase,gpt41_mini,rewritten,laysumm_plos_1116,PLOS,1116,5,Researchers used mass spectrometry to profile metabolites in blood from adult DF and DHF patients at critical and recovery phases.,,,3,long_sentence|hard_word_dense,20,110,5.5,3,0.15,6,0.3,,,
pilot_n20_v8_factuality_chase,gpt41_mini,rewritten,laysumm_plos_1116,PLOS,1116,6,"Twenty-nine metabolites differed between DF and DHF patients at the critical phase, including bile acids, purines, acylcarnitines, phospholipids, and amino acids.",,,5,long_sentence|long_word_dense|hard_word_dense,21,135,6.428571428571429,4,0.19047619047619047,9,0.42857142857142855,,,
pilot_n20_v8_factuality_chase,gpt41_mini,rewritten,laysumm_plos_1116,PLOS,1116,7,Bile acids were up to fivefold higher in DHF patients than in DF patients and correlated with elevated liver enzymes AST and ALT.,,,1,long_sentence,23,106,4.608695652173913,1,0.043478260869565216,4,0.17391304347826086,,,
pilot_n20_v8_factuality_chase,gpt41_mini,rewritten,laysumm_plos_1116,PLOS,1116,8,Higher bile acid levels indicate liver injury in DHF patients.,,,0,,10,52,5.2,0,0.0,2,0.2,,,
pilot_n20_v8_factuality_chase,gpt41_mini,rewritten,laysumm_plos_1116,PLOS,1116,9,"Uric acid was 1.5 fold lower in DHF patients compared to DF patients, indicating reduced antioxidant defense and increased oxidative stress.",,,3,long_sentence|hard_word_dense|number,22,115,5.2272727272727275,2,0.09090909090909091,7,0.3181818181818182,,,
pilot_n20_v8_factuality_chase,gpt41_mini,rewritten,laysumm_plos_1116,PLOS,1116,10,Uric acid is the most abundant antioxidant in blood.,,,0,,9,43,4.777777777777778,1,0.1111111111111111,2,0.2222222222222222,,,
pilot_n20_v8_factuality_chase,gpt41_mini,rewritten,laysumm_plos_1116,PLOS,1116,11,"At recovery, eight metabolites including the bile acid chenodeoxyglycocholic acid remained altered in DHF patients.",,,2,hard_word_dense,15,99,6.6,2,0.13333333333333333,6,0.4,,,
pilot_n20_v8_factuality_chase,gpt41_mini,rewritten,laysumm_plos_1116,PLOS,1116,12,This shows prolonged liver impact after severe dengue infection.,,,2,hard_word_dense,9,55,6.111111111111111,0,0.0,3,0.3333333333333333,,,
pilot_n20_v8_factuality_chase,gpt41_mini,rewritten,laysumm_plos_1116,PLOS,1116,13,Altered metabolic pathways linked to DHF were identified in both critical and recovery phases.,,,2,hard_word_dense,14,80,5.714285714285714,1,0.07142857142857142,5,0.35714285714285715,,,
pilot_n20_v8_factuality_chase,gpt41_mini,rewritten,laysumm_plos_1116,PLOS,1116,14,These changes provide insights into host-virus interactions and DHF disease mechanisms.,,,4,long_word_dense|hard_word_dense|technical_density,11,75,6.818181818181818,2,0.18181818181818182,5,0.45454545454545453,,,
pilot_n20_v8_factuality_chase,gpt41_mini,rewritten,laysumm_plos_1116,PLOS,1116,15,Some altered metabolic pathways in DHF may serve as potential therapeutic targets.,,,2,hard_word_dense|technical_density|hedged,12,70,5.833333333333333,1,0.08333333333333333,4,0.3333333333333333,,,
pilot_n20_v8_factuality_chase,gpt41_mini,rewritten,laysumm_plos_1309,PLOS,1309,1,The abundance of substrate receptor subunits of Cullin-RING ubiquitin ligases (CRLs) is tightly controlled to maintain the full set of CRLs.,,,3,long_sentence|hard_word_dense,21,116,5.523809523809524,2,0.09523809523809523,8,0.38095238095238093,,,
pilot_n20_v8_factuality_chase,gpt41_mini,rewritten,laysumm_plos_1309,PLOS,1309,2,Substrate receptor subunits help CRLs recognize specific target proteins.,,,2,hard_word_dense,9,64,7.111111111111111,0,0.0,5,0.5555555555555556,,,
pilot_n20_v8_factuality_chase,gpt41_mini,rewritten,laysumm_plos_1309,PLOS,1309,3,"Misregulation of substrate receptor components of CRLs, especially SCF ligases, has been linked to diseases including cancer.",,,2,hard_word_dense|technical_density,17,106,6.235294117647059,3,0.17647058823529413,8,0.47058823529411764,,,
pilot_n20_v8_factuality_chase,gpt41_mini,rewritten,laysumm_plos_1309,PLOS,1309,4,"F-box proteins, the substrate receptors of SCF ligases, are regulated by autocatalytic ubiquitylation followed by proteasome-mediated degradation.",,,4,long_word_dense|hard_word_dense,17,125,7.352941176470588,4,0.23529411764705882,9,0.5294117647058824,,,
pilot_n20_v8_factuality_chase,gpt41_mini,rewritten,laysumm_plos_1309,PLOS,1309,5,Autocatalytic ubiquitylation means F-box proteins tag themselves for destruction by the cell's protein recycling system.,,,4,long_word_dense|hard_word_dense,15,103,6.866666666666666,4,0.26666666666666666,5,0.3333333333333333,,,
pilot_n20_v8_factuality_chase,gpt41_mini,rewritten,laysumm_plos_1309,PLOS,1309,6,A separate degradation pathway acts on the yeast F-box protein Met30 when it is dissociated from Skp1.,,,0,number,17,81,4.764705882352941,2,0.11764705882352941,3,0.17647058823529413,,,
pilot_n20_v8_factuality_chase,gpt41_mini,rewritten,laysumm_plos_1309,PLOS,1309,7,This pathway targets Met30 that is not bound to its usual partner Skp1.,,,0,negation_or_contrast|number,13,55,4.230769230769231,0,0.0,0,0.0,,,
pilot_n20_v8_factuality_chase,gpt41_mini,rewritten,laysumm_plos_1309,PLOS,1309,8,This non-canonical degradation pathway requires the cullin component Cdc53/Cul1 but is independent of Skp1.,,,4,long_word_dense|hard_word_dense|number,15,87,5.8,3,0.2,5,0.3333333333333333,,,
pilot_n20_v8_factuality_chase,gpt41_mini,rewritten,laysumm_plos_1309,PLOS,1309,9,"Cdc53/Cul1 is part of the SCF core, while Skp1 is usually essential but not needed here.",,,0,negation_or_contrast|number,17,66,3.8823529411764706,0,0.0,2,0.11764705882352941,,,
pilot_n20_v8_factuality_chase,gpt41_mini,rewritten,laysumm_plos_1309,PLOS,1309,10,"The pathway involves SCF core components Cdc53, Rbx1, and the ubiquitin conjugating enzyme Cdc34 but does not require Skp1.",,,3,long_sentence|hard_word_dense|negation_or_contrast|number,19,96,5.052631578947368,2,0.10526315789473684,6,0.3157894736842105,,,
pilot_n20_v8_factuality_chase,gpt41_mini,rewritten,laysumm_plos_1309,PLOS,1309,11,"Cdc34 attaches ubiquitin to Met30, marking it for degradation without Skp1 involvement.",,,2,hard_word_dense|negation_or_contrast|number,12,69,5.75,2,0.16666666666666666,4,0.3333333333333333,,,
pilot_n20_v8_factuality_chase,gpt41_mini,rewritten,laysumm_plos_1309,PLOS,1309,12,This Skp1-independent degradation pathway is critical for chromosome stability and defense against heavy metal stress in yeast.,,,2,hard_word_dense|number,17,108,6.352941176470588,3,0.17647058823529413,6,0.35294117647058826,,,
pilot_n20_v8_factuality_chase,gpt41_mini,rewritten,laysumm_plos_1309,PLOS,1309,13,"Heavy metal stress causes Met30 to dissociate from Skp1, triggering this degradation pathway.",,,2,long_word_dense|causal_or_inferential|number,13,76,5.846153846153846,3,0.23076923076923078,3,0.23076923076923078,,,
